{
  "type": "FeatureCollection",
  "features": [
    {
      "type": "Feature",
      "properties": {
        "number": 1,
        "id": "banago-libertad",
        "name": "Banago \u2013 Libertad Loop",
        "color": "#ef6f77",
        "mode": "jeepney",
        "status": "osm_route_relation",
        "distance_km": 13.48,
        "source_url": "https://www.openstreetmap.org/relation/21146076",
        "osm_relations": [
          21146076,
          21146074
        ],
        "attribution": "\u00a9 OpenStreetMap contributors, ODbL",
        "anchors": [
          {
            "id": "banago",
            "name": "Banago",
            "lng": 122.950048,
            "lat": 10.703459
          },
          {
            "id": "sm",
            "name": "Sm",
            "lng": 122.94436,
            "lat": 10.67221
          },
          {
            "id": "libertad",
            "name": "Libertad",
            "lng": 122.950238,
            "lat": 10.659579
          }
        ],
        "return_anchors": [
          {
            "id": "ayala",
            "name": "Ayala",
            "lng": 122.94955,
            "lat": 10.67702
          }
        ]
      },
      "geometry": {
        "type": "LineString",
        "coordinates": [
          [
            122.950048,
            10.703459
          ],
          [
            122.950327,
            10.70256
          ],
          [
            122.950343,
            10.702509
          ],
          [
            122.950534,
            10.701875
          ],
          [
            122.950655,
            10.701479
          ],
          [
            122.950854,
            10.700857
          ],
          [
            122.950885,
            10.700768
          ],
          [
            122.951152,
            10.699944
          ],
          [
            122.951307,
            10.699405
          ],
          [
            122.951408,
            10.699093
          ],
          [
            122.951429,
            10.699023
          ],
          [
            122.951458,
            10.698925
          ],
          [
            122.951743,
            10.697971
          ],
          [
            122.951904,
            10.697459
          ],
          [
            122.951929,
            10.697377
          ],
          [
            122.951995,
            10.697178
          ],
          [
            122.952013,
            10.697118
          ],
          [
            122.952155,
            10.696709
          ],
          [
            122.952325,
            10.69617
          ],
          [
            122.952635,
            10.695209
          ],
          [
            122.952662,
            10.695114
          ],
          [
            122.952765,
            10.694759
          ],
          [
            122.952785,
            10.694687
          ],
          [
            122.952823,
            10.694561
          ],
          [
            122.952923,
            10.694277
          ],
          [
            122.952939,
            10.69424
          ],
          [
            122.952968,
            10.694199
          ],
          [
            122.953026,
            10.694157
          ],
          [
            122.953034,
            10.694132
          ],
          [
            122.953046,
            10.694096
          ],
          [
            122.953087,
            10.69395
          ],
          [
            122.953132,
            10.693773
          ],
          [
            122.953136,
            10.693649
          ],
          [
            122.953132,
            10.693474
          ],
          [
            122.953103,
            10.693225
          ],
          [
            122.953086,
            10.693075
          ],
          [
            122.953046,
            10.692829
          ],
          [
            122.95299,
            10.692504
          ],
          [
            122.952887,
            10.691898
          ],
          [
            122.95271,
            10.691061
          ],
          [
            122.952695,
            10.690996
          ],
          [
            122.952626,
            10.690649
          ],
          [
            122.952588,
            10.690425
          ],
          [
            122.952526,
            10.690104
          ],
          [
            122.952456,
            10.68972
          ],
          [
            122.952413,
            10.689497
          ],
          [
            122.952276,
            10.688811
          ],
          [
            122.952241,
            10.688616
          ],
          [
            122.952207,
            10.688438
          ],
          [
            122.951932,
            10.686985
          ],
          [
            122.951821,
            10.686431
          ],
          [
            122.951382,
            10.685114
          ],
          [
            122.95131,
            10.684904
          ],
          [
            122.951081,
            10.684238
          ],
          [
            122.95087,
            10.683603
          ],
          [
            122.95052,
            10.682607
          ],
          [
            122.950497,
            10.682538
          ],
          [
            122.950466,
            10.682448
          ],
          [
            122.95029,
            10.681933
          ],
          [
            122.950123,
            10.681439
          ],
          [
            122.949925,
            10.680887
          ],
          [
            122.949708,
            10.680271
          ],
          [
            122.949552,
            10.679843
          ],
          [
            122.94944,
            10.67954
          ],
          [
            122.948911,
            10.678125
          ],
          [
            122.948733,
            10.677634
          ],
          [
            122.948711,
            10.677576
          ],
          [
            122.948526,
            10.677062
          ],
          [
            122.948499,
            10.676991
          ],
          [
            122.948451,
            10.676856
          ],
          [
            122.948373,
            10.676641
          ],
          [
            122.948307,
            10.676458
          ],
          [
            122.948282,
            10.676379
          ],
          [
            122.948267,
            10.676297
          ],
          [
            122.948244,
            10.676171
          ],
          [
            122.948216,
            10.675873
          ],
          [
            122.948167,
            10.67522
          ],
          [
            122.948098,
            10.674481
          ],
          [
            122.947976,
            10.673158
          ],
          [
            122.947951,
            10.673039
          ],
          [
            122.947925,
            10.672949
          ],
          [
            122.947811,
            10.672738
          ],
          [
            122.947505,
            10.672293
          ],
          [
            122.947432,
            10.672189
          ],
          [
            122.947384,
            10.672123
          ],
          [
            122.947032,
            10.671608
          ],
          [
            122.946886,
            10.67141
          ],
          [
            122.946573,
            10.670931
          ],
          [
            122.946448,
            10.67074
          ],
          [
            122.946063,
            10.670207
          ],
          [
            122.945253,
            10.670564
          ],
          [
            122.944814,
            10.670743
          ],
          [
            122.9447,
            10.670789
          ],
          [
            122.9436,
            10.671232
          ],
          [
            122.942941,
            10.671497
          ],
          [
            122.942522,
            10.671655
          ],
          [
            122.942335,
            10.671217
          ],
          [
            122.941587,
            10.669451
          ],
          [
            122.941555,
            10.669364
          ],
          [
            122.942098,
            10.669149
          ],
          [
            122.942276,
            10.669083
          ],
          [
            122.943295,
            10.668656
          ],
          [
            122.943463,
            10.668587
          ],
          [
            122.94365,
            10.668505
          ],
          [
            122.943748,
            10.66846
          ],
          [
            122.943866,
            10.668389
          ],
          [
            122.94405,
            10.668281
          ],
          [
            122.944136,
            10.66823
          ],
          [
            122.94421,
            10.668191
          ],
          [
            122.944322,
            10.668141
          ],
          [
            122.944475,
            10.668071
          ],
          [
            122.944319,
            10.667842
          ],
          [
            122.94395,
            10.66733
          ],
          [
            122.943781,
            10.667079
          ],
          [
            122.943738,
            10.66702
          ],
          [
            122.943543,
            10.666725
          ],
          [
            122.943075,
            10.66605
          ],
          [
            122.942586,
            10.665358
          ],
          [
            122.942218,
            10.66551
          ],
          [
            122.942189,
            10.665522
          ],
          [
            122.941734,
            10.665722
          ],
          [
            122.941289,
            10.6659
          ],
          [
            122.94106,
            10.665999
          ],
          [
            122.940857,
            10.666097
          ],
          [
            122.940099,
            10.66514
          ],
          [
            122.940051,
            10.665058
          ],
          [
            122.939724,
            10.664469
          ],
          [
            122.93965,
            10.664324
          ],
          [
            122.93935,
            10.663785
          ],
          [
            122.939037,
            10.663125
          ],
          [
            122.940467,
            10.662355
          ],
          [
            122.941959,
            10.661573
          ],
          [
            122.942317,
            10.661409
          ],
          [
            122.942666,
            10.661259
          ],
          [
            122.942799,
            10.6612
          ],
          [
            122.943263,
            10.660996
          ],
          [
            122.943625,
            10.660837
          ],
          [
            122.944061,
            10.660613
          ],
          [
            122.944862,
            10.660238
          ],
          [
            122.94509,
            10.660128
          ],
          [
            122.94578,
            10.659823
          ],
          [
            122.94615,
            10.659649
          ],
          [
            122.946723,
            10.65938
          ],
          [
            122.947193,
            10.659161
          ],
          [
            122.947331,
            10.659099
          ],
          [
            122.947641,
            10.658941
          ],
          [
            122.947797,
            10.658871
          ],
          [
            122.947932,
            10.658813
          ],
          [
            122.948289,
            10.658656
          ],
          [
            122.948437,
            10.658593
          ],
          [
            122.948914,
            10.658388
          ],
          [
            122.949135,
            10.658287
          ],
          [
            122.949368,
            10.658179
          ],
          [
            122.949681,
            10.658799
          ],
          [
            122.949886,
            10.659205
          ],
          [
            122.950004,
            10.659443
          ],
          [
            122.950137,
            10.659377
          ],
          [
            122.950238,
            10.659579
          ],
          [
            122.950603,
            10.660303
          ],
          [
            122.950732,
            10.660551
          ],
          [
            122.950787,
            10.660646
          ],
          [
            122.950863,
            10.66071
          ],
          [
            122.951016,
            10.660758
          ],
          [
            122.951157,
            10.660798
          ],
          [
            122.951285,
            10.660817
          ],
          [
            122.952072,
            10.660959
          ],
          [
            122.952035,
            10.66102
          ],
          [
            122.951994,
            10.661059
          ],
          [
            122.951931,
            10.661107
          ],
          [
            122.951503,
            10.661317
          ],
          [
            122.951179,
            10.661473
          ],
          [
            122.950805,
            10.661653
          ],
          [
            122.95043,
            10.661836
          ],
          [
            122.950253,
            10.661927
          ],
          [
            122.950006,
            10.662045
          ],
          [
            122.949602,
            10.66224
          ],
          [
            122.949245,
            10.662414
          ],
          [
            122.948864,
            10.662597
          ],
          [
            122.948542,
            10.662766
          ],
          [
            122.947713,
            10.663145
          ],
          [
            122.946506,
            10.663688
          ],
          [
            122.946137,
            10.663855
          ],
          [
            122.945306,
            10.664215
          ],
          [
            122.945031,
            10.664327
          ],
          [
            122.944014,
            10.664763
          ],
          [
            122.944679,
            10.666005
          ],
          [
            122.944751,
            10.66614
          ],
          [
            122.944811,
            10.666258
          ],
          [
            122.94505,
            10.66674
          ],
          [
            122.945137,
            10.666906
          ],
          [
            122.945179,
            10.666989
          ],
          [
            122.945382,
            10.667376
          ],
          [
            122.945464,
            10.667523
          ],
          [
            122.945518,
            10.667627
          ],
          [
            122.945601,
            10.667782
          ],
          [
            122.946129,
            10.668773
          ],
          [
            122.946226,
            10.668733
          ],
          [
            122.946808,
            10.668477
          ],
          [
            122.946839,
            10.668463
          ],
          [
            122.946923,
            10.66848
          ],
          [
            122.946975,
            10.668505
          ],
          [
            122.947008,
            10.668524
          ],
          [
            122.947047,
            10.668568
          ],
          [
            122.947249,
            10.669006
          ],
          [
            122.947302,
            10.669132
          ],
          [
            122.947416,
            10.669383
          ],
          [
            122.947492,
            10.669567
          ],
          [
            122.947564,
            10.669733
          ],
          [
            122.947759,
            10.670147
          ],
          [
            122.948148,
            10.670986
          ],
          [
            122.948207,
            10.671108
          ],
          [
            122.94832,
            10.671356
          ],
          [
            122.948384,
            10.67149
          ],
          [
            122.948433,
            10.671597
          ],
          [
            122.948717,
            10.672212
          ],
          [
            122.948767,
            10.67233
          ],
          [
            122.94883,
            10.672396
          ],
          [
            122.948859,
            10.672451
          ],
          [
            122.948882,
            10.672497
          ],
          [
            122.948946,
            10.672633
          ],
          [
            122.948962,
            10.672664
          ],
          [
            122.949054,
            10.672871
          ],
          [
            122.949182,
            10.673149
          ],
          [
            122.949279,
            10.673372
          ],
          [
            122.94956,
            10.674012
          ],
          [
            122.949595,
            10.674089
          ],
          [
            122.949788,
            10.674523
          ],
          [
            122.949984,
            10.674969
          ],
          [
            122.950008,
            10.675029
          ],
          [
            122.950137,
            10.675331
          ],
          [
            122.95032,
            10.675747
          ],
          [
            122.950323,
            10.675864
          ],
          [
            122.950376,
            10.675987
          ],
          [
            122.950413,
            10.676065
          ],
          [
            122.950605,
            10.676514
          ],
          [
            122.95064,
            10.676598
          ],
          [
            122.950695,
            10.676723
          ],
          [
            122.950854,
            10.677096
          ],
          [
            122.950958,
            10.677346
          ],
          [
            122.950787,
            10.677408
          ],
          [
            122.950421,
            10.67754
          ],
          [
            122.949527,
            10.677884
          ],
          [
            122.949179,
            10.678019
          ],
          [
            122.949048,
            10.678073
          ],
          [
            122.948911,
            10.678125
          ],
          [
            122.94944,
            10.67954
          ],
          [
            122.949552,
            10.679843
          ],
          [
            122.949708,
            10.680271
          ],
          [
            122.949925,
            10.680887
          ],
          [
            122.950123,
            10.681439
          ],
          [
            122.95029,
            10.681933
          ],
          [
            122.950466,
            10.682448
          ],
          [
            122.950497,
            10.682538
          ],
          [
            122.95052,
            10.682607
          ],
          [
            122.95087,
            10.683603
          ],
          [
            122.951081,
            10.684238
          ],
          [
            122.95131,
            10.684904
          ],
          [
            122.951382,
            10.685114
          ],
          [
            122.951821,
            10.686431
          ],
          [
            122.951932,
            10.686985
          ],
          [
            122.952207,
            10.688438
          ],
          [
            122.952241,
            10.688616
          ],
          [
            122.952276,
            10.688811
          ],
          [
            122.952413,
            10.689497
          ],
          [
            122.952456,
            10.68972
          ],
          [
            122.952526,
            10.690104
          ],
          [
            122.952588,
            10.690425
          ],
          [
            122.952626,
            10.690649
          ],
          [
            122.952695,
            10.690996
          ],
          [
            122.95271,
            10.691061
          ],
          [
            122.952887,
            10.691898
          ],
          [
            122.95299,
            10.692504
          ],
          [
            122.953046,
            10.692829
          ],
          [
            122.953086,
            10.693075
          ],
          [
            122.953103,
            10.693225
          ],
          [
            122.953132,
            10.693474
          ],
          [
            122.953136,
            10.693649
          ],
          [
            122.953132,
            10.693773
          ],
          [
            122.953087,
            10.69395
          ],
          [
            122.953046,
            10.694096
          ],
          [
            122.953034,
            10.694132
          ],
          [
            122.953026,
            10.694157
          ],
          [
            122.953043,
            10.694241
          ],
          [
            122.953038,
            10.69429
          ],
          [
            122.952909,
            10.69472
          ],
          [
            122.952747,
            10.695239
          ],
          [
            122.952441,
            10.696204
          ],
          [
            122.952268,
            10.696741
          ],
          [
            122.952133,
            10.697144
          ],
          [
            122.952047,
            10.697416
          ],
          [
            122.95187,
            10.698002
          ],
          [
            122.951561,
            10.69896
          ],
          [
            122.951532,
            10.699054
          ],
          [
            122.95151,
            10.699124
          ],
          [
            122.95148,
            10.699219
          ],
          [
            122.951405,
            10.699436
          ],
          [
            122.950971,
            10.700806
          ],
          [
            122.950758,
            10.70151
          ],
          [
            122.950626,
            10.701902
          ],
          [
            122.95041,
            10.702586
          ],
          [
            122.950378,
            10.702691
          ],
          [
            122.950124,
            10.703485
          ],
          [
            122.950075,
            10.703665
          ],
          [
            122.950064,
            10.703731
          ],
          [
            122.950004,
            10.703713
          ],
          [
            122.950012,
            10.703648
          ],
          [
            122.950048,
            10.703459
          ]
        ]
      }
    },
    {
      "type": "Feature",
      "properties": {
        "number": 2,
        "id": "bata-libertad",
        "name": "Bata \u2013 Libertad Loop",
        "color": "#7667d9",
        "mode": "jeepney",
        "status": "osm_route_relation",
        "distance_km": 15.2,
        "source_url": "https://www.openstreetmap.org/relation/14998328",
        "osm_relations": [
          14998328,
          14998329
        ],
        "attribution": "\u00a9 OpenStreetMap contributors, ODbL",
        "anchors": [
          {
            "id": "bata",
            "name": "Bata",
            "lng": 122.961904,
            "lat": 10.707247
          },
          {
            "id": "lacson_north",
            "name": "Lacson North",
            "lng": 122.963,
            "lat": 10.692
          },
          {
            "id": "ayala",
            "name": "Ayala",
            "lng": 122.94955,
            "lat": 10.67702
          },
          {
            "id": "sm",
            "name": "Sm",
            "lng": 122.94436,
            "lat": 10.67221
          },
          {
            "id": "libertad",
            "name": "Libertad",
            "lng": 122.949944,
            "lat": 10.660595
          }
        ],
        "return_anchors": []
      },
      "geometry": {
        "type": "LineString",
        "coordinates": [
          [
            122.961904,
            10.707247
          ],
          [
            122.962052,
            10.70725
          ],
          [
            122.96211,
            10.707251
          ],
          [
            122.962135,
            10.707213
          ],
          [
            122.96229,
            10.707119
          ],
          [
            122.962288,
            10.706887
          ],
          [
            122.962263,
            10.70662
          ],
          [
            122.962263,
            10.706046
          ],
          [
            122.96226,
            10.705766
          ],
          [
            122.962241,
            10.705036
          ],
          [
            122.962239,
            10.704725
          ],
          [
            122.962226,
            10.704432
          ],
          [
            122.962225,
            10.704153
          ],
          [
            122.962221,
            10.703831
          ],
          [
            122.962214,
            10.703553
          ],
          [
            122.962206,
            10.703273
          ],
          [
            122.962266,
            10.702932
          ],
          [
            122.962259,
            10.702507
          ],
          [
            122.962252,
            10.702388
          ],
          [
            122.962252,
            10.70223
          ],
          [
            122.962251,
            10.702108
          ],
          [
            122.96224,
            10.701671
          ],
          [
            122.962233,
            10.701439
          ],
          [
            122.962232,
            10.701223
          ],
          [
            122.96222,
            10.700788
          ],
          [
            122.962212,
            10.700448
          ],
          [
            122.962209,
            10.700331
          ],
          [
            122.962205,
            10.700096
          ],
          [
            122.962189,
            10.699528
          ],
          [
            122.962188,
            10.699418
          ],
          [
            122.962186,
            10.699255
          ],
          [
            122.962176,
            10.699146
          ],
          [
            122.962155,
            10.698954
          ],
          [
            122.962107,
            10.698626
          ],
          [
            122.96205,
            10.69833
          ],
          [
            122.962029,
            10.69826
          ],
          [
            122.961966,
            10.69802
          ],
          [
            122.961872,
            10.697741
          ],
          [
            122.961764,
            10.697453
          ],
          [
            122.961745,
            10.69741
          ],
          [
            122.961668,
            10.697214
          ],
          [
            122.961585,
            10.697006
          ],
          [
            122.961528,
            10.696862
          ],
          [
            122.961434,
            10.696612
          ],
          [
            122.961324,
            10.69633
          ],
          [
            122.961216,
            10.696053
          ],
          [
            122.961193,
            10.696003
          ],
          [
            122.961169,
            10.69594
          ],
          [
            122.961098,
            10.695766
          ],
          [
            122.960952,
            10.695398
          ],
          [
            122.960845,
            10.695143
          ],
          [
            122.960785,
            10.694984
          ],
          [
            122.960646,
            10.694651
          ],
          [
            122.960602,
            10.694533
          ],
          [
            122.960533,
            10.694345
          ],
          [
            122.960481,
            10.694227
          ],
          [
            122.960315,
            10.69382
          ],
          [
            122.96027,
            10.693712
          ],
          [
            122.96015,
            10.693404
          ],
          [
            122.960095,
            10.693265
          ],
          [
            122.959937,
            10.692883
          ],
          [
            122.959791,
            10.692519
          ],
          [
            122.959706,
            10.69231
          ],
          [
            122.959579,
            10.692007
          ],
          [
            122.95954,
            10.691906
          ],
          [
            122.959498,
            10.691799
          ],
          [
            122.959443,
            10.691671
          ],
          [
            122.95935,
            10.691701
          ],
          [
            122.958794,
            10.690311
          ],
          [
            122.958725,
            10.69012
          ],
          [
            122.95875,
            10.68995
          ],
          [
            122.958691,
            10.689794
          ],
          [
            122.958493,
            10.689305
          ],
          [
            122.958326,
            10.688905
          ],
          [
            122.958239,
            10.688687
          ],
          [
            122.958181,
            10.688526
          ],
          [
            122.958135,
            10.688415
          ],
          [
            122.957922,
            10.687887
          ],
          [
            122.957792,
            10.687575
          ],
          [
            122.957733,
            10.687422
          ],
          [
            122.957596,
            10.687091
          ],
          [
            122.957505,
            10.686878
          ],
          [
            122.957367,
            10.686525
          ],
          [
            122.957297,
            10.686354
          ],
          [
            122.957238,
            10.686214
          ],
          [
            122.957167,
            10.686075
          ],
          [
            122.957145,
            10.686025
          ],
          [
            122.957092,
            10.685896
          ],
          [
            122.956976,
            10.685612
          ],
          [
            122.956942,
            10.685532
          ],
          [
            122.956904,
            10.685445
          ],
          [
            122.956825,
            10.685246
          ],
          [
            122.956805,
            10.685199
          ],
          [
            122.956747,
            10.685064
          ],
          [
            122.956703,
            10.684957
          ],
          [
            122.956608,
            10.684716
          ],
          [
            122.956547,
            10.684567
          ],
          [
            122.956345,
            10.684075
          ],
          [
            122.956322,
            10.68403
          ],
          [
            122.956294,
            10.683975
          ],
          [
            122.956244,
            10.683867
          ],
          [
            122.956178,
            10.683703
          ],
          [
            122.956095,
            10.683516
          ],
          [
            122.955942,
            10.683138
          ],
          [
            122.955888,
            10.683014
          ],
          [
            122.955839,
            10.682896
          ],
          [
            122.95572,
            10.682606
          ],
          [
            122.955691,
            10.682534
          ],
          [
            122.955495,
            10.682058
          ],
          [
            122.955279,
            10.681532
          ],
          [
            122.955024,
            10.680913
          ],
          [
            122.954841,
            10.680468
          ],
          [
            122.954823,
            10.680426
          ],
          [
            122.954648,
            10.679995
          ],
          [
            122.954627,
            10.679949
          ],
          [
            122.954448,
            10.679513
          ],
          [
            122.954428,
            10.679464
          ],
          [
            122.954274,
            10.67909
          ],
          [
            122.954221,
            10.678961
          ],
          [
            122.954188,
            10.678882
          ],
          [
            122.954023,
            10.678485
          ],
          [
            122.953996,
            10.678418
          ],
          [
            122.953813,
            10.677979
          ],
          [
            122.953783,
            10.677907
          ],
          [
            122.95375,
            10.67783
          ],
          [
            122.953672,
            10.677639
          ],
          [
            122.953639,
            10.677564
          ],
          [
            122.953616,
            10.677505
          ],
          [
            122.953537,
            10.677312
          ],
          [
            122.953487,
            10.677194
          ],
          [
            122.953422,
            10.677037
          ],
          [
            122.953369,
            10.676911
          ],
          [
            122.953344,
            10.67685
          ],
          [
            122.953217,
            10.676544
          ],
          [
            122.953185,
            10.676466
          ],
          [
            122.95309,
            10.676503
          ],
          [
            122.952675,
            10.676668
          ],
          [
            122.952175,
            10.676866
          ],
          [
            122.951768,
            10.677029
          ],
          [
            122.951637,
            10.67708
          ],
          [
            122.951122,
            10.677274
          ],
          [
            122.950958,
            10.677346
          ],
          [
            122.950854,
            10.677096
          ],
          [
            122.950695,
            10.676723
          ],
          [
            122.95064,
            10.676598
          ],
          [
            122.950605,
            10.676514
          ],
          [
            122.950413,
            10.676065
          ],
          [
            122.950376,
            10.675987
          ],
          [
            122.950323,
            10.675864
          ],
          [
            122.950257,
            10.675805
          ],
          [
            122.949914,
            10.674999
          ],
          [
            122.949719,
            10.674544
          ],
          [
            122.949526,
            10.674111
          ],
          [
            122.949499,
            10.674047
          ],
          [
            122.949204,
            10.673401
          ],
          [
            122.94915,
            10.673275
          ],
          [
            122.949113,
            10.673182
          ],
          [
            122.94907,
            10.673097
          ],
          [
            122.948986,
            10.672895
          ],
          [
            122.948849,
            10.672591
          ],
          [
            122.948816,
            10.672514
          ],
          [
            122.948785,
            10.672444
          ],
          [
            122.948767,
            10.67233
          ],
          [
            122.948717,
            10.672212
          ],
          [
            122.948433,
            10.671597
          ],
          [
            122.948384,
            10.67149
          ],
          [
            122.94832,
            10.671356
          ],
          [
            122.948207,
            10.671108
          ],
          [
            122.948148,
            10.670986
          ],
          [
            122.947759,
            10.670147
          ],
          [
            122.947564,
            10.669733
          ],
          [
            122.947492,
            10.669567
          ],
          [
            122.946895,
            10.669826
          ],
          [
            122.946656,
            10.669936
          ],
          [
            122.946445,
            10.670032
          ],
          [
            122.946063,
            10.670207
          ],
          [
            122.945253,
            10.670564
          ],
          [
            122.944814,
            10.670743
          ],
          [
            122.9447,
            10.670789
          ],
          [
            122.9436,
            10.671232
          ],
          [
            122.942941,
            10.671497
          ],
          [
            122.942522,
            10.671655
          ],
          [
            122.942335,
            10.671217
          ],
          [
            122.941587,
            10.669451
          ],
          [
            122.941555,
            10.669364
          ],
          [
            122.942098,
            10.669149
          ],
          [
            122.942276,
            10.669083
          ],
          [
            122.943295,
            10.668656
          ],
          [
            122.943463,
            10.668587
          ],
          [
            122.94365,
            10.668505
          ],
          [
            122.943748,
            10.66846
          ],
          [
            122.943866,
            10.668389
          ],
          [
            122.94405,
            10.668281
          ],
          [
            122.944136,
            10.66823
          ],
          [
            122.94421,
            10.668191
          ],
          [
            122.944322,
            10.668141
          ],
          [
            122.944475,
            10.668071
          ],
          [
            122.944319,
            10.667842
          ],
          [
            122.94395,
            10.66733
          ],
          [
            122.943781,
            10.667079
          ],
          [
            122.943738,
            10.66702
          ],
          [
            122.943543,
            10.666725
          ],
          [
            122.944751,
            10.66614
          ],
          [
            122.944679,
            10.666005
          ],
          [
            122.944014,
            10.664763
          ],
          [
            122.943685,
            10.664136
          ],
          [
            122.943399,
            10.663572
          ],
          [
            122.943048,
            10.662866
          ],
          [
            122.942996,
            10.662763
          ],
          [
            122.942959,
            10.66269
          ],
          [
            122.942912,
            10.662598
          ],
          [
            122.942633,
            10.662038
          ],
          [
            122.942529,
            10.661821
          ],
          [
            122.942447,
            10.66166
          ],
          [
            122.942396,
            10.661554
          ],
          [
            122.942317,
            10.661409
          ],
          [
            122.942666,
            10.661259
          ],
          [
            122.942799,
            10.6612
          ],
          [
            122.943263,
            10.660996
          ],
          [
            122.943625,
            10.660837
          ],
          [
            122.944061,
            10.660613
          ],
          [
            122.944862,
            10.660238
          ],
          [
            122.94509,
            10.660128
          ],
          [
            122.94578,
            10.659823
          ],
          [
            122.94615,
            10.659649
          ],
          [
            122.946723,
            10.65938
          ],
          [
            122.947193,
            10.659161
          ],
          [
            122.947331,
            10.659099
          ],
          [
            122.947641,
            10.658941
          ],
          [
            122.947797,
            10.658871
          ],
          [
            122.947932,
            10.658813
          ],
          [
            122.948289,
            10.658656
          ],
          [
            122.948437,
            10.658593
          ],
          [
            122.948914,
            10.658388
          ],
          [
            122.949135,
            10.658287
          ],
          [
            122.949368,
            10.658179
          ],
          [
            122.949549,
            10.658089
          ],
          [
            122.949605,
            10.658079
          ],
          [
            122.949663,
            10.658078
          ],
          [
            122.949728,
            10.658095
          ],
          [
            122.949851,
            10.658134
          ],
          [
            122.950081,
            10.658207
          ],
          [
            122.950347,
            10.658283
          ],
          [
            122.950454,
            10.658304
          ],
          [
            122.950791,
            10.658382
          ],
          [
            122.951016,
            10.658484
          ],
          [
            122.951164,
            10.658558
          ],
          [
            122.951319,
            10.65866
          ],
          [
            122.95147,
            10.658776
          ],
          [
            122.951607,
            10.658897
          ],
          [
            122.952041,
            10.659368
          ],
          [
            122.952336,
            10.659699
          ],
          [
            122.951778,
            10.659897
          ],
          [
            122.950883,
            10.660206
          ],
          [
            122.950603,
            10.660303
          ],
          [
            122.950219,
            10.660482
          ],
          [
            122.949944,
            10.660595
          ],
          [
            122.949838,
            10.660641
          ],
          [
            122.949406,
            10.66083
          ],
          [
            122.949099,
            10.660968
          ],
          [
            122.948993,
            10.661017
          ],
          [
            122.948633,
            10.661179
          ],
          [
            122.948382,
            10.6613
          ],
          [
            122.947973,
            10.661478
          ],
          [
            122.947797,
            10.661558
          ],
          [
            122.947449,
            10.661699
          ],
          [
            122.947321,
            10.661758
          ],
          [
            122.947188,
            10.661818
          ],
          [
            122.945956,
            10.662392
          ],
          [
            122.946011,
            10.662515
          ],
          [
            122.946122,
            10.662783
          ],
          [
            122.946506,
            10.663688
          ],
          [
            122.947054,
            10.665007
          ],
          [
            122.947188,
            10.665344
          ],
          [
            122.94774,
            10.666722
          ],
          [
            122.948197,
            10.667838
          ],
          [
            122.947809,
            10.667983
          ],
          [
            122.947732,
            10.668016
          ],
          [
            122.947401,
            10.668143
          ],
          [
            122.947112,
            10.668254
          ],
          [
            122.947073,
            10.66827
          ],
          [
            122.947058,
            10.668294
          ],
          [
            122.947053,
            10.668312
          ],
          [
            122.947041,
            10.668368
          ],
          [
            122.94704,
            10.668407
          ],
          [
            122.947041,
            10.668461
          ],
          [
            122.94704,
            10.668514
          ],
          [
            122.947047,
            10.668568
          ],
          [
            122.947249,
            10.669006
          ],
          [
            122.947302,
            10.669132
          ],
          [
            122.947416,
            10.669383
          ],
          [
            122.947492,
            10.669567
          ],
          [
            122.947757,
            10.669456
          ],
          [
            122.948577,
            10.669069
          ],
          [
            122.948674,
            10.669025
          ],
          [
            122.949812,
            10.668521
          ],
          [
            122.949895,
            10.668484
          ],
          [
            122.949925,
            10.668563
          ],
          [
            122.95008,
            10.668941
          ],
          [
            122.95026,
            10.669376
          ],
          [
            122.950393,
            10.669699
          ],
          [
            122.950444,
            10.669823
          ],
          [
            122.950488,
            10.669931
          ],
          [
            122.950605,
            10.670215
          ],
          [
            122.950894,
            10.670915
          ],
          [
            122.951028,
            10.671242
          ],
          [
            122.951054,
            10.671303
          ],
          [
            122.951069,
            10.671337
          ],
          [
            122.951117,
            10.671454
          ],
          [
            122.951254,
            10.671789
          ],
          [
            122.951354,
            10.672033
          ],
          [
            122.951412,
            10.672174
          ],
          [
            122.951433,
            10.672224
          ],
          [
            122.951803,
            10.673124
          ],
          [
            122.951845,
            10.673215
          ],
          [
            122.952007,
            10.673618
          ],
          [
            122.952047,
            10.673716
          ],
          [
            122.952092,
            10.673825
          ],
          [
            122.952205,
            10.674098
          ],
          [
            122.952321,
            10.674382
          ],
          [
            122.952404,
            10.674582
          ],
          [
            122.952505,
            10.674828
          ],
          [
            122.952565,
            10.674973
          ],
          [
            122.952601,
            10.67506
          ],
          [
            122.952619,
            10.675105
          ],
          [
            122.952648,
            10.675173
          ],
          [
            122.952783,
            10.675498
          ],
          [
            122.952811,
            10.675566
          ],
          [
            122.952856,
            10.675675
          ],
          [
            122.952889,
            10.675754
          ],
          [
            122.95301,
            10.676046
          ],
          [
            122.953116,
            10.676302
          ],
          [
            122.953185,
            10.676466
          ],
          [
            122.953217,
            10.676544
          ],
          [
            122.953344,
            10.67685
          ],
          [
            122.953369,
            10.676911
          ],
          [
            122.953422,
            10.677037
          ],
          [
            122.953487,
            10.677194
          ],
          [
            122.953537,
            10.677312
          ],
          [
            122.953616,
            10.677505
          ],
          [
            122.953639,
            10.677564
          ],
          [
            122.953672,
            10.677639
          ],
          [
            122.95375,
            10.67783
          ],
          [
            122.953783,
            10.677907
          ],
          [
            122.953813,
            10.677979
          ],
          [
            122.953996,
            10.678418
          ],
          [
            122.954023,
            10.678485
          ],
          [
            122.954188,
            10.678882
          ],
          [
            122.954221,
            10.678961
          ],
          [
            122.954274,
            10.67909
          ],
          [
            122.954428,
            10.679464
          ],
          [
            122.954448,
            10.679513
          ],
          [
            122.954627,
            10.679949
          ],
          [
            122.954648,
            10.679995
          ],
          [
            122.954823,
            10.680426
          ],
          [
            122.954841,
            10.680468
          ],
          [
            122.955024,
            10.680913
          ],
          [
            122.955279,
            10.681532
          ],
          [
            122.955495,
            10.682058
          ],
          [
            122.955691,
            10.682534
          ],
          [
            122.95572,
            10.682606
          ],
          [
            122.955839,
            10.682896
          ],
          [
            122.955888,
            10.683014
          ],
          [
            122.955942,
            10.683138
          ],
          [
            122.956095,
            10.683516
          ],
          [
            122.956178,
            10.683703
          ],
          [
            122.956244,
            10.683867
          ],
          [
            122.956294,
            10.683975
          ],
          [
            122.956322,
            10.68403
          ],
          [
            122.956345,
            10.684075
          ],
          [
            122.956547,
            10.684567
          ],
          [
            122.956608,
            10.684716
          ],
          [
            122.956703,
            10.684957
          ],
          [
            122.956747,
            10.685064
          ],
          [
            122.956805,
            10.685199
          ],
          [
            122.956825,
            10.685246
          ],
          [
            122.956904,
            10.685445
          ],
          [
            122.956942,
            10.685532
          ],
          [
            122.956976,
            10.685612
          ],
          [
            122.957092,
            10.685896
          ],
          [
            122.957145,
            10.686025
          ],
          [
            122.957167,
            10.686075
          ],
          [
            122.957238,
            10.686214
          ],
          [
            122.957297,
            10.686354
          ],
          [
            122.957367,
            10.686525
          ],
          [
            122.957505,
            10.686878
          ],
          [
            122.957596,
            10.687091
          ],
          [
            122.957733,
            10.687422
          ],
          [
            122.957792,
            10.687575
          ],
          [
            122.957922,
            10.687887
          ],
          [
            122.958135,
            10.688415
          ],
          [
            122.958181,
            10.688526
          ],
          [
            122.958239,
            10.688687
          ],
          [
            122.958326,
            10.688905
          ],
          [
            122.958493,
            10.689305
          ],
          [
            122.958691,
            10.689794
          ],
          [
            122.95875,
            10.68995
          ],
          [
            122.958804,
            10.690085
          ],
          [
            122.958897,
            10.690318
          ],
          [
            122.958952,
            10.690459
          ],
          [
            122.959188,
            10.691035
          ],
          [
            122.959232,
            10.691146
          ],
          [
            122.959391,
            10.69153
          ],
          [
            122.959443,
            10.691671
          ],
          [
            122.959498,
            10.691799
          ],
          [
            122.95954,
            10.691906
          ],
          [
            122.959579,
            10.692007
          ],
          [
            122.959706,
            10.69231
          ],
          [
            122.959791,
            10.692519
          ],
          [
            122.959937,
            10.692883
          ],
          [
            122.960095,
            10.693265
          ],
          [
            122.96015,
            10.693404
          ],
          [
            122.96027,
            10.693712
          ],
          [
            122.960315,
            10.69382
          ],
          [
            122.960481,
            10.694227
          ],
          [
            122.960533,
            10.694345
          ],
          [
            122.960602,
            10.694533
          ],
          [
            122.960646,
            10.694651
          ],
          [
            122.960785,
            10.694984
          ],
          [
            122.960845,
            10.695143
          ],
          [
            122.960952,
            10.695398
          ],
          [
            122.961098,
            10.695766
          ],
          [
            122.961169,
            10.69594
          ],
          [
            122.961193,
            10.696003
          ],
          [
            122.961216,
            10.696053
          ],
          [
            122.961324,
            10.69633
          ],
          [
            122.961434,
            10.696612
          ],
          [
            122.961528,
            10.696862
          ],
          [
            122.961585,
            10.697006
          ],
          [
            122.961668,
            10.697214
          ],
          [
            122.961745,
            10.69741
          ],
          [
            122.961764,
            10.697453
          ],
          [
            122.961872,
            10.697741
          ],
          [
            122.961966,
            10.69802
          ],
          [
            122.962029,
            10.69826
          ],
          [
            122.96205,
            10.69833
          ],
          [
            122.962107,
            10.698626
          ],
          [
            122.962155,
            10.698954
          ],
          [
            122.962176,
            10.699146
          ],
          [
            122.962186,
            10.699255
          ],
          [
            122.962188,
            10.699418
          ],
          [
            122.962189,
            10.699528
          ],
          [
            122.962205,
            10.700096
          ],
          [
            122.962209,
            10.700331
          ],
          [
            122.962212,
            10.700448
          ],
          [
            122.96222,
            10.700788
          ],
          [
            122.962232,
            10.701223
          ],
          [
            122.962233,
            10.701439
          ],
          [
            122.96224,
            10.701671
          ],
          [
            122.962251,
            10.702108
          ],
          [
            122.962252,
            10.70223
          ],
          [
            122.962252,
            10.702388
          ],
          [
            122.962259,
            10.702507
          ],
          [
            122.962266,
            10.702932
          ],
          [
            122.96234,
            10.703271
          ],
          [
            122.962352,
            10.703556
          ],
          [
            122.962351,
            10.703829
          ],
          [
            122.962353,
            10.70415
          ],
          [
            122.962365,
            10.704429
          ],
          [
            122.96238,
            10.704718
          ],
          [
            122.96238,
            10.705056
          ],
          [
            122.962394,
            10.705806
          ],
          [
            122.962456,
            10.705836
          ],
          [
            122.962481,
            10.705867
          ],
          [
            122.962483,
            10.706056
          ],
          [
            122.962487,
            10.706227
          ],
          [
            122.962491,
            10.706398
          ],
          [
            122.962495,
            10.70657
          ],
          [
            122.962494,
            10.70673
          ],
          [
            122.962457,
            10.706757
          ],
          [
            122.962411,
            10.706768
          ],
          [
            122.962404,
            10.706878
          ],
          [
            122.962402,
            10.707411
          ],
          [
            122.962394,
            10.707861
          ],
          [
            122.962381,
            10.708103
          ],
          [
            122.962363,
            10.708383
          ],
          [
            122.96233,
            10.708758
          ],
          [
            122.96231,
            10.708963
          ],
          [
            122.962155,
            10.70895
          ],
          [
            122.962179,
            10.708743
          ],
          [
            122.962216,
            10.708369
          ],
          [
            122.962234,
            10.708104
          ],
          [
            122.962251,
            10.707859
          ],
          [
            122.962137,
            10.707853
          ],
          [
            122.961929,
            10.707839
          ],
          [
            122.961822,
            10.707828
          ],
          [
            122.961792,
            10.707817
          ],
          [
            122.961776,
            10.707796
          ],
          [
            122.961776,
            10.707667
          ],
          [
            122.961768,
            10.707488
          ],
          [
            122.961777,
            10.707244
          ]
        ]
      }
    },
    {
      "type": "Feature",
      "properties": {
        "number": 3,
        "id": "northbound-libertad",
        "name": "Northbound Terminal \u2013 Libertad Loop",
        "color": "#36bfa5",
        "mode": "jeepney",
        "status": "osm_route_relation",
        "distance_km": 15.91,
        "source_url": "https://www.openstreetmap.org/relation/21146071",
        "osm_relations": [
          21146071,
          21146072
        ],
        "attribution": "\u00a9 OpenStreetMap contributors, ODbL",
        "anchors": [
          {
            "id": "northbound_terminal",
            "name": "Northbound Terminal",
            "lng": 122.962052,
            "lat": 10.70725
          },
          {
            "id": "lacson_north",
            "name": "Lacson North",
            "lng": 122.963,
            "lat": 10.692
          },
          {
            "id": "ayala",
            "name": "Ayala",
            "lng": 122.94955,
            "lat": 10.67702
          },
          {
            "id": "sm",
            "name": "Sm",
            "lng": 122.94436,
            "lat": 10.67221
          },
          {
            "id": "libertad",
            "name": "Libertad",
            "lng": 122.949944,
            "lat": 10.660595
          }
        ],
        "return_anchors": []
      },
      "geometry": {
        "type": "LineString",
        "coordinates": [
          [
            122.962052,
            10.70725
          ],
          [
            122.96211,
            10.707251
          ],
          [
            122.962135,
            10.707213
          ],
          [
            122.96229,
            10.707119
          ],
          [
            122.962288,
            10.706887
          ],
          [
            122.962263,
            10.70662
          ],
          [
            122.962263,
            10.706046
          ],
          [
            122.96226,
            10.705766
          ],
          [
            122.962241,
            10.705036
          ],
          [
            122.962239,
            10.704725
          ],
          [
            122.962226,
            10.704432
          ],
          [
            122.962225,
            10.704153
          ],
          [
            122.962221,
            10.703831
          ],
          [
            122.962214,
            10.703553
          ],
          [
            122.962206,
            10.703273
          ],
          [
            122.962266,
            10.702932
          ],
          [
            122.962259,
            10.702507
          ],
          [
            122.962252,
            10.702388
          ],
          [
            122.962252,
            10.70223
          ],
          [
            122.962251,
            10.702108
          ],
          [
            122.96224,
            10.701671
          ],
          [
            122.962233,
            10.701439
          ],
          [
            122.962232,
            10.701223
          ],
          [
            122.96222,
            10.700788
          ],
          [
            122.962212,
            10.700448
          ],
          [
            122.962209,
            10.700331
          ],
          [
            122.962205,
            10.700096
          ],
          [
            122.962189,
            10.699528
          ],
          [
            122.962188,
            10.699418
          ],
          [
            122.962186,
            10.699255
          ],
          [
            122.962176,
            10.699146
          ],
          [
            122.962155,
            10.698954
          ],
          [
            122.962107,
            10.698626
          ],
          [
            122.96205,
            10.69833
          ],
          [
            122.962029,
            10.69826
          ],
          [
            122.961966,
            10.69802
          ],
          [
            122.961872,
            10.697741
          ],
          [
            122.961764,
            10.697453
          ],
          [
            122.961745,
            10.69741
          ],
          [
            122.961668,
            10.697214
          ],
          [
            122.961585,
            10.697006
          ],
          [
            122.961528,
            10.696862
          ],
          [
            122.961434,
            10.696612
          ],
          [
            122.961324,
            10.69633
          ],
          [
            122.961216,
            10.696053
          ],
          [
            122.961193,
            10.696003
          ],
          [
            122.961169,
            10.69594
          ],
          [
            122.961098,
            10.695766
          ],
          [
            122.960952,
            10.695398
          ],
          [
            122.960845,
            10.695143
          ],
          [
            122.960785,
            10.694984
          ],
          [
            122.960646,
            10.694651
          ],
          [
            122.960602,
            10.694533
          ],
          [
            122.960533,
            10.694345
          ],
          [
            122.960481,
            10.694227
          ],
          [
            122.960315,
            10.69382
          ],
          [
            122.96027,
            10.693712
          ],
          [
            122.96015,
            10.693404
          ],
          [
            122.960095,
            10.693265
          ],
          [
            122.959937,
            10.692883
          ],
          [
            122.959791,
            10.692519
          ],
          [
            122.959706,
            10.69231
          ],
          [
            122.959579,
            10.692007
          ],
          [
            122.95954,
            10.691906
          ],
          [
            122.959498,
            10.691799
          ],
          [
            122.959443,
            10.691671
          ],
          [
            122.95935,
            10.691701
          ],
          [
            122.958794,
            10.690311
          ],
          [
            122.958725,
            10.69012
          ],
          [
            122.95875,
            10.68995
          ],
          [
            122.958691,
            10.689794
          ],
          [
            122.958493,
            10.689305
          ],
          [
            122.958326,
            10.688905
          ],
          [
            122.958239,
            10.688687
          ],
          [
            122.958181,
            10.688526
          ],
          [
            122.958135,
            10.688415
          ],
          [
            122.957922,
            10.687887
          ],
          [
            122.957792,
            10.687575
          ],
          [
            122.957733,
            10.687422
          ],
          [
            122.957596,
            10.687091
          ],
          [
            122.957505,
            10.686878
          ],
          [
            122.957367,
            10.686525
          ],
          [
            122.957297,
            10.686354
          ],
          [
            122.957238,
            10.686214
          ],
          [
            122.957167,
            10.686075
          ],
          [
            122.957145,
            10.686025
          ],
          [
            122.957092,
            10.685896
          ],
          [
            122.956976,
            10.685612
          ],
          [
            122.956942,
            10.685532
          ],
          [
            122.956904,
            10.685445
          ],
          [
            122.956825,
            10.685246
          ],
          [
            122.956805,
            10.685199
          ],
          [
            122.956747,
            10.685064
          ],
          [
            122.956703,
            10.684957
          ],
          [
            122.956608,
            10.684716
          ],
          [
            122.956547,
            10.684567
          ],
          [
            122.956345,
            10.684075
          ],
          [
            122.956322,
            10.68403
          ],
          [
            122.956294,
            10.683975
          ],
          [
            122.956244,
            10.683867
          ],
          [
            122.956178,
            10.683703
          ],
          [
            122.956095,
            10.683516
          ],
          [
            122.955942,
            10.683138
          ],
          [
            122.955888,
            10.683014
          ],
          [
            122.955839,
            10.682896
          ],
          [
            122.95572,
            10.682606
          ],
          [
            122.955691,
            10.682534
          ],
          [
            122.955495,
            10.682058
          ],
          [
            122.955279,
            10.681532
          ],
          [
            122.955024,
            10.680913
          ],
          [
            122.954841,
            10.680468
          ],
          [
            122.954823,
            10.680426
          ],
          [
            122.954648,
            10.679995
          ],
          [
            122.954627,
            10.679949
          ],
          [
            122.954448,
            10.679513
          ],
          [
            122.954428,
            10.679464
          ],
          [
            122.954274,
            10.67909
          ],
          [
            122.954221,
            10.678961
          ],
          [
            122.954188,
            10.678882
          ],
          [
            122.954023,
            10.678485
          ],
          [
            122.953996,
            10.678418
          ],
          [
            122.953813,
            10.677979
          ],
          [
            122.953783,
            10.677907
          ],
          [
            122.95375,
            10.67783
          ],
          [
            122.953672,
            10.677639
          ],
          [
            122.953639,
            10.677564
          ],
          [
            122.953616,
            10.677505
          ],
          [
            122.953537,
            10.677312
          ],
          [
            122.953487,
            10.677194
          ],
          [
            122.953422,
            10.677037
          ],
          [
            122.953369,
            10.676911
          ],
          [
            122.953344,
            10.67685
          ],
          [
            122.953217,
            10.676544
          ],
          [
            122.953185,
            10.676466
          ],
          [
            122.95309,
            10.676503
          ],
          [
            122.952675,
            10.676668
          ],
          [
            122.952175,
            10.676866
          ],
          [
            122.951768,
            10.677029
          ],
          [
            122.951637,
            10.67708
          ],
          [
            122.951122,
            10.677274
          ],
          [
            122.950958,
            10.677346
          ],
          [
            122.950854,
            10.677096
          ],
          [
            122.950695,
            10.676723
          ],
          [
            122.95064,
            10.676598
          ],
          [
            122.950605,
            10.676514
          ],
          [
            122.950413,
            10.676065
          ],
          [
            122.950376,
            10.675987
          ],
          [
            122.950323,
            10.675864
          ],
          [
            122.950257,
            10.675805
          ],
          [
            122.949914,
            10.674999
          ],
          [
            122.949719,
            10.674544
          ],
          [
            122.949526,
            10.674111
          ],
          [
            122.949499,
            10.674047
          ],
          [
            122.949204,
            10.673401
          ],
          [
            122.94915,
            10.673275
          ],
          [
            122.949113,
            10.673182
          ],
          [
            122.94907,
            10.673097
          ],
          [
            122.948986,
            10.672895
          ],
          [
            122.948849,
            10.672591
          ],
          [
            122.948816,
            10.672514
          ],
          [
            122.948785,
            10.672444
          ],
          [
            122.948767,
            10.67233
          ],
          [
            122.948717,
            10.672212
          ],
          [
            122.948433,
            10.671597
          ],
          [
            122.948384,
            10.67149
          ],
          [
            122.94832,
            10.671356
          ],
          [
            122.948207,
            10.671108
          ],
          [
            122.948148,
            10.670986
          ],
          [
            122.947759,
            10.670147
          ],
          [
            122.947564,
            10.669733
          ],
          [
            122.947492,
            10.669567
          ],
          [
            122.946895,
            10.669826
          ],
          [
            122.946656,
            10.669936
          ],
          [
            122.946445,
            10.670032
          ],
          [
            122.946063,
            10.670207
          ],
          [
            122.945253,
            10.670564
          ],
          [
            122.944814,
            10.670743
          ],
          [
            122.9447,
            10.670789
          ],
          [
            122.9436,
            10.671232
          ],
          [
            122.942941,
            10.671497
          ],
          [
            122.942522,
            10.671655
          ],
          [
            122.942335,
            10.671217
          ],
          [
            122.941587,
            10.669451
          ],
          [
            122.941555,
            10.669364
          ],
          [
            122.942098,
            10.669149
          ],
          [
            122.942276,
            10.669083
          ],
          [
            122.943295,
            10.668656
          ],
          [
            122.943463,
            10.668587
          ],
          [
            122.94365,
            10.668505
          ],
          [
            122.943748,
            10.66846
          ],
          [
            122.943866,
            10.668389
          ],
          [
            122.94405,
            10.668281
          ],
          [
            122.944136,
            10.66823
          ],
          [
            122.94421,
            10.668191
          ],
          [
            122.944322,
            10.668141
          ],
          [
            122.944475,
            10.668071
          ],
          [
            122.944319,
            10.667842
          ],
          [
            122.94395,
            10.66733
          ],
          [
            122.943781,
            10.667079
          ],
          [
            122.943738,
            10.66702
          ],
          [
            122.943543,
            10.666725
          ],
          [
            122.943075,
            10.66605
          ],
          [
            122.942586,
            10.665358
          ],
          [
            122.942218,
            10.66551
          ],
          [
            122.942189,
            10.665522
          ],
          [
            122.941734,
            10.665722
          ],
          [
            122.941289,
            10.6659
          ],
          [
            122.94106,
            10.665999
          ],
          [
            122.940857,
            10.666097
          ],
          [
            122.940099,
            10.66514
          ],
          [
            122.940051,
            10.665058
          ],
          [
            122.939724,
            10.664469
          ],
          [
            122.93965,
            10.664324
          ],
          [
            122.93935,
            10.663785
          ],
          [
            122.939037,
            10.663125
          ],
          [
            122.940467,
            10.662355
          ],
          [
            122.941959,
            10.661573
          ],
          [
            122.942317,
            10.661409
          ],
          [
            122.942666,
            10.661259
          ],
          [
            122.942799,
            10.6612
          ],
          [
            122.943263,
            10.660996
          ],
          [
            122.943625,
            10.660837
          ],
          [
            122.944061,
            10.660613
          ],
          [
            122.944862,
            10.660238
          ],
          [
            122.94509,
            10.660128
          ],
          [
            122.94578,
            10.659823
          ],
          [
            122.94615,
            10.659649
          ],
          [
            122.946723,
            10.65938
          ],
          [
            122.947193,
            10.659161
          ],
          [
            122.947331,
            10.659099
          ],
          [
            122.947641,
            10.658941
          ],
          [
            122.947797,
            10.658871
          ],
          [
            122.947932,
            10.658813
          ],
          [
            122.948289,
            10.658656
          ],
          [
            122.948437,
            10.658593
          ],
          [
            122.948914,
            10.658388
          ],
          [
            122.949135,
            10.658287
          ],
          [
            122.949368,
            10.658179
          ],
          [
            122.949549,
            10.658089
          ],
          [
            122.949605,
            10.658079
          ],
          [
            122.949663,
            10.658078
          ],
          [
            122.949728,
            10.658095
          ],
          [
            122.949851,
            10.658134
          ],
          [
            122.950081,
            10.658207
          ],
          [
            122.950347,
            10.658283
          ],
          [
            122.950454,
            10.658304
          ],
          [
            122.950791,
            10.658382
          ],
          [
            122.951016,
            10.658484
          ],
          [
            122.951164,
            10.658558
          ],
          [
            122.951319,
            10.65866
          ],
          [
            122.95147,
            10.658776
          ],
          [
            122.951607,
            10.658897
          ],
          [
            122.952041,
            10.659368
          ],
          [
            122.952336,
            10.659699
          ],
          [
            122.951778,
            10.659897
          ],
          [
            122.950883,
            10.660206
          ],
          [
            122.950603,
            10.660303
          ],
          [
            122.950219,
            10.660482
          ],
          [
            122.949944,
            10.660595
          ],
          [
            122.949838,
            10.660641
          ],
          [
            122.949406,
            10.66083
          ],
          [
            122.949099,
            10.660968
          ],
          [
            122.948993,
            10.661017
          ],
          [
            122.948633,
            10.661179
          ],
          [
            122.948382,
            10.6613
          ],
          [
            122.947973,
            10.661478
          ],
          [
            122.947797,
            10.661558
          ],
          [
            122.947449,
            10.661699
          ],
          [
            122.947321,
            10.661758
          ],
          [
            122.947188,
            10.661818
          ],
          [
            122.945956,
            10.662392
          ],
          [
            122.945583,
            10.662565
          ],
          [
            122.94536,
            10.662664
          ],
          [
            122.94526,
            10.66271
          ],
          [
            122.944823,
            10.662919
          ],
          [
            122.944479,
            10.663086
          ],
          [
            122.943399,
            10.663572
          ],
          [
            122.943685,
            10.664136
          ],
          [
            122.944014,
            10.664763
          ],
          [
            122.944679,
            10.666005
          ],
          [
            122.944751,
            10.66614
          ],
          [
            122.944811,
            10.666258
          ],
          [
            122.94505,
            10.66674
          ],
          [
            122.945137,
            10.666906
          ],
          [
            122.945179,
            10.666989
          ],
          [
            122.945382,
            10.667376
          ],
          [
            122.945464,
            10.667523
          ],
          [
            122.945518,
            10.667627
          ],
          [
            122.945601,
            10.667782
          ],
          [
            122.946129,
            10.668773
          ],
          [
            122.946226,
            10.668733
          ],
          [
            122.946808,
            10.668477
          ],
          [
            122.946839,
            10.668463
          ],
          [
            122.946923,
            10.66848
          ],
          [
            122.946975,
            10.668505
          ],
          [
            122.947008,
            10.668524
          ],
          [
            122.947047,
            10.668568
          ],
          [
            122.947249,
            10.669006
          ],
          [
            122.947302,
            10.669132
          ],
          [
            122.947416,
            10.669383
          ],
          [
            122.947492,
            10.669567
          ],
          [
            122.947757,
            10.669456
          ],
          [
            122.948577,
            10.669069
          ],
          [
            122.948674,
            10.669025
          ],
          [
            122.949812,
            10.668521
          ],
          [
            122.949895,
            10.668484
          ],
          [
            122.949925,
            10.668563
          ],
          [
            122.95008,
            10.668941
          ],
          [
            122.95026,
            10.669376
          ],
          [
            122.950393,
            10.669699
          ],
          [
            122.950444,
            10.669823
          ],
          [
            122.950488,
            10.669931
          ],
          [
            122.950605,
            10.670215
          ],
          [
            122.950894,
            10.670915
          ],
          [
            122.951028,
            10.671242
          ],
          [
            122.951054,
            10.671303
          ],
          [
            122.951069,
            10.671337
          ],
          [
            122.951117,
            10.671454
          ],
          [
            122.951254,
            10.671789
          ],
          [
            122.951354,
            10.672033
          ],
          [
            122.951412,
            10.672174
          ],
          [
            122.951433,
            10.672224
          ],
          [
            122.951803,
            10.673124
          ],
          [
            122.951845,
            10.673215
          ],
          [
            122.952007,
            10.673618
          ],
          [
            122.952047,
            10.673716
          ],
          [
            122.952092,
            10.673825
          ],
          [
            122.952205,
            10.674098
          ],
          [
            122.952321,
            10.674382
          ],
          [
            122.952404,
            10.674582
          ],
          [
            122.952505,
            10.674828
          ],
          [
            122.952565,
            10.674973
          ],
          [
            122.952601,
            10.67506
          ],
          [
            122.952619,
            10.675105
          ],
          [
            122.952648,
            10.675173
          ],
          [
            122.952783,
            10.675498
          ],
          [
            122.952811,
            10.675566
          ],
          [
            122.952856,
            10.675675
          ],
          [
            122.952889,
            10.675754
          ],
          [
            122.95301,
            10.676046
          ],
          [
            122.953116,
            10.676302
          ],
          [
            122.953185,
            10.676466
          ],
          [
            122.953217,
            10.676544
          ],
          [
            122.953344,
            10.67685
          ],
          [
            122.953369,
            10.676911
          ],
          [
            122.953422,
            10.677037
          ],
          [
            122.953487,
            10.677194
          ],
          [
            122.953537,
            10.677312
          ],
          [
            122.953616,
            10.677505
          ],
          [
            122.953639,
            10.677564
          ],
          [
            122.953672,
            10.677639
          ],
          [
            122.95375,
            10.67783
          ],
          [
            122.953783,
            10.677907
          ],
          [
            122.953813,
            10.677979
          ],
          [
            122.953996,
            10.678418
          ],
          [
            122.954023,
            10.678485
          ],
          [
            122.954188,
            10.678882
          ],
          [
            122.954221,
            10.678961
          ],
          [
            122.954274,
            10.67909
          ],
          [
            122.954428,
            10.679464
          ],
          [
            122.954448,
            10.679513
          ],
          [
            122.954627,
            10.679949
          ],
          [
            122.954648,
            10.679995
          ],
          [
            122.954823,
            10.680426
          ],
          [
            122.954841,
            10.680468
          ],
          [
            122.955024,
            10.680913
          ],
          [
            122.955279,
            10.681532
          ],
          [
            122.955495,
            10.682058
          ],
          [
            122.955691,
            10.682534
          ],
          [
            122.95572,
            10.682606
          ],
          [
            122.955839,
            10.682896
          ],
          [
            122.955888,
            10.683014
          ],
          [
            122.955942,
            10.683138
          ],
          [
            122.956095,
            10.683516
          ],
          [
            122.956178,
            10.683703
          ],
          [
            122.956244,
            10.683867
          ],
          [
            122.956294,
            10.683975
          ],
          [
            122.956322,
            10.68403
          ],
          [
            122.956345,
            10.684075
          ],
          [
            122.956547,
            10.684567
          ],
          [
            122.956608,
            10.684716
          ],
          [
            122.956703,
            10.684957
          ],
          [
            122.956747,
            10.685064
          ],
          [
            122.956805,
            10.685199
          ],
          [
            122.956825,
            10.685246
          ],
          [
            122.956904,
            10.685445
          ],
          [
            122.956942,
            10.685532
          ],
          [
            122.956976,
            10.685612
          ],
          [
            122.957092,
            10.685896
          ],
          [
            122.957145,
            10.686025
          ],
          [
            122.957167,
            10.686075
          ],
          [
            122.957238,
            10.686214
          ],
          [
            122.957297,
            10.686354
          ],
          [
            122.957367,
            10.686525
          ],
          [
            122.957505,
            10.686878
          ],
          [
            122.957596,
            10.687091
          ],
          [
            122.957733,
            10.687422
          ],
          [
            122.957792,
            10.687575
          ],
          [
            122.957922,
            10.687887
          ],
          [
            122.958135,
            10.688415
          ],
          [
            122.958181,
            10.688526
          ],
          [
            122.958239,
            10.688687
          ],
          [
            122.958326,
            10.688905
          ],
          [
            122.958493,
            10.689305
          ],
          [
            122.958691,
            10.689794
          ],
          [
            122.95875,
            10.68995
          ],
          [
            122.958804,
            10.690085
          ],
          [
            122.958897,
            10.690318
          ],
          [
            122.958952,
            10.690459
          ],
          [
            122.959188,
            10.691035
          ],
          [
            122.959232,
            10.691146
          ],
          [
            122.959391,
            10.69153
          ],
          [
            122.959443,
            10.691671
          ],
          [
            122.959498,
            10.691799
          ],
          [
            122.95954,
            10.691906
          ],
          [
            122.959579,
            10.692007
          ],
          [
            122.959706,
            10.69231
          ],
          [
            122.959791,
            10.692519
          ],
          [
            122.959937,
            10.692883
          ],
          [
            122.960095,
            10.693265
          ],
          [
            122.96015,
            10.693404
          ],
          [
            122.96027,
            10.693712
          ],
          [
            122.960315,
            10.69382
          ],
          [
            122.960481,
            10.694227
          ],
          [
            122.960533,
            10.694345
          ],
          [
            122.960602,
            10.694533
          ],
          [
            122.960646,
            10.694651
          ],
          [
            122.960785,
            10.694984
          ],
          [
            122.960845,
            10.695143
          ],
          [
            122.960952,
            10.695398
          ],
          [
            122.961098,
            10.695766
          ],
          [
            122.961169,
            10.69594
          ],
          [
            122.961193,
            10.696003
          ],
          [
            122.961216,
            10.696053
          ],
          [
            122.961324,
            10.69633
          ],
          [
            122.961434,
            10.696612
          ],
          [
            122.961528,
            10.696862
          ],
          [
            122.961585,
            10.697006
          ],
          [
            122.961668,
            10.697214
          ],
          [
            122.961745,
            10.69741
          ],
          [
            122.961764,
            10.697453
          ],
          [
            122.961872,
            10.697741
          ],
          [
            122.961966,
            10.69802
          ],
          [
            122.962029,
            10.69826
          ],
          [
            122.96205,
            10.69833
          ],
          [
            122.962107,
            10.698626
          ],
          [
            122.962155,
            10.698954
          ],
          [
            122.962176,
            10.699146
          ],
          [
            122.962186,
            10.699255
          ],
          [
            122.962188,
            10.699418
          ],
          [
            122.962189,
            10.699528
          ],
          [
            122.962205,
            10.700096
          ],
          [
            122.962209,
            10.700331
          ],
          [
            122.962212,
            10.700448
          ],
          [
            122.96222,
            10.700788
          ],
          [
            122.962232,
            10.701223
          ],
          [
            122.962233,
            10.701439
          ],
          [
            122.96224,
            10.701671
          ],
          [
            122.962251,
            10.702108
          ],
          [
            122.962252,
            10.70223
          ],
          [
            122.962252,
            10.702388
          ],
          [
            122.962259,
            10.702507
          ],
          [
            122.962266,
            10.702932
          ],
          [
            122.96234,
            10.703271
          ],
          [
            122.962352,
            10.703556
          ],
          [
            122.962351,
            10.703829
          ],
          [
            122.962353,
            10.70415
          ],
          [
            122.962365,
            10.704429
          ],
          [
            122.96238,
            10.704718
          ],
          [
            122.96238,
            10.705056
          ],
          [
            122.962394,
            10.705806
          ],
          [
            122.962456,
            10.705836
          ],
          [
            122.962481,
            10.705867
          ],
          [
            122.962483,
            10.706056
          ],
          [
            122.962487,
            10.706227
          ],
          [
            122.962491,
            10.706398
          ],
          [
            122.962495,
            10.70657
          ],
          [
            122.962494,
            10.70673
          ],
          [
            122.962457,
            10.706757
          ],
          [
            122.962411,
            10.706768
          ],
          [
            122.962404,
            10.706878
          ],
          [
            122.962402,
            10.707411
          ],
          [
            122.962394,
            10.707861
          ],
          [
            122.962381,
            10.708103
          ],
          [
            122.962363,
            10.708383
          ],
          [
            122.96233,
            10.708758
          ],
          [
            122.96231,
            10.708963
          ],
          [
            122.962155,
            10.70895
          ],
          [
            122.962179,
            10.708743
          ],
          [
            122.962216,
            10.708369
          ],
          [
            122.962234,
            10.708104
          ],
          [
            122.962251,
            10.707859
          ],
          [
            122.962137,
            10.707853
          ],
          [
            122.961929,
            10.707839
          ],
          [
            122.961822,
            10.707828
          ],
          [
            122.961792,
            10.707817
          ],
          [
            122.961776,
            10.707796
          ],
          [
            122.961776,
            10.707667
          ],
          [
            122.961768,
            10.707488
          ],
          [
            122.961777,
            10.707244
          ],
          [
            122.961904,
            10.707247
          ],
          [
            122.962052,
            10.70725
          ]
        ]
      }
    },
    {
      "type": "Feature",
      "properties": {
        "number": 4,
        "id": "pepsi-bata-bgc",
        "name": "Pepsi \u2013 Bata \u2013 Bacolod Government Center Loop",
        "color": "#64748b",
        "status": "inferred_from_lptrp_anchors",
        "distance_km": 29.46,
        "anchors": [
          {
            "id": "pepsi",
            "name": "Pepsi",
            "lng": 122.96317,
            "lat": 10.70522
          },
          {
            "id": "bata",
            "name": "Bata",
            "lng": 122.97692,
            "lat": 10.70104
          },
          {
            "id": "north_terminal",
            "name": "North Terminal",
            "lng": 122.96312,
            "lat": 10.70655
          },
          {
            "id": "lacson_north",
            "name": "Lacson North",
            "lng": 122.963,
            "lat": 10.692
          },
          {
            "id": "ayala",
            "name": "Ayala",
            "lng": 122.94955,
            "lat": 10.67702
          },
          {
            "id": "burgos_market",
            "name": "Burgos Market",
            "lng": 122.95498,
            "lat": 10.66892
          },
          {
            "id": "bgc",
            "name": "Bgc",
            "lng": 122.96658,
            "lat": 10.65885
          }
        ],
        "return_anchors": [],
        "mode": "jeepney"
      },
      "geometry": {
        "coordinates": [
          [
            122.963584,
            10.704975
          ],
          [
            122.963584,
            10.704975
          ],
          [
            122.963568,
            10.704938
          ],
          [
            122.96359,
            10.70469
          ],
          [
            122.963605,
            10.704527
          ],
          [
            122.963957,
            10.704456
          ],
          [
            122.964297,
            10.704388
          ],
          [
            122.964401,
            10.70437
          ],
          [
            122.964629,
            10.70433
          ],
          [
            122.965093,
            10.704243
          ],
          [
            122.965454,
            10.704176
          ],
          [
            122.965916,
            10.704081
          ],
          [
            122.966537,
            10.703955
          ],
          [
            122.967081,
            10.703833
          ],
          [
            122.967371,
            10.70377
          ],
          [
            122.967443,
            10.703754
          ],
          [
            122.968114,
            10.703614
          ],
          [
            122.968167,
            10.703603
          ],
          [
            122.968325,
            10.703574
          ],
          [
            122.969161,
            10.703397
          ],
          [
            122.969444,
            10.703337
          ],
          [
            122.969912,
            10.703226
          ],
          [
            122.970213,
            10.703164
          ],
          [
            122.970843,
            10.703035
          ],
          [
            122.97102,
            10.702999
          ],
          [
            122.971622,
            10.702875
          ],
          [
            122.971812,
            10.702837
          ],
          [
            122.972036,
            10.702796
          ],
          [
            122.972243,
            10.702759
          ],
          [
            122.972337,
            10.702742
          ],
          [
            122.972438,
            10.702724
          ],
          [
            122.972568,
            10.702701
          ],
          [
            122.972705,
            10.702676
          ],
          [
            122.97334,
            10.702563
          ],
          [
            122.973887,
            10.702465
          ],
          [
            122.974071,
            10.702432
          ],
          [
            122.974244,
            10.702401
          ],
          [
            122.975345,
            10.702194
          ],
          [
            122.976534,
            10.70195
          ],
          [
            122.976661,
            10.701899
          ],
          [
            122.976795,
            10.701823
          ],
          [
            122.976722,
            10.701329
          ],
          [
            122.976667,
            10.701098
          ],
          [
            122.976434,
            10.700119
          ],
          [
            122.976722,
            10.701329
          ],
          [
            122.976795,
            10.701823
          ],
          [
            122.976661,
            10.701899
          ],
          [
            122.976534,
            10.70195
          ],
          [
            122.975345,
            10.702194
          ],
          [
            122.974244,
            10.702401
          ],
          [
            122.974071,
            10.702432
          ],
          [
            122.973887,
            10.702465
          ],
          [
            122.97334,
            10.702563
          ],
          [
            122.972705,
            10.702676
          ],
          [
            122.972568,
            10.702701
          ],
          [
            122.972438,
            10.702724
          ],
          [
            122.972337,
            10.702742
          ],
          [
            122.972243,
            10.702759
          ],
          [
            122.972036,
            10.702796
          ],
          [
            122.971812,
            10.702837
          ],
          [
            122.971622,
            10.702875
          ],
          [
            122.97102,
            10.702999
          ],
          [
            122.970843,
            10.703035
          ],
          [
            122.970213,
            10.703164
          ],
          [
            122.969912,
            10.703226
          ],
          [
            122.969444,
            10.703337
          ],
          [
            122.969161,
            10.703397
          ],
          [
            122.968325,
            10.703574
          ],
          [
            122.968167,
            10.703603
          ],
          [
            122.968114,
            10.703614
          ],
          [
            122.967443,
            10.703754
          ],
          [
            122.967371,
            10.70377
          ],
          [
            122.967081,
            10.703833
          ],
          [
            122.966537,
            10.703955
          ],
          [
            122.965916,
            10.704081
          ],
          [
            122.965454,
            10.704176
          ],
          [
            122.965093,
            10.704243
          ],
          [
            122.964629,
            10.70433
          ],
          [
            122.964401,
            10.70437
          ],
          [
            122.964297,
            10.704388
          ],
          [
            122.963957,
            10.704456
          ],
          [
            122.963605,
            10.704527
          ],
          [
            122.96343,
            10.704564
          ],
          [
            122.963145,
            10.704607
          ],
          [
            122.962883,
            10.704657
          ],
          [
            122.96275,
            10.704683
          ],
          [
            122.962636,
            10.704711
          ],
          [
            122.962499,
            10.704721
          ],
          [
            122.96238,
            10.704718
          ],
          [
            122.96238,
            10.705056
          ],
          [
            122.962394,
            10.705806
          ],
          [
            122.962456,
            10.705836
          ],
          [
            122.962677,
            10.705923
          ],
          [
            122.962878,
            10.705923
          ],
          [
            122.963093,
            10.705922
          ],
          [
            122.963288,
            10.705926
          ],
          [
            122.963284,
            10.706091
          ],
          [
            122.96328,
            10.706551
          ],
          [
            122.963278,
            10.706714
          ],
          [
            122.96326,
            10.706788
          ],
          [
            122.96321,
            10.706844
          ],
          [
            122.963124,
            10.706883
          ],
          [
            122.962862,
            10.70689
          ],
          [
            122.962789,
            10.706878
          ],
          [
            122.962738,
            10.706854
          ],
          [
            122.962634,
            10.706796
          ],
          [
            122.962542,
            10.706767
          ],
          [
            122.962457,
            10.706757
          ],
          [
            122.962411,
            10.706768
          ],
          [
            122.962404,
            10.706878
          ],
          [
            122.962403,
            10.707411
          ],
          [
            122.962394,
            10.707861
          ],
          [
            122.962381,
            10.708103
          ],
          [
            122.962363,
            10.708383
          ],
          [
            122.96233,
            10.708758
          ],
          [
            122.96231,
            10.708963
          ],
          [
            122.962155,
            10.70895
          ],
          [
            122.962179,
            10.708743
          ],
          [
            122.962216,
            10.708369
          ],
          [
            122.962235,
            10.708105
          ],
          [
            122.962251,
            10.707859
          ],
          [
            122.962287,
            10.707395
          ],
          [
            122.96229,
            10.707119
          ],
          [
            122.962288,
            10.706887
          ],
          [
            122.962344,
            10.706591
          ],
          [
            122.962343,
            10.706331
          ],
          [
            122.962338,
            10.706085
          ],
          [
            122.962285,
            10.703624
          ],
          [
            122.962266,
            10.702932
          ],
          [
            122.962259,
            10.702507
          ],
          [
            122.962252,
            10.702388
          ],
          [
            122.962252,
            10.70223
          ],
          [
            122.962251,
            10.702108
          ],
          [
            122.96224,
            10.701671
          ],
          [
            122.962233,
            10.70144
          ],
          [
            122.962232,
            10.701223
          ],
          [
            122.96222,
            10.700788
          ],
          [
            122.962212,
            10.700448
          ],
          [
            122.962209,
            10.700331
          ],
          [
            122.962205,
            10.700096
          ],
          [
            122.96219,
            10.699528
          ],
          [
            122.962188,
            10.699418
          ],
          [
            122.962186,
            10.699255
          ],
          [
            122.962176,
            10.699146
          ],
          [
            122.962155,
            10.698954
          ],
          [
            122.962107,
            10.698626
          ],
          [
            122.96205,
            10.69833
          ],
          [
            122.962029,
            10.69826
          ],
          [
            122.961966,
            10.69802
          ],
          [
            122.961872,
            10.697741
          ],
          [
            122.961764,
            10.697453
          ],
          [
            122.961745,
            10.69741
          ],
          [
            122.961668,
            10.697215
          ],
          [
            122.961585,
            10.697006
          ],
          [
            122.961528,
            10.696862
          ],
          [
            122.961434,
            10.696612
          ],
          [
            122.961324,
            10.69633
          ],
          [
            122.961216,
            10.696053
          ],
          [
            122.961193,
            10.696003
          ],
          [
            122.961169,
            10.69594
          ],
          [
            122.961404,
            10.695851
          ],
          [
            122.962303,
            10.695497
          ],
          [
            122.96244,
            10.695443
          ],
          [
            122.963035,
            10.695197
          ],
          [
            122.963695,
            10.694922
          ],
          [
            122.964108,
            10.694763
          ],
          [
            122.964955,
            10.694435
          ],
          [
            122.96524,
            10.694321
          ],
          [
            122.965148,
            10.694114
          ],
          [
            122.964976,
            10.693744
          ],
          [
            122.96494,
            10.693492
          ],
          [
            122.964947,
            10.693323
          ],
          [
            122.964879,
            10.693139
          ],
          [
            122.964851,
            10.693053
          ],
          [
            122.964766,
            10.692804
          ],
          [
            122.964695,
            10.692568
          ],
          [
            122.964617,
            10.69236
          ],
          [
            122.964536,
            10.692174
          ],
          [
            122.964115,
            10.691149
          ],
          [
            122.96399,
            10.690851
          ],
          [
            122.963881,
            10.690509
          ],
          [
            122.96399,
            10.690851
          ],
          [
            122.964115,
            10.691149
          ],
          [
            122.964259,
            10.691501
          ],
          [
            122.964536,
            10.692174
          ],
          [
            122.964617,
            10.69236
          ],
          [
            122.964695,
            10.692568
          ],
          [
            122.964766,
            10.692804
          ],
          [
            122.964851,
            10.693053
          ],
          [
            122.964879,
            10.693139
          ],
          [
            122.964947,
            10.693323
          ],
          [
            122.96494,
            10.693492
          ],
          [
            122.964976,
            10.693744
          ],
          [
            122.965148,
            10.694114
          ],
          [
            122.96524,
            10.694321
          ],
          [
            122.964955,
            10.694435
          ],
          [
            122.964108,
            10.694763
          ],
          [
            122.963695,
            10.694922
          ],
          [
            122.963035,
            10.695197
          ],
          [
            122.96244,
            10.695443
          ],
          [
            122.962303,
            10.695497
          ],
          [
            122.961404,
            10.695851
          ],
          [
            122.961169,
            10.69594
          ],
          [
            122.961098,
            10.695766
          ],
          [
            122.960952,
            10.695398
          ],
          [
            122.960845,
            10.695143
          ],
          [
            122.960785,
            10.694984
          ],
          [
            122.960646,
            10.694651
          ],
          [
            122.960602,
            10.694533
          ],
          [
            122.960533,
            10.694345
          ],
          [
            122.960481,
            10.694227
          ],
          [
            122.960315,
            10.693821
          ],
          [
            122.960271,
            10.693712
          ],
          [
            122.96015,
            10.693404
          ],
          [
            122.960096,
            10.693265
          ],
          [
            122.959937,
            10.692883
          ],
          [
            122.959791,
            10.69252
          ],
          [
            122.959706,
            10.692311
          ],
          [
            122.959579,
            10.692007
          ],
          [
            122.95954,
            10.691906
          ],
          [
            122.959498,
            10.691799
          ],
          [
            122.959443,
            10.691671
          ],
          [
            122.959391,
            10.69153
          ],
          [
            122.959232,
            10.691146
          ],
          [
            122.959188,
            10.691035
          ],
          [
            122.958953,
            10.690459
          ],
          [
            122.958897,
            10.690318
          ],
          [
            122.958804,
            10.690085
          ],
          [
            122.95875,
            10.68995
          ],
          [
            122.958691,
            10.689794
          ],
          [
            122.958493,
            10.689305
          ],
          [
            122.958326,
            10.688905
          ],
          [
            122.958239,
            10.688687
          ],
          [
            122.958181,
            10.688526
          ],
          [
            122.958135,
            10.688415
          ],
          [
            122.957923,
            10.687887
          ],
          [
            122.957793,
            10.687575
          ],
          [
            122.957733,
            10.687422
          ],
          [
            122.957596,
            10.687092
          ],
          [
            122.957505,
            10.686878
          ],
          [
            122.957367,
            10.686525
          ],
          [
            122.957297,
            10.686354
          ],
          [
            122.957238,
            10.686214
          ],
          [
            122.957167,
            10.686076
          ],
          [
            122.957145,
            10.686025
          ],
          [
            122.957092,
            10.685896
          ],
          [
            122.956977,
            10.685612
          ],
          [
            122.956942,
            10.685532
          ],
          [
            122.956904,
            10.685445
          ],
          [
            122.956825,
            10.685246
          ],
          [
            122.956805,
            10.685199
          ],
          [
            122.956747,
            10.685064
          ],
          [
            122.956703,
            10.684957
          ],
          [
            122.956608,
            10.684716
          ],
          [
            122.956547,
            10.684567
          ],
          [
            122.956345,
            10.684075
          ],
          [
            122.956322,
            10.68403
          ],
          [
            122.956294,
            10.683975
          ],
          [
            122.956244,
            10.683867
          ],
          [
            122.956178,
            10.683703
          ],
          [
            122.956095,
            10.683516
          ],
          [
            122.955942,
            10.683138
          ],
          [
            122.955888,
            10.683014
          ],
          [
            122.955839,
            10.682896
          ],
          [
            122.95572,
            10.682606
          ],
          [
            122.955691,
            10.682534
          ],
          [
            122.955495,
            10.682058
          ],
          [
            122.955279,
            10.681533
          ],
          [
            122.955024,
            10.680913
          ],
          [
            122.954841,
            10.680469
          ],
          [
            122.954823,
            10.680426
          ],
          [
            122.954648,
            10.679995
          ],
          [
            122.954627,
            10.67995
          ],
          [
            122.954448,
            10.679513
          ],
          [
            122.954428,
            10.679464
          ],
          [
            122.954274,
            10.679091
          ],
          [
            122.954221,
            10.678961
          ],
          [
            122.954188,
            10.678882
          ],
          [
            122.954023,
            10.678485
          ],
          [
            122.953996,
            10.678419
          ],
          [
            122.953813,
            10.677979
          ],
          [
            122.953783,
            10.677907
          ],
          [
            122.95375,
            10.67783
          ],
          [
            122.953672,
            10.67764
          ],
          [
            122.953639,
            10.677564
          ],
          [
            122.953616,
            10.677505
          ],
          [
            122.953537,
            10.677312
          ],
          [
            122.953487,
            10.677194
          ],
          [
            122.953422,
            10.677037
          ],
          [
            122.953369,
            10.676911
          ],
          [
            122.953344,
            10.67685
          ],
          [
            122.953217,
            10.676544
          ],
          [
            122.953185,
            10.676466
          ],
          [
            122.95309,
            10.676503
          ],
          [
            122.952675,
            10.676668
          ],
          [
            122.952176,
            10.676866
          ],
          [
            122.951768,
            10.677029
          ],
          [
            122.951637,
            10.67708
          ],
          [
            122.951122,
            10.677274
          ],
          [
            122.950958,
            10.677346
          ],
          [
            122.950787,
            10.677408
          ],
          [
            122.950421,
            10.67754
          ],
          [
            122.949527,
            10.677884
          ],
          [
            122.949179,
            10.678019
          ],
          [
            122.949124,
            10.67787
          ],
          [
            122.949103,
            10.677808
          ],
          [
            122.94909,
            10.677774
          ],
          [
            122.949076,
            10.677731
          ],
          [
            122.949071,
            10.677691
          ],
          [
            122.949077,
            10.677656
          ],
          [
            122.949087,
            10.677631
          ],
          [
            122.949106,
            10.677607
          ],
          [
            122.94913,
            10.677593
          ],
          [
            122.949166,
            10.677582
          ],
          [
            122.949195,
            10.677583
          ],
          [
            122.949228,
            10.677603
          ],
          [
            122.949276,
            10.677595
          ],
          [
            122.949276,
            10.677595
          ],
          [
            122.949228,
            10.677603
          ],
          [
            122.949195,
            10.677583
          ],
          [
            122.949166,
            10.677582
          ],
          [
            122.94913,
            10.677593
          ],
          [
            122.949106,
            10.677607
          ],
          [
            122.949087,
            10.677631
          ],
          [
            122.949077,
            10.677656
          ],
          [
            122.949071,
            10.677691
          ],
          [
            122.949076,
            10.677731
          ],
          [
            122.94909,
            10.677774
          ],
          [
            122.949103,
            10.677808
          ],
          [
            122.949124,
            10.67787
          ],
          [
            122.949179,
            10.678019
          ],
          [
            122.949527,
            10.677884
          ],
          [
            122.950421,
            10.67754
          ],
          [
            122.950787,
            10.677408
          ],
          [
            122.950958,
            10.677346
          ],
          [
            122.951122,
            10.677274
          ],
          [
            122.951637,
            10.67708
          ],
          [
            122.951768,
            10.677029
          ],
          [
            122.952176,
            10.676866
          ],
          [
            122.952675,
            10.676668
          ],
          [
            122.95309,
            10.676503
          ],
          [
            122.953185,
            10.676466
          ],
          [
            122.953116,
            10.676302
          ],
          [
            122.95301,
            10.676046
          ],
          [
            122.952889,
            10.675754
          ],
          [
            122.952856,
            10.675675
          ],
          [
            122.952811,
            10.675566
          ],
          [
            122.952783,
            10.675498
          ],
          [
            122.952648,
            10.675173
          ],
          [
            122.952619,
            10.675105
          ],
          [
            122.952601,
            10.67506
          ],
          [
            122.952565,
            10.674973
          ],
          [
            122.952505,
            10.674828
          ],
          [
            122.952404,
            10.674582
          ],
          [
            122.952321,
            10.674382
          ],
          [
            122.952205,
            10.674099
          ],
          [
            122.952092,
            10.673825
          ],
          [
            122.952047,
            10.673716
          ],
          [
            122.952007,
            10.673618
          ],
          [
            122.951845,
            10.673215
          ],
          [
            122.951803,
            10.673124
          ],
          [
            122.951433,
            10.672224
          ],
          [
            122.951412,
            10.672174
          ],
          [
            122.951354,
            10.672033
          ],
          [
            122.951254,
            10.671789
          ],
          [
            122.951117,
            10.671454
          ],
          [
            122.951069,
            10.671337
          ],
          [
            122.951188,
            10.671288
          ],
          [
            122.952025,
            10.670935
          ],
          [
            122.95208,
            10.67091
          ],
          [
            122.95254,
            10.670712
          ],
          [
            122.952599,
            10.670688
          ],
          [
            122.953091,
            10.670478
          ],
          [
            122.953207,
            10.670426
          ],
          [
            122.953312,
            10.670386
          ],
          [
            122.953374,
            10.670359
          ],
          [
            122.953943,
            10.670119
          ],
          [
            122.954612,
            10.669844
          ],
          [
            122.954712,
            10.669797
          ],
          [
            122.954909,
            10.669707
          ],
          [
            122.954887,
            10.669613
          ],
          [
            122.954646,
            10.669061
          ],
          [
            122.954339,
            10.668357
          ],
          [
            122.955048,
            10.668074
          ],
          [
            122.955554,
            10.669244
          ],
          [
            122.955671,
            10.669379
          ],
          [
            122.955773,
            10.669334
          ],
          [
            122.956072,
            10.669203
          ],
          [
            122.956424,
            10.669052
          ],
          [
            122.956763,
            10.668909
          ],
          [
            122.956887,
            10.668854
          ],
          [
            122.957661,
            10.668527
          ],
          [
            122.957805,
            10.668464
          ],
          [
            122.958493,
            10.668185
          ],
          [
            122.95927,
            10.667834
          ],
          [
            122.95939,
            10.667782
          ],
          [
            122.960187,
            10.667442
          ],
          [
            122.96055,
            10.667286
          ],
          [
            122.96091,
            10.667132
          ],
          [
            122.960977,
            10.667105
          ],
          [
            122.9612,
            10.667008
          ],
          [
            122.961522,
            10.66687
          ],
          [
            122.962212,
            10.666575
          ],
          [
            122.962699,
            10.666369
          ],
          [
            122.963187,
            10.666161
          ],
          [
            122.96333,
            10.666096
          ],
          [
            122.963701,
            10.665937
          ],
          [
            122.963837,
            10.665876
          ],
          [
            122.964172,
            10.665736
          ],
          [
            122.964497,
            10.665597
          ],
          [
            122.964659,
            10.665527
          ],
          [
            122.965149,
            10.665313
          ],
          [
            122.96653,
            10.664729
          ],
          [
            122.96689,
            10.664569
          ],
          [
            122.966928,
            10.664555
          ],
          [
            122.967035,
            10.66451
          ],
          [
            122.967101,
            10.664483
          ],
          [
            122.967214,
            10.664436
          ],
          [
            122.967367,
            10.664373
          ],
          [
            122.967553,
            10.664293
          ],
          [
            122.967701,
            10.664229
          ],
          [
            122.967646,
            10.664106
          ],
          [
            122.967515,
            10.663814
          ],
          [
            122.967496,
            10.66377
          ],
          [
            122.967442,
            10.663651
          ],
          [
            122.967323,
            10.663384
          ],
          [
            122.967154,
            10.663007
          ],
          [
            122.967089,
            10.662862
          ],
          [
            122.96705,
            10.662732
          ],
          [
            122.966938,
            10.662514
          ],
          [
            122.966854,
            10.662352
          ],
          [
            122.966763,
            10.662193
          ],
          [
            122.966659,
            10.662022
          ],
          [
            122.966249,
            10.661364
          ],
          [
            122.96603,
            10.661015
          ],
          [
            122.965893,
            10.660807
          ],
          [
            122.965502,
            10.660183
          ],
          [
            122.965428,
            10.660071
          ],
          [
            122.965366,
            10.659956
          ],
          [
            122.965336,
            10.659875
          ],
          [
            122.965312,
            10.659804
          ],
          [
            122.965289,
            10.659725
          ],
          [
            122.965277,
            10.659646
          ],
          [
            122.965265,
            10.659557
          ],
          [
            122.965263,
            10.659482
          ],
          [
            122.965286,
            10.658741
          ],
          [
            122.965306,
            10.65874
          ],
          [
            122.965343,
            10.658736
          ],
          [
            122.965383,
            10.658721
          ],
          [
            122.965422,
            10.658703
          ],
          [
            122.965771,
            10.658492
          ],
          [
            122.966535,
            10.658007
          ],
          [
            122.966741,
            10.658332
          ],
          [
            122.966758,
            10.658359
          ],
          [
            122.966821,
            10.658461
          ],
          [
            122.966877,
            10.658551
          ],
          [
            122.966924,
            10.658626
          ],
          [
            122.966983,
            10.65872
          ],
          [
            122.967022,
            10.658783
          ],
          [
            122.966749,
            10.658928
          ],
          [
            122.966734,
            10.658948
          ],
          [
            122.966734,
            10.658948
          ],
          [
            122.966737,
            10.658969
          ],
          [
            122.966799,
            10.659086
          ],
          [
            122.966818,
            10.659095
          ],
          [
            122.966841,
            10.659092
          ],
          [
            122.96711,
            10.658925
          ],
          [
            122.967186,
            10.659047
          ],
          [
            122.967235,
            10.659125
          ],
          [
            122.967035,
            10.659246
          ],
          [
            122.966778,
            10.659401
          ],
          [
            122.966465,
            10.659596
          ],
          [
            122.966107,
            10.659806
          ],
          [
            122.966022,
            10.659857
          ],
          [
            122.965502,
            10.660183
          ],
          [
            122.965893,
            10.660807
          ],
          [
            122.96603,
            10.661015
          ],
          [
            122.966249,
            10.661364
          ],
          [
            122.966659,
            10.662022
          ],
          [
            122.966763,
            10.662193
          ],
          [
            122.966854,
            10.662352
          ],
          [
            122.966938,
            10.662514
          ],
          [
            122.96705,
            10.662732
          ],
          [
            122.967089,
            10.662862
          ],
          [
            122.967154,
            10.663007
          ],
          [
            122.967323,
            10.663384
          ],
          [
            122.967442,
            10.663651
          ],
          [
            122.967496,
            10.66377
          ],
          [
            122.967515,
            10.663814
          ],
          [
            122.967646,
            10.664106
          ],
          [
            122.967701,
            10.664229
          ],
          [
            122.967553,
            10.664293
          ],
          [
            122.967367,
            10.664373
          ],
          [
            122.967214,
            10.664436
          ],
          [
            122.967101,
            10.664483
          ],
          [
            122.967035,
            10.66451
          ],
          [
            122.966928,
            10.664555
          ],
          [
            122.96689,
            10.664569
          ],
          [
            122.96653,
            10.664729
          ],
          [
            122.965149,
            10.665313
          ],
          [
            122.964659,
            10.665527
          ],
          [
            122.964497,
            10.665597
          ],
          [
            122.964172,
            10.665736
          ],
          [
            122.963837,
            10.665876
          ],
          [
            122.963701,
            10.665937
          ],
          [
            122.96333,
            10.666096
          ],
          [
            122.963187,
            10.666161
          ],
          [
            122.962699,
            10.666369
          ],
          [
            122.962212,
            10.666575
          ],
          [
            122.961522,
            10.66687
          ],
          [
            122.9612,
            10.667008
          ],
          [
            122.960977,
            10.667105
          ],
          [
            122.96091,
            10.667132
          ],
          [
            122.96055,
            10.667286
          ],
          [
            122.960187,
            10.667442
          ],
          [
            122.95939,
            10.667782
          ],
          [
            122.95927,
            10.667834
          ],
          [
            122.958493,
            10.668185
          ],
          [
            122.957805,
            10.668464
          ],
          [
            122.957661,
            10.668527
          ],
          [
            122.956887,
            10.668854
          ],
          [
            122.956697,
            10.668426
          ],
          [
            122.956512,
            10.668009
          ],
          [
            122.956317,
            10.66757
          ],
          [
            122.955664,
            10.667851
          ],
          [
            122.955481,
            10.66792
          ],
          [
            122.955048,
            10.668074
          ],
          [
            122.954339,
            10.668357
          ],
          [
            122.954646,
            10.669061
          ],
          [
            122.954887,
            10.669613
          ],
          [
            122.954909,
            10.669707
          ],
          [
            122.954712,
            10.669797
          ],
          [
            122.954612,
            10.669844
          ],
          [
            122.953943,
            10.670119
          ],
          [
            122.953374,
            10.670359
          ],
          [
            122.953312,
            10.670386
          ],
          [
            122.953207,
            10.670426
          ],
          [
            122.953091,
            10.670478
          ],
          [
            122.952599,
            10.670688
          ],
          [
            122.95254,
            10.670712
          ],
          [
            122.95208,
            10.67091
          ],
          [
            122.952025,
            10.670935
          ],
          [
            122.951188,
            10.671288
          ],
          [
            122.951069,
            10.671337
          ],
          [
            122.951117,
            10.671454
          ],
          [
            122.951254,
            10.671789
          ],
          [
            122.951354,
            10.672033
          ],
          [
            122.951412,
            10.672174
          ],
          [
            122.951433,
            10.672224
          ],
          [
            122.951803,
            10.673124
          ],
          [
            122.951845,
            10.673215
          ],
          [
            122.952007,
            10.673618
          ],
          [
            122.952047,
            10.673716
          ],
          [
            122.952092,
            10.673825
          ],
          [
            122.952205,
            10.674099
          ],
          [
            122.952321,
            10.674382
          ],
          [
            122.952404,
            10.674582
          ],
          [
            122.952505,
            10.674828
          ],
          [
            122.952565,
            10.674973
          ],
          [
            122.952601,
            10.67506
          ],
          [
            122.952619,
            10.675105
          ],
          [
            122.952648,
            10.675173
          ],
          [
            122.952783,
            10.675498
          ],
          [
            122.952811,
            10.675566
          ],
          [
            122.952856,
            10.675675
          ],
          [
            122.952889,
            10.675754
          ],
          [
            122.95301,
            10.676046
          ],
          [
            122.953116,
            10.676302
          ],
          [
            122.953185,
            10.676466
          ],
          [
            122.95309,
            10.676503
          ],
          [
            122.952675,
            10.676668
          ],
          [
            122.952176,
            10.676866
          ],
          [
            122.951768,
            10.677029
          ],
          [
            122.951637,
            10.67708
          ],
          [
            122.951122,
            10.677274
          ],
          [
            122.950958,
            10.677346
          ],
          [
            122.950787,
            10.677408
          ],
          [
            122.950421,
            10.67754
          ],
          [
            122.949527,
            10.677884
          ],
          [
            122.949179,
            10.678019
          ],
          [
            122.949124,
            10.67787
          ],
          [
            122.949103,
            10.677808
          ],
          [
            122.94909,
            10.677774
          ],
          [
            122.949076,
            10.677731
          ],
          [
            122.949071,
            10.677691
          ],
          [
            122.949077,
            10.677656
          ],
          [
            122.949087,
            10.677631
          ],
          [
            122.949106,
            10.677607
          ],
          [
            122.94913,
            10.677593
          ],
          [
            122.949166,
            10.677582
          ],
          [
            122.949195,
            10.677583
          ],
          [
            122.949228,
            10.677603
          ],
          [
            122.949276,
            10.677595
          ],
          [
            122.949276,
            10.677595
          ],
          [
            122.949228,
            10.677603
          ],
          [
            122.949195,
            10.677583
          ],
          [
            122.949166,
            10.677582
          ],
          [
            122.94913,
            10.677593
          ],
          [
            122.949106,
            10.677607
          ],
          [
            122.949087,
            10.677631
          ],
          [
            122.949077,
            10.677656
          ],
          [
            122.949071,
            10.677691
          ],
          [
            122.949076,
            10.677731
          ],
          [
            122.94909,
            10.677774
          ],
          [
            122.949103,
            10.677808
          ],
          [
            122.949124,
            10.67787
          ],
          [
            122.949179,
            10.678019
          ],
          [
            122.949527,
            10.677884
          ],
          [
            122.950421,
            10.67754
          ],
          [
            122.950787,
            10.677408
          ],
          [
            122.950958,
            10.677346
          ],
          [
            122.951122,
            10.677274
          ],
          [
            122.951637,
            10.67708
          ],
          [
            122.951768,
            10.677029
          ],
          [
            122.952176,
            10.676866
          ],
          [
            122.952675,
            10.676668
          ],
          [
            122.95309,
            10.676503
          ],
          [
            122.953185,
            10.676466
          ],
          [
            122.953217,
            10.676544
          ],
          [
            122.953344,
            10.67685
          ],
          [
            122.953369,
            10.676911
          ],
          [
            122.953422,
            10.677037
          ],
          [
            122.953487,
            10.677194
          ],
          [
            122.953537,
            10.677312
          ],
          [
            122.953616,
            10.677505
          ],
          [
            122.953639,
            10.677564
          ],
          [
            122.953672,
            10.67764
          ],
          [
            122.95375,
            10.67783
          ],
          [
            122.953783,
            10.677907
          ],
          [
            122.953813,
            10.677979
          ],
          [
            122.953996,
            10.678419
          ],
          [
            122.954023,
            10.678485
          ],
          [
            122.954188,
            10.678882
          ],
          [
            122.954221,
            10.678961
          ],
          [
            122.954274,
            10.679091
          ],
          [
            122.954428,
            10.679464
          ],
          [
            122.954448,
            10.679513
          ],
          [
            122.954627,
            10.67995
          ],
          [
            122.954648,
            10.679995
          ],
          [
            122.954823,
            10.680426
          ],
          [
            122.954841,
            10.680469
          ],
          [
            122.955024,
            10.680913
          ],
          [
            122.955279,
            10.681533
          ],
          [
            122.955495,
            10.682058
          ],
          [
            122.955691,
            10.682534
          ],
          [
            122.95572,
            10.682606
          ],
          [
            122.955839,
            10.682896
          ],
          [
            122.955888,
            10.683014
          ],
          [
            122.955942,
            10.683138
          ],
          [
            122.956095,
            10.683516
          ],
          [
            122.956178,
            10.683703
          ],
          [
            122.956244,
            10.683867
          ],
          [
            122.956294,
            10.683975
          ],
          [
            122.956322,
            10.68403
          ],
          [
            122.956345,
            10.684075
          ],
          [
            122.956547,
            10.684567
          ],
          [
            122.956608,
            10.684716
          ],
          [
            122.956703,
            10.684957
          ],
          [
            122.956747,
            10.685064
          ],
          [
            122.956805,
            10.685199
          ],
          [
            122.956825,
            10.685246
          ],
          [
            122.956904,
            10.685445
          ],
          [
            122.956942,
            10.685532
          ],
          [
            122.956977,
            10.685612
          ],
          [
            122.957092,
            10.685896
          ],
          [
            122.957145,
            10.686025
          ],
          [
            122.957167,
            10.686076
          ],
          [
            122.957238,
            10.686214
          ],
          [
            122.957297,
            10.686354
          ],
          [
            122.957367,
            10.686525
          ],
          [
            122.957505,
            10.686878
          ],
          [
            122.957596,
            10.687092
          ],
          [
            122.957733,
            10.687422
          ],
          [
            122.957793,
            10.687575
          ],
          [
            122.957923,
            10.687887
          ],
          [
            122.958135,
            10.688415
          ],
          [
            122.958181,
            10.688526
          ],
          [
            122.958239,
            10.688687
          ],
          [
            122.958326,
            10.688905
          ],
          [
            122.958493,
            10.689305
          ],
          [
            122.958691,
            10.689794
          ],
          [
            122.95875,
            10.68995
          ],
          [
            122.958804,
            10.690085
          ],
          [
            122.958897,
            10.690318
          ],
          [
            122.958953,
            10.690459
          ],
          [
            122.959188,
            10.691035
          ],
          [
            122.959232,
            10.691146
          ],
          [
            122.959391,
            10.69153
          ],
          [
            122.959443,
            10.691671
          ],
          [
            122.959498,
            10.691799
          ],
          [
            122.95954,
            10.691906
          ],
          [
            122.959579,
            10.692007
          ],
          [
            122.959706,
            10.692311
          ],
          [
            122.959791,
            10.69252
          ],
          [
            122.959937,
            10.692883
          ],
          [
            122.960096,
            10.693265
          ],
          [
            122.96015,
            10.693404
          ],
          [
            122.960271,
            10.693712
          ],
          [
            122.960315,
            10.693821
          ],
          [
            122.960481,
            10.694227
          ],
          [
            122.960533,
            10.694345
          ],
          [
            122.960602,
            10.694533
          ],
          [
            122.960646,
            10.694651
          ],
          [
            122.960785,
            10.694984
          ],
          [
            122.960845,
            10.695143
          ],
          [
            122.960952,
            10.695398
          ],
          [
            122.961098,
            10.695766
          ],
          [
            122.961169,
            10.69594
          ],
          [
            122.961404,
            10.695851
          ],
          [
            122.962303,
            10.695497
          ],
          [
            122.96244,
            10.695443
          ],
          [
            122.963035,
            10.695197
          ],
          [
            122.963695,
            10.694922
          ],
          [
            122.964108,
            10.694763
          ],
          [
            122.964955,
            10.694435
          ],
          [
            122.96524,
            10.694321
          ],
          [
            122.965148,
            10.694114
          ],
          [
            122.964976,
            10.693744
          ],
          [
            122.96494,
            10.693492
          ],
          [
            122.964947,
            10.693323
          ],
          [
            122.964879,
            10.693139
          ],
          [
            122.964851,
            10.693053
          ],
          [
            122.964766,
            10.692804
          ],
          [
            122.964695,
            10.692568
          ],
          [
            122.964617,
            10.69236
          ],
          [
            122.964536,
            10.692174
          ],
          [
            122.964115,
            10.691149
          ],
          [
            122.96399,
            10.690851
          ],
          [
            122.963881,
            10.690509
          ],
          [
            122.96399,
            10.690851
          ],
          [
            122.964115,
            10.691149
          ],
          [
            122.964259,
            10.691501
          ],
          [
            122.964536,
            10.692174
          ],
          [
            122.964617,
            10.69236
          ],
          [
            122.964695,
            10.692568
          ],
          [
            122.964766,
            10.692804
          ],
          [
            122.964851,
            10.693053
          ],
          [
            122.964879,
            10.693139
          ],
          [
            122.964947,
            10.693323
          ],
          [
            122.96494,
            10.693492
          ],
          [
            122.964976,
            10.693744
          ],
          [
            122.965148,
            10.694114
          ],
          [
            122.96524,
            10.694321
          ],
          [
            122.964955,
            10.694435
          ],
          [
            122.964108,
            10.694763
          ],
          [
            122.963695,
            10.694922
          ],
          [
            122.963035,
            10.695197
          ],
          [
            122.96244,
            10.695443
          ],
          [
            122.962303,
            10.695497
          ],
          [
            122.961404,
            10.695851
          ],
          [
            122.961169,
            10.69594
          ],
          [
            122.961193,
            10.696003
          ],
          [
            122.961216,
            10.696053
          ],
          [
            122.961324,
            10.69633
          ],
          [
            122.961434,
            10.696612
          ],
          [
            122.961528,
            10.696862
          ],
          [
            122.961585,
            10.697006
          ],
          [
            122.961668,
            10.697215
          ],
          [
            122.961745,
            10.69741
          ],
          [
            122.961764,
            10.697453
          ],
          [
            122.961872,
            10.697741
          ],
          [
            122.961966,
            10.69802
          ],
          [
            122.962029,
            10.69826
          ],
          [
            122.96205,
            10.69833
          ],
          [
            122.962107,
            10.698626
          ],
          [
            122.962155,
            10.698954
          ],
          [
            122.962176,
            10.699146
          ],
          [
            122.962186,
            10.699255
          ],
          [
            122.962188,
            10.699418
          ],
          [
            122.96219,
            10.699528
          ],
          [
            122.962205,
            10.700096
          ],
          [
            122.962209,
            10.700331
          ],
          [
            122.962212,
            10.700448
          ],
          [
            122.96222,
            10.700788
          ],
          [
            122.962232,
            10.701223
          ],
          [
            122.962233,
            10.70144
          ],
          [
            122.96224,
            10.701671
          ],
          [
            122.962251,
            10.702108
          ],
          [
            122.962252,
            10.70223
          ],
          [
            122.962252,
            10.702388
          ],
          [
            122.962259,
            10.702507
          ],
          [
            122.962266,
            10.702932
          ],
          [
            122.96234,
            10.703271
          ],
          [
            122.962352,
            10.703556
          ],
          [
            122.962351,
            10.703829
          ],
          [
            122.962353,
            10.70415
          ],
          [
            122.962365,
            10.70443
          ],
          [
            122.96238,
            10.704718
          ],
          [
            122.96238,
            10.705056
          ],
          [
            122.962394,
            10.705806
          ],
          [
            122.962456,
            10.705836
          ],
          [
            122.962677,
            10.705923
          ],
          [
            122.962878,
            10.705923
          ],
          [
            122.963093,
            10.705922
          ],
          [
            122.963288,
            10.705926
          ],
          [
            122.963284,
            10.706091
          ],
          [
            122.96328,
            10.706551
          ],
          [
            122.963278,
            10.706714
          ],
          [
            122.96326,
            10.706788
          ],
          [
            122.96321,
            10.706844
          ],
          [
            122.963124,
            10.706883
          ],
          [
            122.962862,
            10.70689
          ],
          [
            122.962789,
            10.706878
          ],
          [
            122.962738,
            10.706854
          ],
          [
            122.962634,
            10.706796
          ],
          [
            122.962542,
            10.706767
          ],
          [
            122.962457,
            10.706757
          ],
          [
            122.962411,
            10.706768
          ],
          [
            122.962404,
            10.706878
          ],
          [
            122.962403,
            10.707411
          ],
          [
            122.962394,
            10.707861
          ],
          [
            122.962381,
            10.708103
          ],
          [
            122.962363,
            10.708383
          ],
          [
            122.96233,
            10.708758
          ],
          [
            122.96231,
            10.708963
          ],
          [
            122.962155,
            10.70895
          ],
          [
            122.962179,
            10.708743
          ],
          [
            122.962216,
            10.708369
          ],
          [
            122.962235,
            10.708105
          ],
          [
            122.962251,
            10.707859
          ],
          [
            122.962287,
            10.707395
          ],
          [
            122.96229,
            10.707119
          ],
          [
            122.962288,
            10.706887
          ],
          [
            122.962263,
            10.70662
          ],
          [
            122.962263,
            10.706046
          ],
          [
            122.96226,
            10.705766
          ],
          [
            122.962241,
            10.705036
          ],
          [
            122.962239,
            10.704725
          ],
          [
            122.96238,
            10.704718
          ],
          [
            122.962499,
            10.704721
          ],
          [
            122.962636,
            10.704711
          ],
          [
            122.96275,
            10.704683
          ],
          [
            122.962883,
            10.704657
          ],
          [
            122.963145,
            10.704607
          ],
          [
            122.96343,
            10.704564
          ],
          [
            122.963605,
            10.704527
          ],
          [
            122.963957,
            10.704456
          ],
          [
            122.964297,
            10.704388
          ],
          [
            122.964401,
            10.70437
          ],
          [
            122.964629,
            10.70433
          ],
          [
            122.965093,
            10.704243
          ],
          [
            122.965454,
            10.704176
          ],
          [
            122.965916,
            10.704081
          ],
          [
            122.966537,
            10.703955
          ],
          [
            122.967081,
            10.703833
          ],
          [
            122.967371,
            10.70377
          ],
          [
            122.967443,
            10.703754
          ],
          [
            122.968114,
            10.703614
          ],
          [
            122.968167,
            10.703603
          ],
          [
            122.968325,
            10.703574
          ],
          [
            122.969161,
            10.703397
          ],
          [
            122.969444,
            10.703337
          ],
          [
            122.969912,
            10.703226
          ],
          [
            122.970213,
            10.703164
          ],
          [
            122.970843,
            10.703035
          ],
          [
            122.97102,
            10.702999
          ],
          [
            122.971622,
            10.702875
          ],
          [
            122.971812,
            10.702837
          ],
          [
            122.972036,
            10.702796
          ],
          [
            122.972243,
            10.702759
          ],
          [
            122.972337,
            10.702742
          ],
          [
            122.972438,
            10.702724
          ],
          [
            122.972568,
            10.702701
          ],
          [
            122.972705,
            10.702676
          ],
          [
            122.97334,
            10.702563
          ],
          [
            122.973887,
            10.702465
          ],
          [
            122.974071,
            10.702432
          ],
          [
            122.974244,
            10.702401
          ],
          [
            122.975345,
            10.702194
          ],
          [
            122.976534,
            10.70195
          ],
          [
            122.976661,
            10.701899
          ],
          [
            122.976795,
            10.701823
          ],
          [
            122.976722,
            10.701329
          ],
          [
            122.976667,
            10.701098
          ],
          [
            122.976434,
            10.700119
          ],
          [
            122.976722,
            10.701329
          ],
          [
            122.976795,
            10.701823
          ],
          [
            122.976661,
            10.701899
          ],
          [
            122.976534,
            10.70195
          ],
          [
            122.975345,
            10.702194
          ],
          [
            122.974244,
            10.702401
          ],
          [
            122.974071,
            10.702432
          ],
          [
            122.973887,
            10.702465
          ],
          [
            122.97334,
            10.702563
          ],
          [
            122.972705,
            10.702676
          ],
          [
            122.972568,
            10.702701
          ],
          [
            122.972438,
            10.702724
          ],
          [
            122.972337,
            10.702742
          ],
          [
            122.972243,
            10.702759
          ],
          [
            122.972036,
            10.702796
          ],
          [
            122.971812,
            10.702837
          ],
          [
            122.971622,
            10.702875
          ],
          [
            122.97102,
            10.702999
          ],
          [
            122.970843,
            10.703035
          ],
          [
            122.970213,
            10.703164
          ],
          [
            122.969912,
            10.703226
          ],
          [
            122.969444,
            10.703337
          ],
          [
            122.969161,
            10.703397
          ],
          [
            122.968325,
            10.703574
          ],
          [
            122.968167,
            10.703603
          ],
          [
            122.968114,
            10.703614
          ],
          [
            122.967443,
            10.703754
          ],
          [
            122.967371,
            10.70377
          ],
          [
            122.967081,
            10.703833
          ],
          [
            122.966537,
            10.703955
          ],
          [
            122.965916,
            10.704081
          ],
          [
            122.965454,
            10.704176
          ],
          [
            122.965093,
            10.704243
          ],
          [
            122.964629,
            10.70433
          ],
          [
            122.964401,
            10.70437
          ],
          [
            122.964297,
            10.704388
          ],
          [
            122.963957,
            10.704456
          ],
          [
            122.963605,
            10.704527
          ],
          [
            122.96359,
            10.70469
          ],
          [
            122.963568,
            10.704938
          ],
          [
            122.963584,
            10.704975
          ],
          [
            122.963584,
            10.704975
          ]
        ],
        "type": "LineString"
      }
    },
    {
      "type": "Feature",
      "properties": {
        "number": 5,
        "id": "shopping-northbound",
        "name": "Shopping \u2013 Northbound Terminal Loop",
        "color": "#d2c600",
        "mode": "jeepney",
        "status": "osm_route_relation",
        "distance_km": 11.62,
        "source_url": "https://www.openstreetmap.org/relation/21146073",
        "osm_relations": [
          21146073,
          21146070
        ],
        "attribution": "\u00a9 OpenStreetMap contributors, ODbL",
        "anchors": [
          {
            "id": "shopping",
            "name": "Shopping",
            "lng": 122.957822,
            "lat": 10.670735
          },
          {
            "id": "lacson_north",
            "name": "Lacson North",
            "lng": 122.963,
            "lat": 10.692
          },
          {
            "id": "northbound_terminal",
            "name": "Northbound Terminal",
            "lng": 122.961929,
            "lat": 10.707839
          }
        ],
        "return_anchors": []
      },
      "geometry": {
        "type": "LineString",
        "coordinates": [
          [
            122.957822,
            10.670735
          ],
          [
            122.958231,
            10.670588
          ],
          [
            122.95894,
            10.670337
          ],
          [
            122.959295,
            10.670223
          ],
          [
            122.95939,
            10.670192
          ],
          [
            122.959638,
            10.670769
          ],
          [
            122.959829,
            10.671207
          ],
          [
            122.959935,
            10.67144
          ],
          [
            122.960069,
            10.671768
          ],
          [
            122.96031,
            10.672334
          ],
          [
            122.960767,
            10.673307
          ],
          [
            122.960801,
            10.673396
          ],
          [
            122.96097,
            10.673795
          ],
          [
            122.961071,
            10.674048
          ],
          [
            122.961112,
            10.67415
          ],
          [
            122.961142,
            10.674242
          ],
          [
            122.961177,
            10.674339
          ],
          [
            122.961219,
            10.674512
          ],
          [
            122.961232,
            10.674679
          ],
          [
            122.961268,
            10.674991
          ],
          [
            122.961295,
            10.675183
          ],
          [
            122.961377,
            10.675232
          ],
          [
            122.961308,
            10.675374
          ],
          [
            122.961152,
            10.675687
          ],
          [
            122.960659,
            10.676666
          ],
          [
            122.960604,
            10.676784
          ],
          [
            122.960567,
            10.676856
          ],
          [
            122.960419,
            10.677158
          ],
          [
            122.960312,
            10.677373
          ],
          [
            122.960225,
            10.677579
          ],
          [
            122.960055,
            10.677915
          ],
          [
            122.959863,
            10.678295
          ],
          [
            122.959692,
            10.678648
          ],
          [
            122.959657,
            10.678711
          ],
          [
            122.959465,
            10.679094
          ],
          [
            122.959386,
            10.679242
          ],
          [
            122.959372,
            10.67927
          ],
          [
            122.959364,
            10.679286
          ],
          [
            122.959206,
            10.679597
          ],
          [
            122.959193,
            10.679622
          ],
          [
            122.95918,
            10.679649
          ],
          [
            122.959039,
            10.679918
          ],
          [
            122.958875,
            10.680251
          ],
          [
            122.958658,
            10.680684
          ],
          [
            122.958394,
            10.681206
          ],
          [
            122.958057,
            10.681873
          ],
          [
            122.957867,
            10.682242
          ],
          [
            122.957833,
            10.682309
          ],
          [
            122.957635,
            10.682696
          ],
          [
            122.95742,
            10.683116
          ],
          [
            122.957402,
            10.683152
          ],
          [
            122.957317,
            10.683316
          ],
          [
            122.957223,
            10.683482
          ],
          [
            122.957172,
            10.683558
          ],
          [
            122.957114,
            10.683634
          ],
          [
            122.957067,
            10.683685
          ],
          [
            122.957015,
            10.683735
          ],
          [
            122.956915,
            10.683814
          ],
          [
            122.95686,
            10.683854
          ],
          [
            122.956802,
            10.683889
          ],
          [
            122.956698,
            10.683938
          ],
          [
            122.956499,
            10.684015
          ],
          [
            122.956416,
            10.684046
          ],
          [
            122.956322,
            10.68403
          ],
          [
            122.956345,
            10.684075
          ],
          [
            122.956416,
            10.684046
          ],
          [
            122.956499,
            10.684015
          ],
          [
            122.956698,
            10.683938
          ],
          [
            122.956801,
            10.683889
          ],
          [
            122.95686,
            10.683853
          ],
          [
            122.956915,
            10.683814
          ],
          [
            122.957015,
            10.683735
          ],
          [
            122.957067,
            10.683685
          ],
          [
            122.957114,
            10.683634
          ],
          [
            122.957172,
            10.683558
          ],
          [
            122.957223,
            10.683482
          ],
          [
            122.957317,
            10.683316
          ],
          [
            122.957402,
            10.683152
          ],
          [
            122.957317,
            10.683316
          ],
          [
            122.957223,
            10.683482
          ],
          [
            122.957172,
            10.683558
          ],
          [
            122.957114,
            10.683634
          ],
          [
            122.957067,
            10.683685
          ],
          [
            122.957015,
            10.683735
          ],
          [
            122.956915,
            10.683814
          ],
          [
            122.95686,
            10.683854
          ],
          [
            122.956802,
            10.683889
          ],
          [
            122.956698,
            10.683938
          ],
          [
            122.956499,
            10.684015
          ],
          [
            122.956416,
            10.684046
          ],
          [
            122.956322,
            10.68403
          ],
          [
            122.956345,
            10.684075
          ],
          [
            122.956345,
            10.684075
          ],
          [
            122.956547,
            10.684567
          ],
          [
            122.956608,
            10.684716
          ],
          [
            122.956703,
            10.684957
          ],
          [
            122.956747,
            10.685064
          ],
          [
            122.956805,
            10.685199
          ],
          [
            122.956825,
            10.685246
          ],
          [
            122.956904,
            10.685445
          ],
          [
            122.956942,
            10.685532
          ],
          [
            122.956976,
            10.685612
          ],
          [
            122.957092,
            10.685896
          ],
          [
            122.957145,
            10.686025
          ],
          [
            122.957167,
            10.686075
          ],
          [
            122.957238,
            10.686214
          ],
          [
            122.957297,
            10.686354
          ],
          [
            122.957367,
            10.686525
          ],
          [
            122.957505,
            10.686878
          ],
          [
            122.957596,
            10.687091
          ],
          [
            122.957733,
            10.687422
          ],
          [
            122.957792,
            10.687575
          ],
          [
            122.957922,
            10.687887
          ],
          [
            122.958135,
            10.688415
          ],
          [
            122.958181,
            10.688526
          ],
          [
            122.958239,
            10.688687
          ],
          [
            122.958326,
            10.688905
          ],
          [
            122.958493,
            10.689305
          ],
          [
            122.958691,
            10.689794
          ],
          [
            122.95875,
            10.68995
          ],
          [
            122.958804,
            10.690085
          ],
          [
            122.958897,
            10.690318
          ],
          [
            122.958952,
            10.690459
          ],
          [
            122.959188,
            10.691035
          ],
          [
            122.959232,
            10.691146
          ],
          [
            122.959391,
            10.69153
          ],
          [
            122.959443,
            10.691671
          ],
          [
            122.959498,
            10.691799
          ],
          [
            122.95954,
            10.691906
          ],
          [
            122.959579,
            10.692007
          ],
          [
            122.959706,
            10.69231
          ],
          [
            122.959791,
            10.692519
          ],
          [
            122.959937,
            10.692883
          ],
          [
            122.960095,
            10.693265
          ],
          [
            122.96015,
            10.693404
          ],
          [
            122.96027,
            10.693712
          ],
          [
            122.960315,
            10.69382
          ],
          [
            122.960481,
            10.694227
          ],
          [
            122.960533,
            10.694345
          ],
          [
            122.960602,
            10.694533
          ],
          [
            122.960646,
            10.694651
          ],
          [
            122.960785,
            10.694984
          ],
          [
            122.960845,
            10.695143
          ],
          [
            122.960952,
            10.695398
          ],
          [
            122.961098,
            10.695766
          ],
          [
            122.961169,
            10.69594
          ],
          [
            122.961193,
            10.696003
          ],
          [
            122.961216,
            10.696053
          ],
          [
            122.961324,
            10.69633
          ],
          [
            122.961434,
            10.696612
          ],
          [
            122.961528,
            10.696862
          ],
          [
            122.961585,
            10.697006
          ],
          [
            122.961668,
            10.697214
          ],
          [
            122.961745,
            10.69741
          ],
          [
            122.961764,
            10.697453
          ],
          [
            122.961872,
            10.697741
          ],
          [
            122.961966,
            10.69802
          ],
          [
            122.962029,
            10.69826
          ],
          [
            122.96205,
            10.69833
          ],
          [
            122.962107,
            10.698626
          ],
          [
            122.962155,
            10.698954
          ],
          [
            122.962176,
            10.699146
          ],
          [
            122.962186,
            10.699255
          ],
          [
            122.962188,
            10.699418
          ],
          [
            122.962189,
            10.699528
          ],
          [
            122.962205,
            10.700096
          ],
          [
            122.962209,
            10.700331
          ],
          [
            122.962212,
            10.700448
          ],
          [
            122.96222,
            10.700788
          ],
          [
            122.962232,
            10.701223
          ],
          [
            122.962233,
            10.701439
          ],
          [
            122.96224,
            10.701671
          ],
          [
            122.962251,
            10.702108
          ],
          [
            122.962252,
            10.70223
          ],
          [
            122.962252,
            10.702388
          ],
          [
            122.962259,
            10.702507
          ],
          [
            122.962266,
            10.702932
          ],
          [
            122.96234,
            10.703271
          ],
          [
            122.962352,
            10.703556
          ],
          [
            122.962351,
            10.703829
          ],
          [
            122.962353,
            10.70415
          ],
          [
            122.962365,
            10.704429
          ],
          [
            122.96238,
            10.704718
          ],
          [
            122.96238,
            10.705056
          ],
          [
            122.962394,
            10.705806
          ],
          [
            122.962456,
            10.705836
          ],
          [
            122.962481,
            10.705867
          ],
          [
            122.962483,
            10.706056
          ],
          [
            122.962487,
            10.706227
          ],
          [
            122.962491,
            10.706398
          ],
          [
            122.962495,
            10.70657
          ],
          [
            122.962494,
            10.70673
          ],
          [
            122.962457,
            10.706757
          ],
          [
            122.962411,
            10.706768
          ],
          [
            122.962404,
            10.706878
          ],
          [
            122.962402,
            10.707411
          ],
          [
            122.962394,
            10.707861
          ],
          [
            122.962381,
            10.708103
          ],
          [
            122.962363,
            10.708383
          ],
          [
            122.96233,
            10.708758
          ],
          [
            122.96231,
            10.708963
          ],
          [
            122.962155,
            10.70895
          ],
          [
            122.962179,
            10.708743
          ],
          [
            122.962216,
            10.708369
          ],
          [
            122.962234,
            10.708104
          ],
          [
            122.962251,
            10.707859
          ],
          [
            122.962137,
            10.707853
          ],
          [
            122.961929,
            10.707839
          ],
          [
            122.961929,
            10.707839
          ],
          [
            122.961822,
            10.707828
          ],
          [
            122.961792,
            10.707817
          ],
          [
            122.961777,
            10.707796
          ],
          [
            122.961777,
            10.707667
          ],
          [
            122.961768,
            10.707488
          ],
          [
            122.961777,
            10.707244
          ],
          [
            122.961904,
            10.707247
          ],
          [
            122.962052,
            10.70725
          ],
          [
            122.96211,
            10.707251
          ],
          [
            122.962135,
            10.707213
          ],
          [
            122.96229,
            10.707119
          ],
          [
            122.962288,
            10.706887
          ],
          [
            122.962263,
            10.70662
          ],
          [
            122.962263,
            10.706046
          ],
          [
            122.96226,
            10.705766
          ],
          [
            122.962241,
            10.705036
          ],
          [
            122.962239,
            10.704725
          ],
          [
            122.962226,
            10.704432
          ],
          [
            122.962225,
            10.704153
          ],
          [
            122.962221,
            10.703831
          ],
          [
            122.962214,
            10.703553
          ],
          [
            122.962206,
            10.703273
          ],
          [
            122.962266,
            10.702932
          ],
          [
            122.962259,
            10.702507
          ],
          [
            122.962252,
            10.702388
          ],
          [
            122.962252,
            10.70223
          ],
          [
            122.962251,
            10.702108
          ],
          [
            122.96224,
            10.701671
          ],
          [
            122.962233,
            10.701439
          ],
          [
            122.962232,
            10.701223
          ],
          [
            122.96222,
            10.700788
          ],
          [
            122.962212,
            10.700448
          ],
          [
            122.962209,
            10.700331
          ],
          [
            122.962205,
            10.700096
          ],
          [
            122.962189,
            10.699528
          ],
          [
            122.962188,
            10.699418
          ],
          [
            122.962186,
            10.699255
          ],
          [
            122.962176,
            10.699146
          ],
          [
            122.962155,
            10.698954
          ],
          [
            122.962107,
            10.698626
          ],
          [
            122.96205,
            10.69833
          ],
          [
            122.962029,
            10.69826
          ],
          [
            122.961966,
            10.69802
          ],
          [
            122.961872,
            10.697741
          ],
          [
            122.961764,
            10.697453
          ],
          [
            122.961745,
            10.69741
          ],
          [
            122.961668,
            10.697214
          ],
          [
            122.961585,
            10.697006
          ],
          [
            122.961528,
            10.696862
          ],
          [
            122.961434,
            10.696612
          ],
          [
            122.961324,
            10.69633
          ],
          [
            122.961216,
            10.696053
          ],
          [
            122.961193,
            10.696003
          ],
          [
            122.961169,
            10.69594
          ],
          [
            122.961098,
            10.695766
          ],
          [
            122.960952,
            10.695398
          ],
          [
            122.960845,
            10.695143
          ],
          [
            122.960785,
            10.694984
          ],
          [
            122.960646,
            10.694651
          ],
          [
            122.960602,
            10.694533
          ],
          [
            122.960533,
            10.694345
          ],
          [
            122.960481,
            10.694227
          ],
          [
            122.960315,
            10.69382
          ],
          [
            122.96027,
            10.693712
          ],
          [
            122.96015,
            10.693404
          ],
          [
            122.960095,
            10.693265
          ],
          [
            122.959937,
            10.692883
          ],
          [
            122.959791,
            10.692519
          ],
          [
            122.959706,
            10.69231
          ],
          [
            122.959579,
            10.692007
          ],
          [
            122.95954,
            10.691906
          ],
          [
            122.959498,
            10.691799
          ],
          [
            122.959443,
            10.691671
          ],
          [
            122.95935,
            10.691701
          ],
          [
            122.958794,
            10.690311
          ],
          [
            122.958725,
            10.69012
          ],
          [
            122.95875,
            10.68995
          ],
          [
            122.958691,
            10.689794
          ],
          [
            122.958493,
            10.689305
          ],
          [
            122.958326,
            10.688905
          ],
          [
            122.958239,
            10.688687
          ],
          [
            122.958181,
            10.688526
          ],
          [
            122.958135,
            10.688415
          ],
          [
            122.957922,
            10.687887
          ],
          [
            122.957792,
            10.687575
          ],
          [
            122.957733,
            10.687422
          ],
          [
            122.957596,
            10.687091
          ],
          [
            122.957505,
            10.686878
          ],
          [
            122.957367,
            10.686525
          ],
          [
            122.957297,
            10.686354
          ],
          [
            122.957238,
            10.686214
          ],
          [
            122.957167,
            10.686075
          ],
          [
            122.957145,
            10.686025
          ],
          [
            122.957092,
            10.685896
          ],
          [
            122.956976,
            10.685612
          ],
          [
            122.956942,
            10.685532
          ],
          [
            122.956904,
            10.685445
          ],
          [
            122.956825,
            10.685246
          ],
          [
            122.956805,
            10.685199
          ],
          [
            122.956747,
            10.685064
          ],
          [
            122.956703,
            10.684957
          ],
          [
            122.956608,
            10.684716
          ],
          [
            122.956547,
            10.684567
          ],
          [
            122.956345,
            10.684075
          ],
          [
            122.956322,
            10.68403
          ],
          [
            122.956371,
            10.683959
          ],
          [
            122.956591,
            10.683871
          ],
          [
            122.956722,
            10.683808
          ],
          [
            122.956782,
            10.683773
          ],
          [
            122.95684,
            10.683733
          ],
          [
            122.956943,
            10.683653
          ],
          [
            122.957006,
            10.683592
          ],
          [
            122.957069,
            10.683521
          ],
          [
            122.957167,
            10.68338
          ],
          [
            122.957267,
            10.683194
          ],
          [
            122.957355,
            10.683036
          ],
          [
            122.957546,
            10.682653
          ],
          [
            122.957722,
            10.682298
          ],
          [
            122.957958,
            10.681828
          ],
          [
            122.958292,
            10.681156
          ],
          [
            122.958473,
            10.680796
          ],
          [
            122.958554,
            10.680632
          ],
          [
            122.958946,
            10.67987
          ],
          [
            122.959108,
            10.679555
          ],
          [
            122.959366,
            10.679049
          ],
          [
            122.959462,
            10.678858
          ],
          [
            122.959543,
            10.678703
          ],
          [
            122.959608,
            10.678578
          ],
          [
            122.959779,
            10.678245
          ],
          [
            122.959961,
            10.677866
          ],
          [
            122.960099,
            10.677592
          ],
          [
            122.960143,
            10.677506
          ],
          [
            122.960337,
            10.677118
          ],
          [
            122.960484,
            10.676814
          ],
          [
            122.960772,
            10.676244
          ],
          [
            122.960849,
            10.676087
          ],
          [
            122.961055,
            10.675641
          ],
          [
            122.961212,
            10.675314
          ],
          [
            122.961175,
            10.674988
          ],
          [
            122.961131,
            10.674689
          ],
          [
            122.961088,
            10.674409
          ],
          [
            122.961037,
            10.67424
          ],
          [
            122.961001,
            10.67415
          ],
          [
            122.960975,
            10.674084
          ],
          [
            122.960859,
            10.673787
          ],
          [
            122.960689,
            10.673384
          ],
          [
            122.960654,
            10.673295
          ],
          [
            122.96041,
            10.672773
          ],
          [
            122.960204,
            10.672344
          ],
          [
            122.959843,
            10.671477
          ],
          [
            122.959738,
            10.671224
          ],
          [
            122.959555,
            10.670801
          ],
          [
            122.959295,
            10.670223
          ],
          [
            122.958983,
            10.669531
          ],
          [
            122.95887,
            10.669273
          ],
          [
            122.958815,
            10.66914
          ],
          [
            122.958473,
            10.668341
          ],
          [
            122.957805,
            10.668464
          ],
          [
            122.957661,
            10.668527
          ],
          [
            122.956887,
            10.668854
          ],
          [
            122.956763,
            10.668909
          ],
          [
            122.956424,
            10.669052
          ],
          [
            122.956071,
            10.669203
          ],
          [
            122.955773,
            10.669334
          ],
          [
            122.955671,
            10.669379
          ],
          [
            122.955752,
            10.66954
          ],
          [
            122.955889,
            10.669825
          ],
          [
            122.955918,
            10.669881
          ],
          [
            122.956062,
            10.670205
          ],
          [
            122.956257,
            10.670614
          ],
          [
            122.956542,
            10.67119
          ],
          [
            122.956995,
            10.671052
          ],
          [
            122.957482,
            10.67086
          ],
          [
            122.957558,
            10.670831
          ],
          [
            122.957822,
            10.670735
          ],
          [
            122.957822,
            10.670735
          ],
          [
            122.958231,
            10.670588
          ],
          [
            122.95894,
            10.670337
          ],
          [
            122.958707,
            10.66974
          ],
          [
            122.958699,
            10.66969
          ],
          [
            122.958707,
            10.669656
          ],
          [
            122.958739,
            10.669624
          ],
          [
            122.958983,
            10.669531
          ],
          [
            122.95887,
            10.669273
          ],
          [
            122.958815,
            10.66914
          ],
          [
            122.958473,
            10.668341
          ],
          [
            122.958493,
            10.668185
          ],
          [
            122.958493,
            10.668185
          ],
          [
            122.958621,
            10.668278
          ],
          [
            122.958935,
            10.669028
          ],
          [
            122.958962,
            10.669101
          ],
          [
            122.959002,
            10.669209
          ],
          [
            122.959138,
            10.669558
          ],
          [
            122.95939,
            10.670192
          ],
          [
            122.959295,
            10.670223
          ],
          [
            122.95894,
            10.670337
          ],
          [
            122.958231,
            10.670588
          ],
          [
            122.957822,
            10.670735
          ],
          [
            122.957822,
            10.670735
          ]
        ]
      }
    },
    {
      "type": "Feature",
      "properties": {
        "number": 6,
        "id": "shopping-libertad-lasalle",
        "name": "Shopping \u2013 Libertad via La Salle Loop",
        "color": "#159447",
        "mode": "jeepney",
        "status": "osm_route_relation",
        "distance_km": 12.72,
        "source_url": "https://www.openstreetmap.org/relation/14998324",
        "osm_relations": [
          14998324
        ],
        "attribution": "\u00a9 OpenStreetMap contributors, ODbL",
        "anchors": [
          {
            "id": "shopping",
            "name": "Shopping",
            "lng": 122.946944,
            "lat": 10.668165
          },
          {
            "id": "libertad",
            "name": "Libertad",
            "lng": 122.949298,
            "lat": 10.660605
          }
        ],
        "return_anchors": [
          {
            "id": "south_terminal",
            "name": "South Terminal",
            "lng": 122.95564,
            "lat": 10.66249
          },
          {
            "id": "triangle",
            "name": "Triangle",
            "lng": 122.9632,
            "lat": 10.6739
          },
          {
            "id": "lasalle",
            "name": "Lasalle",
            "lng": 122.96248,
            "lat": 10.67842
          },
          {
            "id": "burgos_market",
            "name": "Burgos Market",
            "lng": 122.95498,
            "lat": 10.66892
          }
        ]
      },
      "geometry": {
        "type": "LineString",
        "coordinates": [
          [
            122.946944,
            10.668165
          ],
          [
            122.946949,
            10.668175
          ],
          [
            122.946535,
            10.667212
          ],
          [
            122.946204,
            10.666404
          ],
          [
            122.945865,
            10.665581
          ],
          [
            122.945713,
            10.665185
          ],
          [
            122.945306,
            10.664215
          ],
          [
            122.944823,
            10.662919
          ],
          [
            122.94526,
            10.66271
          ],
          [
            122.94536,
            10.662664
          ],
          [
            122.945583,
            10.662565
          ],
          [
            122.945956,
            10.662392
          ],
          [
            122.947188,
            10.661818
          ],
          [
            122.947321,
            10.661758
          ],
          [
            122.947449,
            10.661699
          ],
          [
            122.947797,
            10.661558
          ],
          [
            122.947973,
            10.661478
          ],
          [
            122.948382,
            10.6613
          ],
          [
            122.948633,
            10.661179
          ],
          [
            122.948993,
            10.661017
          ],
          [
            122.949099,
            10.660968
          ],
          [
            122.949406,
            10.66083
          ],
          [
            122.949298,
            10.660605
          ],
          [
            122.949006,
            10.660034
          ],
          [
            122.948951,
            10.659914
          ],
          [
            122.948859,
            10.65971
          ],
          [
            122.948645,
            10.659283
          ],
          [
            122.948422,
            10.658824
          ],
          [
            122.948408,
            10.658754
          ],
          [
            122.948401,
            10.658705
          ],
          [
            122.948437,
            10.658593
          ],
          [
            122.948914,
            10.658388
          ],
          [
            122.949135,
            10.658287
          ],
          [
            122.949368,
            10.658179
          ],
          [
            122.949549,
            10.658089
          ],
          [
            122.949605,
            10.658079
          ],
          [
            122.949663,
            10.658078
          ],
          [
            122.949728,
            10.658095
          ],
          [
            122.949851,
            10.658134
          ],
          [
            122.950081,
            10.658207
          ],
          [
            122.950347,
            10.658283
          ],
          [
            122.950454,
            10.658304
          ],
          [
            122.950791,
            10.658382
          ],
          [
            122.951016,
            10.658484
          ],
          [
            122.951164,
            10.658558
          ],
          [
            122.951319,
            10.65866
          ],
          [
            122.95147,
            10.658776
          ],
          [
            122.951607,
            10.658897
          ],
          [
            122.952041,
            10.659368
          ],
          [
            122.952336,
            10.659699
          ],
          [
            122.951778,
            10.659897
          ],
          [
            122.950883,
            10.660206
          ],
          [
            122.950603,
            10.660303
          ],
          [
            122.950732,
            10.660551
          ],
          [
            122.950787,
            10.660646
          ],
          [
            122.950863,
            10.66071
          ],
          [
            122.951016,
            10.660758
          ],
          [
            122.951157,
            10.660798
          ],
          [
            122.951285,
            10.660817
          ],
          [
            122.952072,
            10.660959
          ],
          [
            122.952259,
            10.660983
          ],
          [
            122.952319,
            10.660993
          ],
          [
            122.952914,
            10.661092
          ],
          [
            122.953424,
            10.661179
          ],
          [
            122.953713,
            10.661223
          ],
          [
            122.954379,
            10.661345
          ],
          [
            122.954503,
            10.661374
          ],
          [
            122.95503,
            10.661524
          ],
          [
            122.955208,
            10.66157
          ],
          [
            122.955293,
            10.661591
          ],
          [
            122.955458,
            10.661637
          ],
          [
            122.955551,
            10.66167
          ],
          [
            122.955637,
            10.66171
          ],
          [
            122.95576,
            10.661804
          ],
          [
            122.955985,
            10.662328
          ],
          [
            122.956067,
            10.662518
          ],
          [
            122.956148,
            10.662707
          ],
          [
            122.956294,
            10.663161
          ],
          [
            122.95639,
            10.663436
          ],
          [
            122.956559,
            10.663852
          ],
          [
            122.956755,
            10.664304
          ],
          [
            122.956976,
            10.66478
          ],
          [
            122.957192,
            10.665271
          ],
          [
            122.957651,
            10.666251
          ],
          [
            122.957732,
            10.666436
          ],
          [
            122.957946,
            10.666944
          ],
          [
            122.957975,
            10.667001
          ],
          [
            122.958239,
            10.667615
          ],
          [
            122.958493,
            10.668185
          ],
          [
            122.958621,
            10.668278
          ],
          [
            122.958935,
            10.669028
          ],
          [
            122.958962,
            10.669101
          ],
          [
            122.959002,
            10.669208
          ],
          [
            122.959138,
            10.669558
          ],
          [
            122.95939,
            10.670192
          ],
          [
            122.959638,
            10.670769
          ],
          [
            122.959829,
            10.671207
          ],
          [
            122.959935,
            10.67144
          ],
          [
            122.960069,
            10.671768
          ],
          [
            122.96031,
            10.672334
          ],
          [
            122.960767,
            10.673307
          ],
          [
            122.960801,
            10.673396
          ],
          [
            122.96097,
            10.673795
          ],
          [
            122.961071,
            10.674048
          ],
          [
            122.961112,
            10.67415
          ],
          [
            122.961142,
            10.674242
          ],
          [
            122.961177,
            10.674339
          ],
          [
            122.961219,
            10.674512
          ],
          [
            122.961232,
            10.674679
          ],
          [
            122.961268,
            10.674991
          ],
          [
            122.961295,
            10.675183
          ],
          [
            122.961377,
            10.675232
          ],
          [
            122.961308,
            10.675374
          ],
          [
            122.961152,
            10.675687
          ],
          [
            122.960659,
            10.676666
          ],
          [
            122.960604,
            10.676784
          ],
          [
            122.960567,
            10.676856
          ],
          [
            122.960419,
            10.677158
          ],
          [
            122.960312,
            10.677373
          ],
          [
            122.960225,
            10.677579
          ],
          [
            122.960055,
            10.677915
          ],
          [
            122.959863,
            10.678295
          ],
          [
            122.959692,
            10.678648
          ],
          [
            122.96036,
            10.67899
          ],
          [
            122.960412,
            10.679017
          ],
          [
            122.960478,
            10.679065
          ],
          [
            122.960493,
            10.679129
          ],
          [
            122.960485,
            10.679214
          ],
          [
            122.96048,
            10.679302
          ],
          [
            122.960455,
            10.679413
          ],
          [
            122.960402,
            10.679535
          ],
          [
            122.959811,
            10.679257
          ],
          [
            122.959791,
            10.679247
          ],
          [
            122.959736,
            10.679223
          ],
          [
            122.959694,
            10.679204
          ],
          [
            122.959667,
            10.679193
          ],
          [
            122.959547,
            10.679136
          ],
          [
            122.959511,
            10.679117
          ],
          [
            122.959465,
            10.679094
          ],
          [
            122.959411,
            10.67907
          ],
          [
            122.959366,
            10.679049
          ],
          [
            122.959462,
            10.678858
          ],
          [
            122.959544,
            10.678704
          ],
          [
            122.959608,
            10.678578
          ],
          [
            122.959779,
            10.678245
          ],
          [
            122.959961,
            10.677866
          ],
          [
            122.960099,
            10.677592
          ],
          [
            122.960143,
            10.677506
          ],
          [
            122.960337,
            10.677118
          ],
          [
            122.960484,
            10.676814
          ],
          [
            122.960772,
            10.676244
          ],
          [
            122.960849,
            10.676087
          ],
          [
            122.961055,
            10.675641
          ],
          [
            122.961212,
            10.675314
          ],
          [
            122.961175,
            10.674988
          ],
          [
            122.961131,
            10.674689
          ],
          [
            122.961088,
            10.674409
          ],
          [
            122.961037,
            10.674241
          ],
          [
            122.961001,
            10.67415
          ],
          [
            122.960975,
            10.674085
          ],
          [
            122.960859,
            10.673787
          ],
          [
            122.960689,
            10.673384
          ],
          [
            122.960654,
            10.673295
          ],
          [
            122.96041,
            10.672774
          ],
          [
            122.960204,
            10.672344
          ],
          [
            122.959843,
            10.671477
          ],
          [
            122.959738,
            10.671224
          ],
          [
            122.959555,
            10.670801
          ],
          [
            122.959295,
            10.670223
          ],
          [
            122.958983,
            10.669531
          ],
          [
            122.95887,
            10.669273
          ],
          [
            122.958815,
            10.66914
          ],
          [
            122.958473,
            10.668341
          ],
          [
            122.958493,
            10.668185
          ],
          [
            122.958493,
            10.668185
          ],
          [
            122.958621,
            10.668278
          ],
          [
            122.958935,
            10.669028
          ],
          [
            122.958962,
            10.669101
          ],
          [
            122.959002,
            10.669209
          ],
          [
            122.959138,
            10.669558
          ],
          [
            122.95939,
            10.670192
          ],
          [
            122.959638,
            10.670769
          ],
          [
            122.959829,
            10.671207
          ],
          [
            122.959935,
            10.67144
          ],
          [
            122.960069,
            10.671768
          ],
          [
            122.96031,
            10.672334
          ],
          [
            122.960767,
            10.673307
          ],
          [
            122.960801,
            10.673396
          ],
          [
            122.96097,
            10.673795
          ],
          [
            122.961071,
            10.674048
          ],
          [
            122.961112,
            10.67415
          ],
          [
            122.961142,
            10.674242
          ],
          [
            122.961177,
            10.674339
          ],
          [
            122.961219,
            10.674512
          ],
          [
            122.961233,
            10.674679
          ],
          [
            122.961268,
            10.674991
          ],
          [
            122.961295,
            10.675183
          ],
          [
            122.961377,
            10.675232
          ],
          [
            122.961308,
            10.675374
          ],
          [
            122.961153,
            10.675687
          ],
          [
            122.960659,
            10.676666
          ],
          [
            122.960604,
            10.676784
          ],
          [
            122.960567,
            10.676856
          ],
          [
            122.960419,
            10.677158
          ],
          [
            122.960312,
            10.677374
          ],
          [
            122.960225,
            10.677579
          ],
          [
            122.960055,
            10.677915
          ],
          [
            122.959863,
            10.678295
          ],
          [
            122.959692,
            10.678648
          ],
          [
            122.96036,
            10.67899
          ],
          [
            122.960412,
            10.679017
          ],
          [
            122.960478,
            10.679065
          ],
          [
            122.960493,
            10.679129
          ],
          [
            122.960485,
            10.679214
          ],
          [
            122.96048,
            10.679302
          ],
          [
            122.960455,
            10.679413
          ],
          [
            122.960455,
            10.679413
          ],
          [
            122.960402,
            10.679535
          ],
          [
            122.959811,
            10.679257
          ],
          [
            122.959791,
            10.679247
          ],
          [
            122.959736,
            10.679223
          ],
          [
            122.959694,
            10.679204
          ],
          [
            122.959667,
            10.679193
          ],
          [
            122.959547,
            10.679136
          ],
          [
            122.959511,
            10.679117
          ],
          [
            122.959465,
            10.679094
          ],
          [
            122.959411,
            10.67907
          ],
          [
            122.959366,
            10.679049
          ],
          [
            122.959462,
            10.678858
          ],
          [
            122.959543,
            10.678703
          ],
          [
            122.959608,
            10.678578
          ],
          [
            122.959779,
            10.678245
          ],
          [
            122.959961,
            10.677866
          ],
          [
            122.960099,
            10.677592
          ],
          [
            122.960143,
            10.677506
          ],
          [
            122.960337,
            10.677118
          ],
          [
            122.960484,
            10.676814
          ],
          [
            122.960772,
            10.676244
          ],
          [
            122.960849,
            10.676087
          ],
          [
            122.961055,
            10.675641
          ],
          [
            122.961212,
            10.675314
          ],
          [
            122.961175,
            10.674988
          ],
          [
            122.961131,
            10.674689
          ],
          [
            122.961088,
            10.674409
          ],
          [
            122.961037,
            10.67424
          ],
          [
            122.961001,
            10.67415
          ],
          [
            122.960975,
            10.674084
          ],
          [
            122.960859,
            10.673787
          ],
          [
            122.960689,
            10.673384
          ],
          [
            122.960654,
            10.673295
          ],
          [
            122.96041,
            10.672773
          ],
          [
            122.960204,
            10.672344
          ],
          [
            122.959843,
            10.671477
          ],
          [
            122.959738,
            10.671224
          ],
          [
            122.959555,
            10.670801
          ],
          [
            122.959295,
            10.670223
          ],
          [
            122.958983,
            10.669531
          ],
          [
            122.95887,
            10.669273
          ],
          [
            122.958815,
            10.66914
          ],
          [
            122.958473,
            10.668341
          ],
          [
            122.957805,
            10.668464
          ],
          [
            122.957661,
            10.668527
          ],
          [
            122.956887,
            10.668854
          ],
          [
            122.956763,
            10.668909
          ],
          [
            122.956424,
            10.669052
          ],
          [
            122.956071,
            10.669203
          ],
          [
            122.955773,
            10.669334
          ],
          [
            122.955671,
            10.669379
          ],
          [
            122.955635,
            10.669391
          ],
          [
            122.955585,
            10.669414
          ],
          [
            122.955531,
            10.669437
          ],
          [
            122.955176,
            10.66959
          ],
          [
            122.955033,
            10.669659
          ],
          [
            122.954909,
            10.669707
          ],
          [
            122.954712,
            10.669797
          ],
          [
            122.954612,
            10.669844
          ],
          [
            122.953943,
            10.670119
          ],
          [
            122.953374,
            10.670359
          ],
          [
            122.953312,
            10.670386
          ],
          [
            122.953207,
            10.670426
          ],
          [
            122.953091,
            10.670478
          ],
          [
            122.952599,
            10.670688
          ],
          [
            122.95254,
            10.670712
          ],
          [
            122.95208,
            10.67091
          ],
          [
            122.952025,
            10.670935
          ],
          [
            122.951188,
            10.671288
          ],
          [
            122.951069,
            10.671337
          ],
          [
            122.951054,
            10.671303
          ],
          [
            122.951028,
            10.671242
          ],
          [
            122.950894,
            10.670915
          ],
          [
            122.950605,
            10.670215
          ],
          [
            122.950488,
            10.669931
          ],
          [
            122.950444,
            10.669823
          ],
          [
            122.950393,
            10.669699
          ],
          [
            122.95026,
            10.669376
          ],
          [
            122.95008,
            10.668941
          ],
          [
            122.949925,
            10.668563
          ],
          [
            122.949895,
            10.668484
          ],
          [
            122.949812,
            10.668521
          ],
          [
            122.948674,
            10.669025
          ],
          [
            122.948577,
            10.669069
          ],
          [
            122.947757,
            10.669456
          ],
          [
            122.947492,
            10.669567
          ],
          [
            122.946895,
            10.669826
          ],
          [
            122.946656,
            10.669936
          ],
          [
            122.946445,
            10.670032
          ],
          [
            122.946063,
            10.670207
          ],
          [
            122.945253,
            10.670564
          ],
          [
            122.944814,
            10.670743
          ],
          [
            122.9447,
            10.670789
          ],
          [
            122.9436,
            10.671232
          ],
          [
            122.942941,
            10.671497
          ],
          [
            122.942522,
            10.671655
          ],
          [
            122.942335,
            10.671217
          ],
          [
            122.941587,
            10.669451
          ],
          [
            122.941555,
            10.669364
          ],
          [
            122.942098,
            10.669149
          ],
          [
            122.942276,
            10.669083
          ],
          [
            122.943295,
            10.668656
          ],
          [
            122.943463,
            10.668587
          ],
          [
            122.94365,
            10.668505
          ],
          [
            122.943748,
            10.66846
          ],
          [
            122.943866,
            10.668389
          ],
          [
            122.94405,
            10.668281
          ],
          [
            122.944136,
            10.66823
          ],
          [
            122.94421,
            10.668191
          ],
          [
            122.944322,
            10.668141
          ],
          [
            122.944475,
            10.668071
          ],
          [
            122.944319,
            10.667842
          ],
          [
            122.94395,
            10.66733
          ],
          [
            122.943781,
            10.667079
          ],
          [
            122.943738,
            10.66702
          ],
          [
            122.943543,
            10.666725
          ],
          [
            122.944751,
            10.66614
          ],
          [
            122.944811,
            10.666258
          ],
          [
            122.94505,
            10.66674
          ],
          [
            122.945137,
            10.666906
          ],
          [
            122.945179,
            10.666989
          ],
          [
            122.945382,
            10.667376
          ],
          [
            122.945464,
            10.667523
          ],
          [
            122.945518,
            10.667627
          ],
          [
            122.945601,
            10.667782
          ],
          [
            122.946129,
            10.668773
          ],
          [
            122.946226,
            10.668733
          ],
          [
            122.946808,
            10.668477
          ],
          [
            122.946839,
            10.668463
          ],
          [
            122.9469,
            10.668423
          ],
          [
            122.946917,
            10.6684
          ],
          [
            122.946932,
            10.668379
          ],
          [
            122.946945,
            10.668358
          ],
          [
            122.946958,
            10.668331
          ],
          [
            122.946965,
            10.668302
          ],
          [
            122.946966,
            10.668274
          ],
          [
            122.946963,
            10.668206
          ],
          [
            122.946944,
            10.668165
          ]
        ]
      }
    },
    {
      "type": "Feature",
      "properties": {
        "number": 7,
        "id": "shopping-libertad-san-agustin",
        "name": "Shopping \u2013 Libertad via San Agustin Loop",
        "color": "#3346c8",
        "mode": "jeepney",
        "status": "osm_route_relation",
        "distance_km": 8.07,
        "source_url": "https://www.openstreetmap.org/relation/21146069",
        "osm_relations": [
          21146069
        ],
        "attribution": "\u00a9 OpenStreetMap contributors, ODbL",
        "anchors": [
          {
            "id": "shopping",
            "name": "Shopping",
            "lng": 122.948197,
            "lat": 10.667838
          },
          {
            "id": "burgos_market",
            "name": "Burgos Market",
            "lng": 122.95498,
            "lat": 10.66892
          },
          {
            "id": "triangle",
            "name": "Triangle",
            "lng": 122.9632,
            "lat": 10.6739
          },
          {
            "id": "south_terminal",
            "name": "South Terminal",
            "lng": 122.95564,
            "lat": 10.66249
          },
          {
            "id": "libertad",
            "name": "Libertad",
            "lng": 122.949944,
            "lat": 10.660595
          }
        ],
        "return_anchors": []
      },
      "geometry": {
        "type": "LineString",
        "coordinates": [
          [
            122.948197,
            10.667838
          ],
          [
            122.9485,
            10.668612
          ],
          [
            122.948674,
            10.669025
          ],
          [
            122.94869,
            10.669065
          ],
          [
            122.948797,
            10.66931
          ],
          [
            122.948902,
            10.669545
          ],
          [
            122.949189,
            10.670261
          ],
          [
            122.949253,
            10.670415
          ],
          [
            122.949848,
            10.671855
          ],
          [
            122.950399,
            10.671623
          ],
          [
            122.950959,
            10.671382
          ],
          [
            122.951069,
            10.671337
          ],
          [
            122.951188,
            10.671288
          ],
          [
            122.952025,
            10.670935
          ],
          [
            122.95208,
            10.67091
          ],
          [
            122.95254,
            10.670712
          ],
          [
            122.952599,
            10.670688
          ],
          [
            122.953091,
            10.670478
          ],
          [
            122.953207,
            10.670426
          ],
          [
            122.953159,
            10.670317
          ],
          [
            122.952605,
            10.668982
          ],
          [
            122.95305,
            10.668824
          ],
          [
            122.954339,
            10.668357
          ],
          [
            122.955048,
            10.668074
          ],
          [
            122.955554,
            10.669244
          ],
          [
            122.955671,
            10.669379
          ],
          [
            122.955752,
            10.66954
          ],
          [
            122.955889,
            10.669825
          ],
          [
            122.955918,
            10.669881
          ],
          [
            122.956062,
            10.670205
          ],
          [
            122.956257,
            10.670614
          ],
          [
            122.956542,
            10.67119
          ],
          [
            122.956995,
            10.671052
          ],
          [
            122.957482,
            10.67086
          ],
          [
            122.957558,
            10.670831
          ],
          [
            122.957822,
            10.670735
          ],
          [
            122.958231,
            10.670588
          ],
          [
            122.95894,
            10.670337
          ],
          [
            122.959295,
            10.670223
          ],
          [
            122.95939,
            10.670192
          ],
          [
            122.959638,
            10.670769
          ],
          [
            122.959829,
            10.671207
          ],
          [
            122.959935,
            10.67144
          ],
          [
            122.960069,
            10.671768
          ],
          [
            122.96031,
            10.672334
          ],
          [
            122.960767,
            10.673307
          ],
          [
            122.960801,
            10.673396
          ],
          [
            122.96097,
            10.673795
          ],
          [
            122.961071,
            10.674048
          ],
          [
            122.961112,
            10.67415
          ],
          [
            122.961142,
            10.674242
          ],
          [
            122.961177,
            10.674339
          ],
          [
            122.961219,
            10.674512
          ],
          [
            122.961232,
            10.674679
          ],
          [
            122.961268,
            10.674991
          ],
          [
            122.961295,
            10.675183
          ],
          [
            122.961377,
            10.675232
          ],
          [
            122.961308,
            10.675374
          ],
          [
            122.961152,
            10.675687
          ],
          [
            122.960659,
            10.676666
          ],
          [
            122.960604,
            10.676784
          ],
          [
            122.960567,
            10.676856
          ],
          [
            122.960419,
            10.677158
          ],
          [
            122.960312,
            10.677373
          ],
          [
            122.960225,
            10.677579
          ],
          [
            122.960055,
            10.677915
          ],
          [
            122.959863,
            10.678295
          ],
          [
            122.959692,
            10.678648
          ],
          [
            122.959657,
            10.678711
          ],
          [
            122.959465,
            10.679094
          ],
          [
            122.959386,
            10.679242
          ],
          [
            122.959372,
            10.67927
          ],
          [
            122.959364,
            10.679286
          ],
          [
            122.959206,
            10.679597
          ],
          [
            122.959193,
            10.679622
          ],
          [
            122.95918,
            10.679649
          ],
          [
            122.959039,
            10.679918
          ],
          [
            122.958875,
            10.680251
          ],
          [
            122.958658,
            10.680684
          ],
          [
            122.958394,
            10.681206
          ],
          [
            122.958057,
            10.681873
          ],
          [
            122.957867,
            10.682242
          ],
          [
            122.957833,
            10.682309
          ],
          [
            122.957635,
            10.682696
          ],
          [
            122.95742,
            10.683116
          ],
          [
            122.957402,
            10.683152
          ],
          [
            122.957355,
            10.683036
          ],
          [
            122.957343,
            10.683008
          ],
          [
            122.957263,
            10.682811
          ],
          [
            122.957143,
            10.682516
          ],
          [
            122.957722,
            10.682298
          ],
          [
            122.957958,
            10.681828
          ],
          [
            122.958292,
            10.681156
          ],
          [
            122.958473,
            10.680796
          ],
          [
            122.958554,
            10.680632
          ],
          [
            122.958946,
            10.67987
          ],
          [
            122.959108,
            10.679555
          ],
          [
            122.959366,
            10.679049
          ],
          [
            122.959462,
            10.678858
          ],
          [
            122.959543,
            10.678703
          ],
          [
            122.959608,
            10.678578
          ],
          [
            122.959779,
            10.678245
          ],
          [
            122.959961,
            10.677866
          ],
          [
            122.960099,
            10.677592
          ],
          [
            122.960143,
            10.677506
          ],
          [
            122.960337,
            10.677118
          ],
          [
            122.960484,
            10.676814
          ],
          [
            122.960772,
            10.676244
          ],
          [
            122.960849,
            10.676087
          ],
          [
            122.961055,
            10.675641
          ],
          [
            122.961212,
            10.675314
          ],
          [
            122.961175,
            10.674988
          ],
          [
            122.961131,
            10.674689
          ],
          [
            122.961088,
            10.674409
          ],
          [
            122.961037,
            10.67424
          ],
          [
            122.961001,
            10.67415
          ],
          [
            122.960975,
            10.674084
          ],
          [
            122.960859,
            10.673787
          ],
          [
            122.960689,
            10.673384
          ],
          [
            122.960654,
            10.673295
          ],
          [
            122.96041,
            10.672773
          ],
          [
            122.960204,
            10.672344
          ],
          [
            122.959843,
            10.671477
          ],
          [
            122.959738,
            10.671224
          ],
          [
            122.959555,
            10.670801
          ],
          [
            122.959295,
            10.670223
          ],
          [
            122.958983,
            10.669531
          ],
          [
            122.95887,
            10.669273
          ],
          [
            122.958815,
            10.66914
          ],
          [
            122.958473,
            10.668341
          ],
          [
            122.958493,
            10.668185
          ],
          [
            122.958239,
            10.667615
          ],
          [
            122.957975,
            10.667001
          ],
          [
            122.957946,
            10.666944
          ],
          [
            122.957732,
            10.666436
          ],
          [
            122.957651,
            10.666251
          ],
          [
            122.957192,
            10.665271
          ],
          [
            122.956976,
            10.66478
          ],
          [
            122.956755,
            10.664304
          ],
          [
            122.956559,
            10.663852
          ],
          [
            122.95639,
            10.663436
          ],
          [
            122.956294,
            10.663161
          ],
          [
            122.956148,
            10.662707
          ],
          [
            122.956067,
            10.662518
          ],
          [
            122.955985,
            10.662328
          ],
          [
            122.95576,
            10.661804
          ],
          [
            122.955637,
            10.66171
          ],
          [
            122.955551,
            10.66167
          ],
          [
            122.955458,
            10.661637
          ],
          [
            122.955293,
            10.661591
          ],
          [
            122.955208,
            10.66157
          ],
          [
            122.95503,
            10.661524
          ],
          [
            122.954503,
            10.661374
          ],
          [
            122.954379,
            10.661345
          ],
          [
            122.953713,
            10.661223
          ],
          [
            122.953424,
            10.661179
          ],
          [
            122.952914,
            10.661092
          ],
          [
            122.952319,
            10.660993
          ],
          [
            122.952259,
            10.660983
          ],
          [
            122.952072,
            10.660959
          ],
          [
            122.951285,
            10.660817
          ],
          [
            122.951157,
            10.660798
          ],
          [
            122.951016,
            10.660758
          ],
          [
            122.950863,
            10.66071
          ],
          [
            122.950787,
            10.660646
          ],
          [
            122.950732,
            10.660551
          ],
          [
            122.950603,
            10.660303
          ],
          [
            122.950219,
            10.660482
          ],
          [
            122.949944,
            10.660595
          ],
          [
            122.949838,
            10.660641
          ],
          [
            122.949406,
            10.66083
          ],
          [
            122.949532,
            10.661097
          ],
          [
            122.950006,
            10.662045
          ],
          [
            122.950615,
            10.663237
          ],
          [
            122.950206,
            10.663429
          ],
          [
            122.949842,
            10.663611
          ],
          [
            122.949472,
            10.663796
          ],
          [
            122.949113,
            10.663968
          ],
          [
            122.948694,
            10.664174
          ],
          [
            122.948228,
            10.664392
          ],
          [
            122.947054,
            10.665007
          ],
          [
            122.947188,
            10.665344
          ],
          [
            122.94774,
            10.666722
          ],
          [
            122.948197,
            10.667838
          ]
        ]
      }
    },
    {
      "type": "Feature",
      "properties": {
        "number": 8,
        "id": "eroreco-central-market",
        "name": "Eroreco \u2013 Central Market Loop",
        "color": "#ed8b2f",
        "mode": "jeepney",
        "status": "osm_route_relation",
        "distance_km": 10.16,
        "source_url": "https://www.openstreetmap.org/relation/21146068",
        "osm_relations": [
          21146068
        ],
        "attribution": "\u00a9 OpenStreetMap contributors, ODbL",
        "anchors": [
          {
            "id": "eroreco",
            "name": "Eroreco",
            "lng": 122.971643,
            "lat": 10.690114
          },
          {
            "id": "lasalle",
            "name": "Lasalle",
            "lng": 122.96248,
            "lat": 10.67842
          },
          {
            "id": "burgos_market",
            "name": "Burgos Market",
            "lng": 122.95498,
            "lat": 10.66892
          },
          {
            "id": "central_market",
            "name": "Central Market",
            "lng": 122.948197,
            "lat": 10.667838
          }
        ],
        "return_anchors": []
      },
      "geometry": {
        "type": "LineString",
        "coordinates": [
          [
            122.971643,
            10.690114
          ],
          [
            122.971693,
            10.690044
          ],
          [
            122.971786,
            10.689979
          ],
          [
            122.97193,
            10.689269
          ],
          [
            122.972,
            10.688995
          ],
          [
            122.972056,
            10.688807
          ],
          [
            122.972145,
            10.688605
          ],
          [
            122.972275,
            10.688329
          ],
          [
            122.972284,
            10.688277
          ],
          [
            122.972261,
            10.688209
          ],
          [
            122.972192,
            10.688145
          ],
          [
            122.972059,
            10.687822
          ],
          [
            122.972406,
            10.687603
          ],
          [
            122.972636,
            10.687402
          ],
          [
            122.972708,
            10.687319
          ],
          [
            122.972844,
            10.687148
          ],
          [
            122.972974,
            10.686957
          ],
          [
            122.973089,
            10.686652
          ],
          [
            122.973142,
            10.686434
          ],
          [
            122.97314,
            10.686192
          ],
          [
            122.973075,
            10.685852
          ],
          [
            122.972945,
            10.685469
          ],
          [
            122.97274,
            10.684918
          ],
          [
            122.97272,
            10.684864
          ],
          [
            122.972591,
            10.684526
          ],
          [
            122.972469,
            10.684216
          ],
          [
            122.972325,
            10.683863
          ],
          [
            122.972191,
            10.683505
          ],
          [
            122.97206,
            10.683161
          ],
          [
            122.971875,
            10.682564
          ],
          [
            122.971802,
            10.682433
          ],
          [
            122.971733,
            10.682338
          ],
          [
            122.971666,
            10.682265
          ],
          [
            122.971582,
            10.682196
          ],
          [
            122.971463,
            10.682121
          ],
          [
            122.971337,
            10.682058
          ],
          [
            122.971212,
            10.682017
          ],
          [
            122.971098,
            10.681994
          ],
          [
            122.970968,
            10.681981
          ],
          [
            122.970844,
            10.681982
          ],
          [
            122.97069,
            10.681999
          ],
          [
            122.970536,
            10.682031
          ],
          [
            122.970185,
            10.682167
          ],
          [
            122.970055,
            10.682279
          ],
          [
            122.969152,
            10.683096
          ],
          [
            122.968861,
            10.683373
          ],
          [
            122.968572,
            10.683629
          ],
          [
            122.96839,
            10.683788
          ],
          [
            122.968295,
            10.683886
          ],
          [
            122.96814,
            10.684027
          ],
          [
            122.967988,
            10.684166
          ],
          [
            122.967796,
            10.684357
          ],
          [
            122.967387,
            10.683901
          ],
          [
            122.967258,
            10.683737
          ],
          [
            122.967085,
            10.683518
          ],
          [
            122.966949,
            10.683307
          ],
          [
            122.966639,
            10.682808
          ],
          [
            122.966398,
            10.68256
          ],
          [
            122.966191,
            10.682382
          ],
          [
            122.966048,
            10.682305
          ],
          [
            122.96562,
            10.68212
          ],
          [
            122.964149,
            10.6814
          ],
          [
            122.962731,
            10.680683
          ],
          [
            122.962303,
            10.680467
          ],
          [
            122.962301,
            10.680466
          ],
          [
            122.96215,
            10.68039
          ],
          [
            122.961836,
            10.680233
          ],
          [
            122.961227,
            10.679933
          ],
          [
            122.960977,
            10.679813
          ],
          [
            122.960832,
            10.679744
          ],
          [
            122.960402,
            10.679535
          ],
          [
            122.959811,
            10.679257
          ],
          [
            122.959791,
            10.679247
          ],
          [
            122.959736,
            10.679223
          ],
          [
            122.959694,
            10.679204
          ],
          [
            122.959667,
            10.679193
          ],
          [
            122.959547,
            10.679136
          ],
          [
            122.959511,
            10.679117
          ],
          [
            122.959465,
            10.679094
          ],
          [
            122.959411,
            10.67907
          ],
          [
            122.959366,
            10.679049
          ],
          [
            122.959462,
            10.678858
          ],
          [
            122.959543,
            10.678703
          ],
          [
            122.959608,
            10.678578
          ],
          [
            122.959779,
            10.678245
          ],
          [
            122.959961,
            10.677866
          ],
          [
            122.960099,
            10.677592
          ],
          [
            122.960008,
            10.677405
          ],
          [
            122.959801,
            10.67697
          ],
          [
            122.959624,
            10.676565
          ],
          [
            122.959427,
            10.67615
          ],
          [
            122.959298,
            10.675883
          ],
          [
            122.959191,
            10.675685
          ],
          [
            122.958808,
            10.675021
          ],
          [
            122.95859,
            10.67466
          ],
          [
            122.958378,
            10.674315
          ],
          [
            122.95833,
            10.674245
          ],
          [
            122.958128,
            10.673919
          ],
          [
            122.957919,
            10.673586
          ],
          [
            122.95787,
            10.673501
          ],
          [
            122.957786,
            10.673361
          ],
          [
            122.957663,
            10.673157
          ],
          [
            122.95745,
            10.672818
          ],
          [
            122.957108,
            10.672311
          ],
          [
            122.956607,
            10.671469
          ],
          [
            122.956463,
            10.671241
          ],
          [
            122.956172,
            10.670641
          ],
          [
            122.955983,
            10.670238
          ],
          [
            122.955814,
            10.669853
          ],
          [
            122.95573,
            10.669687
          ],
          [
            122.955701,
            10.66963
          ],
          [
            122.955585,
            10.669414
          ],
          [
            122.955554,
            10.669244
          ],
          [
            122.955048,
            10.668074
          ],
          [
            122.954613,
            10.666974
          ],
          [
            122.954408,
            10.66653
          ],
          [
            122.954342,
            10.666559
          ],
          [
            122.953565,
            10.666902
          ],
          [
            122.953351,
            10.666993
          ],
          [
            122.952433,
            10.66739
          ],
          [
            122.952186,
            10.666825
          ],
          [
            122.951959,
            10.666266
          ],
          [
            122.951654,
            10.666398
          ],
          [
            122.951095,
            10.666631
          ],
          [
            122.950757,
            10.666776
          ],
          [
            122.949919,
            10.667146
          ],
          [
            122.949421,
            10.667348
          ],
          [
            122.948197,
            10.667838
          ],
          [
            122.9485,
            10.668612
          ],
          [
            122.948674,
            10.669025
          ],
          [
            122.94869,
            10.669065
          ],
          [
            122.948797,
            10.66931
          ],
          [
            122.948902,
            10.669545
          ],
          [
            122.949189,
            10.670261
          ],
          [
            122.949253,
            10.670415
          ],
          [
            122.949848,
            10.671855
          ],
          [
            122.950399,
            10.671623
          ],
          [
            122.950959,
            10.671382
          ],
          [
            122.951069,
            10.671337
          ],
          [
            122.951188,
            10.671288
          ],
          [
            122.952025,
            10.670935
          ],
          [
            122.95208,
            10.67091
          ],
          [
            122.95254,
            10.670712
          ],
          [
            122.952599,
            10.670688
          ],
          [
            122.953091,
            10.670478
          ],
          [
            122.953207,
            10.670426
          ],
          [
            122.953312,
            10.670386
          ],
          [
            122.953374,
            10.670359
          ],
          [
            122.953943,
            10.670119
          ],
          [
            122.954093,
            10.670527
          ],
          [
            122.954227,
            10.670906
          ],
          [
            122.954403,
            10.671407
          ],
          [
            122.954425,
            10.67145
          ],
          [
            122.954481,
            10.67149
          ],
          [
            122.955045,
            10.671721
          ],
          [
            122.955278,
            10.67182
          ],
          [
            122.955454,
            10.671895
          ],
          [
            122.955501,
            10.671905
          ],
          [
            122.955539,
            10.671905
          ],
          [
            122.955575,
            10.671902
          ],
          [
            122.956013,
            10.671703
          ],
          [
            122.9561,
            10.67167
          ],
          [
            122.956317,
            10.671582
          ],
          [
            122.956607,
            10.671469
          ],
          [
            122.956694,
            10.671433
          ],
          [
            122.956903,
            10.671781
          ],
          [
            122.95719,
            10.672263
          ],
          [
            122.957519,
            10.672772
          ],
          [
            122.95774,
            10.673133
          ],
          [
            122.957945,
            10.673464
          ],
          [
            122.958003,
            10.673554
          ],
          [
            122.958211,
            10.673894
          ],
          [
            122.958407,
            10.674224
          ],
          [
            122.958449,
            10.67429
          ],
          [
            122.958663,
            10.674639
          ],
          [
            122.958904,
            10.675009
          ],
          [
            122.959265,
            10.675648
          ],
          [
            122.959372,
            10.675851
          ],
          [
            122.959535,
            10.676182
          ],
          [
            122.959693,
            10.676532
          ],
          [
            122.959897,
            10.676982
          ],
          [
            122.960058,
            10.677352
          ],
          [
            122.960143,
            10.677506
          ],
          [
            122.960337,
            10.677118
          ],
          [
            122.960484,
            10.676814
          ],
          [
            122.960567,
            10.676856
          ],
          [
            122.960419,
            10.677158
          ],
          [
            122.960312,
            10.677373
          ],
          [
            122.960225,
            10.677579
          ],
          [
            122.960055,
            10.677915
          ],
          [
            122.959863,
            10.678295
          ],
          [
            122.959692,
            10.678648
          ],
          [
            122.959657,
            10.678711
          ],
          [
            122.959465,
            10.679094
          ],
          [
            122.959511,
            10.679117
          ],
          [
            122.959547,
            10.679136
          ],
          [
            122.959667,
            10.679193
          ],
          [
            122.959694,
            10.679204
          ],
          [
            122.959736,
            10.679223
          ],
          [
            122.959791,
            10.679247
          ],
          [
            122.959811,
            10.679257
          ],
          [
            122.960402,
            10.679535
          ],
          [
            122.960832,
            10.679744
          ],
          [
            122.960977,
            10.679813
          ],
          [
            122.961227,
            10.679933
          ],
          [
            122.961836,
            10.680233
          ],
          [
            122.96215,
            10.68039
          ],
          [
            122.962301,
            10.680466
          ],
          [
            122.962303,
            10.680467
          ],
          [
            122.962731,
            10.680683
          ],
          [
            122.964149,
            10.6814
          ],
          [
            122.96562,
            10.68212
          ],
          [
            122.966048,
            10.682305
          ],
          [
            122.966191,
            10.682382
          ],
          [
            122.966398,
            10.68256
          ],
          [
            122.966639,
            10.682808
          ],
          [
            122.966949,
            10.683307
          ],
          [
            122.967085,
            10.683518
          ],
          [
            122.967258,
            10.683737
          ],
          [
            122.967387,
            10.683901
          ],
          [
            122.967796,
            10.684357
          ],
          [
            122.967988,
            10.684166
          ],
          [
            122.96814,
            10.684027
          ],
          [
            122.968295,
            10.683886
          ],
          [
            122.96839,
            10.683788
          ],
          [
            122.968572,
            10.683629
          ],
          [
            122.968861,
            10.683373
          ],
          [
            122.969152,
            10.683096
          ],
          [
            122.970055,
            10.682279
          ],
          [
            122.970185,
            10.682167
          ],
          [
            122.970536,
            10.682031
          ],
          [
            122.97069,
            10.681999
          ],
          [
            122.970844,
            10.681982
          ],
          [
            122.970968,
            10.681981
          ],
          [
            122.971098,
            10.681994
          ],
          [
            122.971212,
            10.682017
          ],
          [
            122.971337,
            10.682058
          ],
          [
            122.971463,
            10.682121
          ],
          [
            122.971582,
            10.682196
          ],
          [
            122.971666,
            10.682265
          ],
          [
            122.971733,
            10.682338
          ],
          [
            122.971802,
            10.682433
          ],
          [
            122.971875,
            10.682564
          ],
          [
            122.97206,
            10.683161
          ],
          [
            122.972191,
            10.683505
          ],
          [
            122.972325,
            10.683863
          ],
          [
            122.972469,
            10.684216
          ],
          [
            122.972591,
            10.684526
          ],
          [
            122.97272,
            10.684864
          ],
          [
            122.97274,
            10.684918
          ],
          [
            122.972945,
            10.685469
          ],
          [
            122.973075,
            10.685852
          ],
          [
            122.97314,
            10.686192
          ],
          [
            122.973142,
            10.686434
          ],
          [
            122.973089,
            10.686652
          ],
          [
            122.972974,
            10.686957
          ],
          [
            122.972844,
            10.687148
          ],
          [
            122.972708,
            10.687319
          ],
          [
            122.972636,
            10.687402
          ],
          [
            122.972406,
            10.687603
          ],
          [
            122.972059,
            10.687822
          ],
          [
            122.972192,
            10.688145
          ],
          [
            122.972261,
            10.688209
          ],
          [
            122.972284,
            10.688277
          ],
          [
            122.972275,
            10.688329
          ],
          [
            122.972145,
            10.688605
          ],
          [
            122.972056,
            10.688807
          ],
          [
            122.972,
            10.688995
          ],
          [
            122.97193,
            10.689269
          ],
          [
            122.971786,
            10.689979
          ],
          [
            122.971717,
            10.690316
          ],
          [
            122.971656,
            10.690259
          ],
          [
            122.971636,
            10.690192
          ],
          [
            122.971643,
            10.690114
          ]
        ]
      }
    },
    {
      "type": "Feature",
      "properties": {
        "number": 9,
        "id": "punta-taytay-ferrero",
        "name": "Punta Taytay \u2013 Fr. Ferrero St. Loop",
        "color": "#dc2626",
        "mode": "jeepney",
        "status": "osm_route_relation",
        "distance_km": 21.33,
        "source_url": "https://www.openstreetmap.org/relation/21163565",
        "osm_relations": [
          21163565,
          21163564
        ],
        "attribution": "\u00a9 OpenStreetMap contributors, ODbL",
        "anchors": [
          {
            "id": "punta_taytay",
            "name": "Punta Taytay",
            "lng": 122.905261,
            "lat": 10.600153
          },
          {
            "id": "gaisano",
            "name": "Gaisano",
            "lng": 122.93965,
            "lat": 10.65923
          },
          {
            "id": "central_market",
            "name": "Central Market",
            "lng": 122.94719,
            "lat": 10.66761
          },
          {
            "id": "fr_ferrero_st",
            "name": "Fr. Ferrero St.",
            "lng": 122.9436,
            "lat": 10.671232
          }
        ],
        "return_anchors": []
      },
      "geometry": {
        "type": "LineString",
        "coordinates": [
          [
            122.905261,
            10.600153
          ],
          [
            122.905532,
            10.600257
          ],
          [
            122.905858,
            10.600399
          ],
          [
            122.90591,
            10.600422
          ],
          [
            122.906388,
            10.600601
          ],
          [
            122.906645,
            10.600685
          ],
          [
            122.906866,
            10.600755
          ],
          [
            122.907233,
            10.600865
          ],
          [
            122.907286,
            10.600888
          ],
          [
            122.907884,
            10.601125
          ],
          [
            122.908193,
            10.601273
          ],
          [
            122.908464,
            10.601414
          ],
          [
            122.908613,
            10.601489
          ],
          [
            122.908776,
            10.601576
          ],
          [
            122.908896,
            10.601632
          ],
          [
            122.909053,
            10.601705
          ],
          [
            122.909189,
            10.601757
          ],
          [
            122.909408,
            10.601843
          ],
          [
            122.909669,
            10.601968
          ],
          [
            122.910058,
            10.602164
          ],
          [
            122.910997,
            10.602623
          ],
          [
            122.911084,
            10.60267
          ],
          [
            122.911835,
            10.60313
          ],
          [
            122.911983,
            10.603196
          ],
          [
            122.912111,
            10.603253
          ],
          [
            122.912298,
            10.603339
          ],
          [
            122.912476,
            10.603422
          ],
          [
            122.912613,
            10.603514
          ],
          [
            122.912707,
            10.603598
          ],
          [
            122.912759,
            10.603643
          ],
          [
            122.912821,
            10.603718
          ],
          [
            122.912913,
            10.603843
          ],
          [
            122.9131,
            10.604148
          ],
          [
            122.913251,
            10.604305
          ],
          [
            122.913491,
            10.604528
          ],
          [
            122.913634,
            10.604656
          ],
          [
            122.913718,
            10.604738
          ],
          [
            122.913882,
            10.604897
          ],
          [
            122.91413,
            10.605085
          ],
          [
            122.914292,
            10.605177
          ],
          [
            122.914483,
            10.60528
          ],
          [
            122.914857,
            10.605461
          ],
          [
            122.91517,
            10.605623
          ],
          [
            122.915446,
            10.605767
          ],
          [
            122.915573,
            10.605827
          ],
          [
            122.915656,
            10.60586
          ],
          [
            122.915766,
            10.605912
          ],
          [
            122.915826,
            10.605924
          ],
          [
            122.915875,
            10.60592
          ],
          [
            122.915917,
            10.60591
          ],
          [
            122.915952,
            10.605887
          ],
          [
            122.916042,
            10.605813
          ],
          [
            122.916125,
            10.605745
          ],
          [
            122.916226,
            10.605661
          ],
          [
            122.916262,
            10.605634
          ],
          [
            122.916638,
            10.60533
          ],
          [
            122.917041,
            10.605037
          ],
          [
            122.917186,
            10.604939
          ],
          [
            122.917323,
            10.604857
          ],
          [
            122.917757,
            10.604633
          ],
          [
            122.918506,
            10.604249
          ],
          [
            122.919742,
            10.603606
          ],
          [
            122.920523,
            10.603166
          ],
          [
            122.920573,
            10.603253
          ],
          [
            122.92085,
            10.603749
          ],
          [
            122.921092,
            10.604167
          ],
          [
            122.921251,
            10.604544
          ],
          [
            122.921288,
            10.604621
          ],
          [
            122.921403,
            10.604736
          ],
          [
            122.921806,
            10.605328
          ],
          [
            122.922099,
            10.605907
          ],
          [
            122.922118,
            10.605951
          ],
          [
            122.92219,
            10.606183
          ],
          [
            122.922207,
            10.60623
          ],
          [
            122.922211,
            10.606239
          ],
          [
            122.922315,
            10.606492
          ],
          [
            122.922415,
            10.606665
          ],
          [
            122.92273,
            10.607129
          ],
          [
            122.922774,
            10.607195
          ],
          [
            122.922837,
            10.60728
          ],
          [
            122.922992,
            10.607544
          ],
          [
            122.923207,
            10.607892
          ],
          [
            122.92326,
            10.607968
          ],
          [
            122.92334,
            10.608095
          ],
          [
            122.92341,
            10.6082
          ],
          [
            122.923596,
            10.608503
          ],
          [
            122.923698,
            10.608671
          ],
          [
            122.923828,
            10.608883
          ],
          [
            122.92402,
            10.609192
          ],
          [
            122.924098,
            10.609319
          ],
          [
            122.924564,
            10.610141
          ],
          [
            122.924623,
            10.610254
          ],
          [
            122.924805,
            10.610609
          ],
          [
            122.924854,
            10.6107
          ],
          [
            122.924955,
            10.61089
          ],
          [
            122.925111,
            10.611184
          ],
          [
            122.925265,
            10.611482
          ],
          [
            122.925468,
            10.611868
          ],
          [
            122.92567,
            10.612268
          ],
          [
            122.925721,
            10.61236
          ],
          [
            122.925784,
            10.612482
          ],
          [
            122.925864,
            10.612629
          ],
          [
            122.925905,
            10.612708
          ],
          [
            122.926155,
            10.613186
          ],
          [
            122.926338,
            10.613536
          ],
          [
            122.926633,
            10.6141
          ],
          [
            122.926671,
            10.614172
          ],
          [
            122.927166,
            10.615098
          ],
          [
            122.92719,
            10.615147
          ],
          [
            122.92722,
            10.615209
          ],
          [
            122.927312,
            10.615377
          ],
          [
            122.927423,
            10.61558
          ],
          [
            122.927836,
            10.616354
          ],
          [
            122.927875,
            10.61644
          ],
          [
            122.928065,
            10.616801
          ],
          [
            122.92808,
            10.616831
          ],
          [
            122.928424,
            10.617506
          ],
          [
            122.928574,
            10.617784
          ],
          [
            122.928658,
            10.617949
          ],
          [
            122.928856,
            10.618392
          ],
          [
            122.928985,
            10.618775
          ],
          [
            122.929029,
            10.618917
          ],
          [
            122.929067,
            10.619039
          ],
          [
            122.929102,
            10.619207
          ],
          [
            122.929117,
            10.619281
          ],
          [
            122.929129,
            10.619359
          ],
          [
            122.929153,
            10.619513
          ],
          [
            122.929173,
            10.61967
          ],
          [
            122.929188,
            10.619837
          ],
          [
            122.929198,
            10.620006
          ],
          [
            122.929198,
            10.620241
          ],
          [
            122.929189,
            10.620423
          ],
          [
            122.929188,
            10.62045
          ],
          [
            122.92917,
            10.620716
          ],
          [
            122.929134,
            10.621102
          ],
          [
            122.928949,
            10.622788
          ],
          [
            122.928868,
            10.623291
          ],
          [
            122.928836,
            10.623496
          ],
          [
            122.92881,
            10.623637
          ],
          [
            122.928795,
            10.623725
          ],
          [
            122.928705,
            10.624222
          ],
          [
            122.928686,
            10.624317
          ],
          [
            122.928623,
            10.624641
          ],
          [
            122.928079,
            10.62698
          ],
          [
            122.928061,
            10.627057
          ],
          [
            122.928024,
            10.627206
          ],
          [
            122.927999,
            10.62732
          ],
          [
            122.927958,
            10.627491
          ],
          [
            122.927928,
            10.627636
          ],
          [
            122.927905,
            10.627745
          ],
          [
            122.927848,
            10.627969
          ],
          [
            122.927823,
            10.628082
          ],
          [
            122.927812,
            10.628134
          ],
          [
            122.927744,
            10.628186
          ],
          [
            122.927739,
            10.628215
          ],
          [
            122.927673,
            10.628509
          ],
          [
            122.927617,
            10.628759
          ],
          [
            122.927555,
            10.629072
          ],
          [
            122.92753,
            10.629328
          ],
          [
            122.927535,
            10.629564
          ],
          [
            122.92755,
            10.629775
          ],
          [
            122.92759,
            10.630086
          ],
          [
            122.927628,
            10.630301
          ],
          [
            122.927709,
            10.630368
          ],
          [
            122.927742,
            10.630481
          ],
          [
            122.927764,
            10.630551
          ],
          [
            122.927782,
            10.630591
          ],
          [
            122.927827,
            10.630724
          ],
          [
            122.927891,
            10.630879
          ],
          [
            122.927969,
            10.63106
          ],
          [
            122.928002,
            10.631134
          ],
          [
            122.928049,
            10.631234
          ],
          [
            122.928069,
            10.631275
          ],
          [
            122.928211,
            10.631596
          ],
          [
            122.928429,
            10.632083
          ],
          [
            122.928497,
            10.632237
          ],
          [
            122.92852,
            10.632286
          ],
          [
            122.928566,
            10.632391
          ],
          [
            122.928619,
            10.632508
          ],
          [
            122.928711,
            10.632702
          ],
          [
            122.928945,
            10.63323
          ],
          [
            122.929008,
            10.633385
          ],
          [
            122.929217,
            10.633855
          ],
          [
            122.929424,
            10.634318
          ],
          [
            122.929689,
            10.634899
          ],
          [
            122.929815,
            10.635193
          ],
          [
            122.929978,
            10.635532
          ],
          [
            122.930077,
            10.635775
          ],
          [
            122.93022,
            10.636079
          ],
          [
            122.930234,
            10.636117
          ],
          [
            122.930457,
            10.636588
          ],
          [
            122.931095,
            10.63803
          ],
          [
            122.931219,
            10.638307
          ],
          [
            122.931349,
            10.638592
          ],
          [
            122.931638,
            10.639247
          ],
          [
            122.931692,
            10.639359
          ],
          [
            122.931789,
            10.639585
          ],
          [
            122.932069,
            10.640199
          ],
          [
            122.932162,
            10.640416
          ],
          [
            122.932249,
            10.640603
          ],
          [
            122.932347,
            10.640818
          ],
          [
            122.932383,
            10.640912
          ],
          [
            122.932901,
            10.642081
          ],
          [
            122.933106,
            10.642538
          ],
          [
            122.933136,
            10.642609
          ],
          [
            122.933284,
            10.642936
          ],
          [
            122.933628,
            10.64366
          ],
          [
            122.933643,
            10.643702
          ],
          [
            122.933889,
            10.644202
          ],
          [
            122.93411,
            10.644672
          ],
          [
            122.934826,
            10.646262
          ],
          [
            122.935097,
            10.646859
          ],
          [
            122.935157,
            10.646996
          ],
          [
            122.935194,
            10.64708
          ],
          [
            122.935299,
            10.64732
          ],
          [
            122.935348,
            10.64742
          ],
          [
            122.935373,
            10.647476
          ],
          [
            122.935438,
            10.647613
          ],
          [
            122.935619,
            10.647993
          ],
          [
            122.935683,
            10.648261
          ],
          [
            122.935873,
            10.648654
          ],
          [
            122.935903,
            10.648718
          ],
          [
            122.936013,
            10.648935
          ],
          [
            122.936288,
            10.64949
          ],
          [
            122.936415,
            10.649751
          ],
          [
            122.93647,
            10.64988
          ],
          [
            122.936501,
            10.649959
          ],
          [
            122.936752,
            10.650473
          ],
          [
            122.936817,
            10.650613
          ],
          [
            122.936994,
            10.650978
          ],
          [
            122.937112,
            10.65123
          ],
          [
            122.937169,
            10.651346
          ],
          [
            122.937251,
            10.651511
          ],
          [
            122.9373,
            10.651611
          ],
          [
            122.937642,
            10.652273
          ],
          [
            122.937701,
            10.652394
          ],
          [
            122.937712,
            10.652415
          ],
          [
            122.937796,
            10.652429
          ],
          [
            122.937812,
            10.652452
          ],
          [
            122.937839,
            10.652492
          ],
          [
            122.938362,
            10.653523
          ],
          [
            122.938395,
            10.653586
          ],
          [
            122.938499,
            10.653793
          ],
          [
            122.938777,
            10.654327
          ],
          [
            122.939086,
            10.654917
          ],
          [
            122.93916,
            10.65506
          ],
          [
            122.939218,
            10.655176
          ],
          [
            122.939295,
            10.655323
          ],
          [
            122.939579,
            10.655882
          ],
          [
            122.939875,
            10.656448
          ],
          [
            122.939914,
            10.656522
          ],
          [
            122.939909,
            10.656652
          ],
          [
            122.939992,
            10.656816
          ],
          [
            122.940051,
            10.656932
          ],
          [
            122.940134,
            10.657092
          ],
          [
            122.940221,
            10.657264
          ],
          [
            122.940557,
            10.657921
          ],
          [
            122.940607,
            10.658017
          ],
          [
            122.940835,
            10.658452
          ],
          [
            122.940975,
            10.658722
          ],
          [
            122.941029,
            10.65883
          ],
          [
            122.941222,
            10.659204
          ],
          [
            122.941366,
            10.659496
          ],
          [
            122.94154,
            10.659841
          ],
          [
            122.941573,
            10.659914
          ],
          [
            122.941669,
            10.660103
          ],
          [
            122.941923,
            10.66062
          ],
          [
            122.941979,
            10.660734
          ],
          [
            122.942317,
            10.661409
          ],
          [
            122.942396,
            10.661554
          ],
          [
            122.942447,
            10.66166
          ],
          [
            122.942529,
            10.661821
          ],
          [
            122.942633,
            10.662038
          ],
          [
            122.942912,
            10.662598
          ],
          [
            122.942959,
            10.66269
          ],
          [
            122.942996,
            10.662763
          ],
          [
            122.943048,
            10.662866
          ],
          [
            122.943399,
            10.663572
          ],
          [
            122.943685,
            10.664136
          ],
          [
            122.944014,
            10.664763
          ],
          [
            122.944679,
            10.666005
          ],
          [
            122.944751,
            10.66614
          ],
          [
            122.944811,
            10.666258
          ],
          [
            122.94505,
            10.66674
          ],
          [
            122.945137,
            10.666906
          ],
          [
            122.945179,
            10.666989
          ],
          [
            122.945382,
            10.667376
          ],
          [
            122.945464,
            10.667523
          ],
          [
            122.945518,
            10.667627
          ],
          [
            122.945601,
            10.667782
          ],
          [
            122.946129,
            10.668773
          ],
          [
            122.946226,
            10.668733
          ],
          [
            122.946808,
            10.668477
          ],
          [
            122.946839,
            10.668463
          ],
          [
            122.946923,
            10.66848
          ],
          [
            122.946975,
            10.668505
          ],
          [
            122.947008,
            10.668524
          ],
          [
            122.947047,
            10.668568
          ],
          [
            122.947249,
            10.669006
          ],
          [
            122.947302,
            10.669132
          ],
          [
            122.947416,
            10.669383
          ],
          [
            122.947492,
            10.669567
          ],
          [
            122.946895,
            10.669826
          ],
          [
            122.946656,
            10.669936
          ],
          [
            122.946445,
            10.670032
          ],
          [
            122.946063,
            10.670207
          ],
          [
            122.945253,
            10.670564
          ],
          [
            122.944814,
            10.670743
          ],
          [
            122.9447,
            10.670789
          ],
          [
            122.9436,
            10.671232
          ],
          [
            122.942941,
            10.671497
          ],
          [
            122.942522,
            10.671655
          ],
          [
            122.942335,
            10.671217
          ],
          [
            122.941587,
            10.669451
          ],
          [
            122.941555,
            10.669364
          ],
          [
            122.942098,
            10.669149
          ],
          [
            122.942276,
            10.669083
          ],
          [
            122.943295,
            10.668656
          ],
          [
            122.943463,
            10.668587
          ],
          [
            122.94365,
            10.668505
          ],
          [
            122.943748,
            10.66846
          ],
          [
            122.943866,
            10.668389
          ],
          [
            122.94405,
            10.668281
          ],
          [
            122.944136,
            10.66823
          ],
          [
            122.94421,
            10.668191
          ],
          [
            122.944322,
            10.668141
          ],
          [
            122.944475,
            10.668071
          ],
          [
            122.944319,
            10.667842
          ],
          [
            122.94395,
            10.66733
          ],
          [
            122.943781,
            10.667079
          ],
          [
            122.943738,
            10.66702
          ],
          [
            122.943543,
            10.666725
          ],
          [
            122.943075,
            10.66605
          ],
          [
            122.942586,
            10.665358
          ],
          [
            122.944014,
            10.664763
          ],
          [
            122.943685,
            10.664136
          ],
          [
            122.943399,
            10.663572
          ],
          [
            122.943048,
            10.662866
          ],
          [
            122.942996,
            10.662763
          ],
          [
            122.942959,
            10.66269
          ],
          [
            122.942912,
            10.662598
          ],
          [
            122.942633,
            10.662038
          ],
          [
            122.942529,
            10.661821
          ],
          [
            122.942447,
            10.66166
          ],
          [
            122.942396,
            10.661554
          ],
          [
            122.942317,
            10.661409
          ],
          [
            122.941979,
            10.660734
          ],
          [
            122.941923,
            10.66062
          ],
          [
            122.941669,
            10.660103
          ],
          [
            122.941573,
            10.659914
          ],
          [
            122.94154,
            10.659841
          ],
          [
            122.941366,
            10.659496
          ],
          [
            122.941222,
            10.659204
          ],
          [
            122.941029,
            10.65883
          ],
          [
            122.940975,
            10.658722
          ],
          [
            122.940835,
            10.658452
          ],
          [
            122.940607,
            10.658017
          ],
          [
            122.940557,
            10.657921
          ],
          [
            122.940221,
            10.657264
          ],
          [
            122.940134,
            10.657092
          ],
          [
            122.940051,
            10.656932
          ],
          [
            122.939992,
            10.656816
          ],
          [
            122.939909,
            10.656652
          ],
          [
            122.939804,
            10.656595
          ],
          [
            122.939758,
            10.656524
          ],
          [
            122.939454,
            10.65595
          ],
          [
            122.939092,
            10.655246
          ],
          [
            122.939034,
            10.655143
          ],
          [
            122.93864,
            10.654387
          ],
          [
            122.93853,
            10.654172
          ],
          [
            122.938367,
            10.653853
          ],
          [
            122.938333,
            10.653785
          ],
          [
            122.938269,
            10.653649
          ],
          [
            122.938212,
            10.653544
          ],
          [
            122.937911,
            10.652969
          ],
          [
            122.93777,
            10.652693
          ],
          [
            122.937708,
            10.652559
          ],
          [
            122.937692,
            10.65249
          ],
          [
            122.937712,
            10.652415
          ],
          [
            122.937701,
            10.652394
          ],
          [
            122.937642,
            10.652273
          ],
          [
            122.9373,
            10.651611
          ],
          [
            122.937251,
            10.651511
          ],
          [
            122.937169,
            10.651346
          ],
          [
            122.937112,
            10.65123
          ],
          [
            122.936994,
            10.650978
          ],
          [
            122.936817,
            10.650613
          ],
          [
            122.936752,
            10.650473
          ],
          [
            122.936501,
            10.649959
          ],
          [
            122.93647,
            10.64988
          ],
          [
            122.936415,
            10.649751
          ],
          [
            122.936288,
            10.64949
          ],
          [
            122.936013,
            10.648935
          ],
          [
            122.935903,
            10.648718
          ],
          [
            122.935873,
            10.648654
          ],
          [
            122.935683,
            10.648261
          ],
          [
            122.935485,
            10.648
          ],
          [
            122.93535,
            10.647724
          ],
          [
            122.935324,
            10.647665
          ],
          [
            122.935263,
            10.647529
          ],
          [
            122.935082,
            10.647133
          ],
          [
            122.935045,
            10.647055
          ],
          [
            122.934719,
            10.646312
          ],
          [
            122.934212,
            10.645166
          ],
          [
            122.934012,
            10.644714
          ],
          [
            122.933802,
            10.644249
          ],
          [
            122.933548,
            10.643752
          ],
          [
            122.933528,
            10.643709
          ],
          [
            122.933319,
            10.643274
          ],
          [
            122.933039,
            10.642647
          ],
          [
            122.933009,
            10.64258
          ],
          [
            122.932802,
            10.642124
          ],
          [
            122.932283,
            10.640954
          ],
          [
            122.932246,
            10.640865
          ],
          [
            122.932154,
            10.640645
          ],
          [
            122.932045,
            10.640421
          ],
          [
            122.931749,
            10.63975
          ],
          [
            122.931689,
            10.639623
          ],
          [
            122.931587,
            10.639393
          ],
          [
            122.931248,
            10.638638
          ],
          [
            122.930996,
            10.638076
          ],
          [
            122.930417,
            10.636779
          ],
          [
            122.930375,
            10.636686
          ],
          [
            122.930353,
            10.636634
          ],
          [
            122.930286,
            10.636484
          ],
          [
            122.930135,
            10.636158
          ],
          [
            122.929972,
            10.635796
          ],
          [
            122.929873,
            10.635573
          ],
          [
            122.929716,
            10.635234
          ],
          [
            122.929588,
            10.634941
          ],
          [
            122.929324,
            10.634358
          ],
          [
            122.929171,
            10.634016
          ],
          [
            122.929118,
            10.633901
          ],
          [
            122.929062,
            10.633781
          ],
          [
            122.928911,
            10.63343
          ],
          [
            122.928841,
            10.633266
          ],
          [
            122.928609,
            10.632743
          ],
          [
            122.92852,
            10.632546
          ],
          [
            122.928424,
            10.63233
          ],
          [
            122.928331,
            10.632128
          ],
          [
            122.928112,
            10.631639
          ],
          [
            122.927966,
            10.631324
          ],
          [
            122.927944,
            10.631274
          ],
          [
            122.927908,
            10.631189
          ],
          [
            122.927868,
            10.631097
          ],
          [
            122.927828,
            10.631004
          ],
          [
            122.92779,
            10.630923
          ],
          [
            122.927725,
            10.630766
          ],
          [
            122.927677,
            10.630625
          ],
          [
            122.927658,
            10.630582
          ],
          [
            122.927621,
            10.630453
          ],
          [
            122.927609,
            10.630403
          ],
          [
            122.927603,
            10.630363
          ],
          [
            122.927628,
            10.630301
          ],
          [
            122.92759,
            10.630086
          ],
          [
            122.92755,
            10.629775
          ],
          [
            122.927535,
            10.629564
          ],
          [
            122.92753,
            10.629328
          ],
          [
            122.927555,
            10.629072
          ],
          [
            122.927617,
            10.628759
          ],
          [
            122.927673,
            10.628509
          ],
          [
            122.927739,
            10.628215
          ],
          [
            122.927744,
            10.628186
          ],
          [
            122.927708,
            10.628117
          ],
          [
            122.927721,
            10.628054
          ],
          [
            122.927746,
            10.62795
          ],
          [
            122.927802,
            10.627722
          ],
          [
            122.927825,
            10.627613
          ],
          [
            122.927856,
            10.627469
          ],
          [
            122.927896,
            10.627298
          ],
          [
            122.927922,
            10.627183
          ],
          [
            122.927959,
            10.627033
          ],
          [
            122.927977,
            10.626957
          ],
          [
            122.92852,
            10.62462
          ],
          [
            122.928583,
            10.624296
          ],
          [
            122.928602,
            10.624203
          ],
          [
            122.928707,
            10.623619
          ],
          [
            122.928732,
            10.62348
          ],
          [
            122.928764,
            10.623276
          ],
          [
            122.928838,
            10.622775
          ],
          [
            122.92903,
            10.621092
          ],
          [
            122.929065,
            10.620707
          ],
          [
            122.929083,
            10.620444
          ],
          [
            122.929084,
            10.62042
          ],
          [
            122.929092,
            10.620239
          ],
          [
            122.929092,
            10.620009
          ],
          [
            122.929083,
            10.619845
          ],
          [
            122.929068,
            10.619681
          ],
          [
            122.929048,
            10.619527
          ],
          [
            122.929025,
            10.619373
          ],
          [
            122.929014,
            10.619299
          ],
          [
            122.928999,
            10.619228
          ],
          [
            122.928965,
            10.619065
          ],
          [
            122.928928,
            10.618948
          ],
          [
            122.928885,
            10.618807
          ],
          [
            122.928751,
            10.618431
          ],
          [
            122.928556,
            10.617992
          ],
          [
            122.92848,
            10.61783
          ],
          [
            122.928331,
            10.617553
          ],
          [
            122.927987,
            10.616878
          ],
          [
            122.927971,
            10.616848
          ],
          [
            122.927781,
            10.616485
          ],
          [
            122.927741,
            10.6164
          ],
          [
            122.92733,
            10.615628
          ],
          [
            122.927206,
            10.615401
          ],
          [
            122.927126,
            10.615256
          ],
          [
            122.927098,
            10.615198
          ],
          [
            122.927072,
            10.615144
          ],
          [
            122.926577,
            10.61422
          ],
          [
            122.92654,
            10.61415
          ],
          [
            122.926241,
            10.613584
          ],
          [
            122.926058,
            10.613237
          ],
          [
            122.925806,
            10.612758
          ],
          [
            122.925766,
            10.612678
          ],
          [
            122.92569,
            10.612529
          ],
          [
            122.925628,
            10.612408
          ],
          [
            122.925577,
            10.612315
          ],
          [
            122.925375,
            10.611914
          ],
          [
            122.925173,
            10.611534
          ],
          [
            122.925017,
            10.611232
          ],
          [
            122.924862,
            10.610938
          ],
          [
            122.924763,
            10.61075
          ],
          [
            122.924715,
            10.61066
          ],
          [
            122.924691,
            10.610612
          ],
          [
            122.924632,
            10.610508
          ],
          [
            122.924528,
            10.610295
          ],
          [
            122.92447,
            10.610186
          ],
          [
            122.924436,
            10.610123
          ],
          [
            122.924019,
            10.60938
          ],
          [
            122.923928,
            10.609232
          ],
          [
            122.923746,
            10.608928
          ],
          [
            122.923613,
            10.608721
          ],
          [
            122.923504,
            10.608547
          ],
          [
            122.923321,
            10.608261
          ],
          [
            122.923251,
            10.608149
          ],
          [
            122.923163,
            10.608021
          ],
          [
            122.923115,
            10.607932
          ],
          [
            122.922901,
            10.607585
          ],
          [
            122.922724,
            10.607311
          ],
          [
            122.922688,
            10.607253
          ],
          [
            122.922639,
            10.607183
          ],
          [
            122.922365,
            10.606754
          ],
          [
            122.922264,
            10.606546
          ],
          [
            122.922129,
            10.606274
          ],
          [
            122.922111,
            10.606232
          ],
          [
            122.921972,
            10.606015
          ],
          [
            122.921948,
            10.605964
          ],
          [
            122.921648,
            10.605373
          ],
          [
            122.921514,
            10.605109
          ],
          [
            122.921318,
            10.604748
          ],
          [
            122.921288,
            10.604621
          ],
          [
            122.921251,
            10.604544
          ],
          [
            122.921092,
            10.604167
          ],
          [
            122.92085,
            10.603749
          ],
          [
            122.920573,
            10.603253
          ],
          [
            122.920523,
            10.603166
          ],
          [
            122.919742,
            10.603606
          ],
          [
            122.918506,
            10.604249
          ],
          [
            122.917757,
            10.604633
          ],
          [
            122.917323,
            10.604857
          ],
          [
            122.917186,
            10.604939
          ],
          [
            122.917041,
            10.605037
          ],
          [
            122.916638,
            10.60533
          ],
          [
            122.916262,
            10.605634
          ],
          [
            122.916226,
            10.605661
          ],
          [
            122.916125,
            10.605745
          ],
          [
            122.916042,
            10.605813
          ],
          [
            122.915952,
            10.605887
          ],
          [
            122.915917,
            10.60591
          ],
          [
            122.915875,
            10.60592
          ],
          [
            122.915826,
            10.605924
          ],
          [
            122.915766,
            10.605912
          ],
          [
            122.915656,
            10.60586
          ],
          [
            122.915573,
            10.605827
          ],
          [
            122.915446,
            10.605767
          ],
          [
            122.91517,
            10.605623
          ],
          [
            122.914857,
            10.605461
          ],
          [
            122.914483,
            10.60528
          ],
          [
            122.914292,
            10.605177
          ],
          [
            122.91413,
            10.605085
          ],
          [
            122.913882,
            10.604897
          ],
          [
            122.913718,
            10.604738
          ],
          [
            122.913634,
            10.604656
          ],
          [
            122.913491,
            10.604528
          ],
          [
            122.913251,
            10.604305
          ],
          [
            122.9131,
            10.604148
          ],
          [
            122.912913,
            10.603843
          ],
          [
            122.912821,
            10.603718
          ],
          [
            122.912759,
            10.603643
          ],
          [
            122.912707,
            10.603598
          ],
          [
            122.912613,
            10.603514
          ],
          [
            122.912476,
            10.603422
          ],
          [
            122.912298,
            10.603339
          ],
          [
            122.912111,
            10.603253
          ],
          [
            122.911983,
            10.603196
          ],
          [
            122.911835,
            10.60313
          ],
          [
            122.911084,
            10.60267
          ],
          [
            122.910997,
            10.602623
          ],
          [
            122.910058,
            10.602164
          ],
          [
            122.909669,
            10.601968
          ],
          [
            122.909408,
            10.601843
          ],
          [
            122.909189,
            10.601757
          ],
          [
            122.909053,
            10.601705
          ],
          [
            122.908896,
            10.601632
          ],
          [
            122.908776,
            10.601576
          ],
          [
            122.908613,
            10.601489
          ],
          [
            122.908464,
            10.601414
          ],
          [
            122.908193,
            10.601273
          ],
          [
            122.907884,
            10.601125
          ],
          [
            122.907286,
            10.600888
          ],
          [
            122.907233,
            10.600865
          ],
          [
            122.906866,
            10.600755
          ],
          [
            122.906645,
            10.600685
          ],
          [
            122.906388,
            10.600601
          ],
          [
            122.90591,
            10.600422
          ],
          [
            122.905858,
            10.600399
          ],
          [
            122.905532,
            10.600257
          ],
          [
            122.905261,
            10.600153
          ],
          [
            122.905076,
            10.600088
          ]
        ]
      }
    },
    {
      "type": "Feature",
      "properties": {
        "number": 10,
        "id": "tangub-south-capitol",
        "name": "Tangub \u2013 South Capitol Rd. Loop",
        "color": "#16a66a",
        "mode": "jeepney",
        "status": "osm_route_relation",
        "distance_km": 13.75,
        "source_url": "https://www.openstreetmap.org/relation/21163994",
        "osm_relations": [
          21163994,
          21163995
        ],
        "attribution": "\u00a9 OpenStreetMap contributors, ODbL",
        "anchors": [
          {
            "id": "tangub",
            "name": "Tangub",
            "lng": 122.940339,
            "lat": 10.632867
          },
          {
            "id": "gaisano",
            "name": "Gaisano",
            "lng": 122.93965,
            "lat": 10.65923
          },
          {
            "id": "south_capitol_rd",
            "name": "South Capitol Rd.",
            "lng": 122.949212,
            "lat": 10.676305
          }
        ],
        "return_anchors": [
          {
            "id": "sm",
            "name": "Sm",
            "lng": 122.94436,
            "lat": 10.67221
          }
        ]
      },
      "geometry": {
        "type": "LineString",
        "coordinates": [
          [
            122.940339,
            10.632867
          ],
          [
            122.93995,
            10.632955
          ],
          [
            122.939597,
            10.63304
          ],
          [
            122.939362,
            10.633106
          ],
          [
            122.939041,
            10.633196
          ],
          [
            122.938295,
            10.63341
          ],
          [
            122.93823,
            10.633429
          ],
          [
            122.937923,
            10.633518
          ],
          [
            122.937373,
            10.63368
          ],
          [
            122.937304,
            10.633684
          ],
          [
            122.937118,
            10.63375
          ],
          [
            122.936913,
            10.633816
          ],
          [
            122.936611,
            10.633924
          ],
          [
            122.93585,
            10.634189
          ],
          [
            122.934146,
            10.634792
          ],
          [
            122.933883,
            10.634888
          ],
          [
            122.933357,
            10.635069
          ],
          [
            122.932986,
            10.635189
          ],
          [
            122.932577,
            10.635321
          ],
          [
            122.931797,
            10.63559
          ],
          [
            122.93101,
            10.635836
          ],
          [
            122.930234,
            10.636117
          ],
          [
            122.930457,
            10.636588
          ],
          [
            122.931095,
            10.63803
          ],
          [
            122.931219,
            10.638307
          ],
          [
            122.931349,
            10.638592
          ],
          [
            122.931638,
            10.639247
          ],
          [
            122.931692,
            10.639359
          ],
          [
            122.931789,
            10.639585
          ],
          [
            122.932069,
            10.640199
          ],
          [
            122.932162,
            10.640416
          ],
          [
            122.932249,
            10.640603
          ],
          [
            122.932347,
            10.640818
          ],
          [
            122.932383,
            10.640912
          ],
          [
            122.932901,
            10.642081
          ],
          [
            122.933106,
            10.642538
          ],
          [
            122.933136,
            10.642609
          ],
          [
            122.933284,
            10.642936
          ],
          [
            122.933628,
            10.64366
          ],
          [
            122.933643,
            10.643702
          ],
          [
            122.933889,
            10.644202
          ],
          [
            122.93411,
            10.644672
          ],
          [
            122.934826,
            10.646262
          ],
          [
            122.935097,
            10.646859
          ],
          [
            122.935157,
            10.646996
          ],
          [
            122.935194,
            10.64708
          ],
          [
            122.935299,
            10.64732
          ],
          [
            122.935348,
            10.64742
          ],
          [
            122.935373,
            10.647476
          ],
          [
            122.935438,
            10.647613
          ],
          [
            122.935619,
            10.647993
          ],
          [
            122.935683,
            10.648261
          ],
          [
            122.935873,
            10.648654
          ],
          [
            122.935903,
            10.648718
          ],
          [
            122.936013,
            10.648935
          ],
          [
            122.936288,
            10.64949
          ],
          [
            122.936415,
            10.649751
          ],
          [
            122.93647,
            10.64988
          ],
          [
            122.936501,
            10.649959
          ],
          [
            122.936752,
            10.650473
          ],
          [
            122.936817,
            10.650613
          ],
          [
            122.936994,
            10.650978
          ],
          [
            122.937112,
            10.65123
          ],
          [
            122.937169,
            10.651346
          ],
          [
            122.937251,
            10.651511
          ],
          [
            122.9373,
            10.651611
          ],
          [
            122.937642,
            10.652273
          ],
          [
            122.937701,
            10.652394
          ],
          [
            122.937712,
            10.652415
          ],
          [
            122.937796,
            10.652429
          ],
          [
            122.937812,
            10.652452
          ],
          [
            122.937839,
            10.652492
          ],
          [
            122.938362,
            10.653523
          ],
          [
            122.938395,
            10.653586
          ],
          [
            122.938499,
            10.653793
          ],
          [
            122.938777,
            10.654327
          ],
          [
            122.939086,
            10.654917
          ],
          [
            122.93916,
            10.65506
          ],
          [
            122.939218,
            10.655176
          ],
          [
            122.939295,
            10.655323
          ],
          [
            122.939579,
            10.655882
          ],
          [
            122.939875,
            10.656448
          ],
          [
            122.939914,
            10.656522
          ],
          [
            122.939909,
            10.656652
          ],
          [
            122.939992,
            10.656816
          ],
          [
            122.940051,
            10.656932
          ],
          [
            122.940134,
            10.657092
          ],
          [
            122.940221,
            10.657264
          ],
          [
            122.940557,
            10.657921
          ],
          [
            122.940607,
            10.658017
          ],
          [
            122.940835,
            10.658452
          ],
          [
            122.940975,
            10.658722
          ],
          [
            122.941029,
            10.65883
          ],
          [
            122.941222,
            10.659204
          ],
          [
            122.941366,
            10.659496
          ],
          [
            122.94154,
            10.659841
          ],
          [
            122.941573,
            10.659914
          ],
          [
            122.941669,
            10.660103
          ],
          [
            122.941923,
            10.66062
          ],
          [
            122.941979,
            10.660734
          ],
          [
            122.942317,
            10.661409
          ],
          [
            122.942396,
            10.661554
          ],
          [
            122.942447,
            10.66166
          ],
          [
            122.942529,
            10.661821
          ],
          [
            122.942633,
            10.662038
          ],
          [
            122.942912,
            10.662598
          ],
          [
            122.942959,
            10.66269
          ],
          [
            122.942996,
            10.662763
          ],
          [
            122.943048,
            10.662866
          ],
          [
            122.943399,
            10.663572
          ],
          [
            122.943685,
            10.664136
          ],
          [
            122.944014,
            10.664763
          ],
          [
            122.944679,
            10.666005
          ],
          [
            122.944751,
            10.66614
          ],
          [
            122.944811,
            10.666258
          ],
          [
            122.94505,
            10.66674
          ],
          [
            122.945137,
            10.666906
          ],
          [
            122.945179,
            10.666989
          ],
          [
            122.945382,
            10.667376
          ],
          [
            122.945464,
            10.667523
          ],
          [
            122.945518,
            10.667627
          ],
          [
            122.945601,
            10.667782
          ],
          [
            122.946129,
            10.668773
          ],
          [
            122.946226,
            10.668733
          ],
          [
            122.946808,
            10.668477
          ],
          [
            122.946839,
            10.668463
          ],
          [
            122.946923,
            10.66848
          ],
          [
            122.946975,
            10.668505
          ],
          [
            122.947008,
            10.668524
          ],
          [
            122.947047,
            10.668568
          ],
          [
            122.947249,
            10.669006
          ],
          [
            122.947302,
            10.669132
          ],
          [
            122.947416,
            10.669383
          ],
          [
            122.947492,
            10.669567
          ],
          [
            122.947564,
            10.669733
          ],
          [
            122.947759,
            10.670147
          ],
          [
            122.948148,
            10.670986
          ],
          [
            122.948207,
            10.671108
          ],
          [
            122.94832,
            10.671356
          ],
          [
            122.948384,
            10.67149
          ],
          [
            122.948433,
            10.671597
          ],
          [
            122.948717,
            10.672212
          ],
          [
            122.948767,
            10.67233
          ],
          [
            122.94883,
            10.672396
          ],
          [
            122.948859,
            10.672451
          ],
          [
            122.948882,
            10.672497
          ],
          [
            122.948946,
            10.672633
          ],
          [
            122.948962,
            10.672664
          ],
          [
            122.949054,
            10.672871
          ],
          [
            122.949182,
            10.673149
          ],
          [
            122.949279,
            10.673372
          ],
          [
            122.94956,
            10.674012
          ],
          [
            122.949595,
            10.674089
          ],
          [
            122.949788,
            10.674523
          ],
          [
            122.949984,
            10.674969
          ],
          [
            122.950008,
            10.675029
          ],
          [
            122.950137,
            10.675331
          ],
          [
            122.95032,
            10.675747
          ],
          [
            122.950323,
            10.675864
          ],
          [
            122.950246,
            10.675894
          ],
          [
            122.949927,
            10.676011
          ],
          [
            122.949598,
            10.676146
          ],
          [
            122.949465,
            10.676201
          ],
          [
            122.949212,
            10.676305
          ],
          [
            122.949159,
            10.676327
          ],
          [
            122.948797,
            10.676472
          ],
          [
            122.948486,
            10.676596
          ],
          [
            122.948373,
            10.676641
          ],
          [
            122.948307,
            10.676458
          ],
          [
            122.948282,
            10.676379
          ],
          [
            122.948267,
            10.676297
          ],
          [
            122.948244,
            10.676171
          ],
          [
            122.948216,
            10.675873
          ],
          [
            122.948167,
            10.67522
          ],
          [
            122.948098,
            10.674481
          ],
          [
            122.947976,
            10.673158
          ],
          [
            122.947951,
            10.673039
          ],
          [
            122.947925,
            10.672949
          ],
          [
            122.947811,
            10.672738
          ],
          [
            122.948061,
            10.672617
          ],
          [
            122.948767,
            10.67233
          ],
          [
            122.948717,
            10.672212
          ],
          [
            122.948433,
            10.671597
          ],
          [
            122.948384,
            10.67149
          ],
          [
            122.94832,
            10.671356
          ],
          [
            122.948207,
            10.671108
          ],
          [
            122.948148,
            10.670986
          ],
          [
            122.947759,
            10.670147
          ],
          [
            122.947564,
            10.669733
          ],
          [
            122.947492,
            10.669567
          ],
          [
            122.946895,
            10.669826
          ],
          [
            122.946656,
            10.669936
          ],
          [
            122.946445,
            10.670032
          ],
          [
            122.946063,
            10.670207
          ],
          [
            122.945253,
            10.670564
          ],
          [
            122.944814,
            10.670743
          ],
          [
            122.9447,
            10.670789
          ],
          [
            122.9436,
            10.671232
          ],
          [
            122.942941,
            10.671497
          ],
          [
            122.942522,
            10.671655
          ],
          [
            122.942335,
            10.671217
          ],
          [
            122.941587,
            10.669451
          ],
          [
            122.941555,
            10.669364
          ],
          [
            122.942098,
            10.669149
          ],
          [
            122.942276,
            10.669083
          ],
          [
            122.943295,
            10.668656
          ],
          [
            122.943463,
            10.668587
          ],
          [
            122.94365,
            10.668505
          ],
          [
            122.943748,
            10.66846
          ],
          [
            122.943866,
            10.668389
          ],
          [
            122.94405,
            10.668281
          ],
          [
            122.944136,
            10.66823
          ],
          [
            122.94421,
            10.668191
          ],
          [
            122.944322,
            10.668141
          ],
          [
            122.944475,
            10.668071
          ],
          [
            122.944319,
            10.667842
          ],
          [
            122.94395,
            10.66733
          ],
          [
            122.943781,
            10.667079
          ],
          [
            122.943738,
            10.66702
          ],
          [
            122.943543,
            10.666725
          ],
          [
            122.943075,
            10.66605
          ],
          [
            122.942586,
            10.665358
          ],
          [
            122.944014,
            10.664763
          ],
          [
            122.943685,
            10.664136
          ],
          [
            122.943399,
            10.663572
          ],
          [
            122.943048,
            10.662866
          ],
          [
            122.942996,
            10.662763
          ],
          [
            122.942959,
            10.66269
          ],
          [
            122.942912,
            10.662598
          ],
          [
            122.942633,
            10.662038
          ],
          [
            122.942529,
            10.661821
          ],
          [
            122.942447,
            10.66166
          ],
          [
            122.942396,
            10.661554
          ],
          [
            122.942317,
            10.661409
          ],
          [
            122.941979,
            10.660734
          ],
          [
            122.941923,
            10.66062
          ],
          [
            122.941669,
            10.660103
          ],
          [
            122.941573,
            10.659914
          ],
          [
            122.94154,
            10.659841
          ],
          [
            122.941366,
            10.659496
          ],
          [
            122.941222,
            10.659204
          ],
          [
            122.941029,
            10.65883
          ],
          [
            122.940975,
            10.658722
          ],
          [
            122.940835,
            10.658452
          ],
          [
            122.940607,
            10.658017
          ],
          [
            122.940557,
            10.657921
          ],
          [
            122.940221,
            10.657264
          ],
          [
            122.940134,
            10.657092
          ],
          [
            122.940051,
            10.656932
          ],
          [
            122.939992,
            10.656816
          ],
          [
            122.939909,
            10.656652
          ],
          [
            122.939804,
            10.656595
          ],
          [
            122.939758,
            10.656524
          ],
          [
            122.939454,
            10.65595
          ],
          [
            122.939092,
            10.655246
          ],
          [
            122.939034,
            10.655143
          ],
          [
            122.93864,
            10.654387
          ],
          [
            122.93853,
            10.654172
          ],
          [
            122.938367,
            10.653853
          ],
          [
            122.938333,
            10.653785
          ],
          [
            122.938269,
            10.653649
          ],
          [
            122.938212,
            10.653544
          ],
          [
            122.937911,
            10.652969
          ],
          [
            122.93777,
            10.652693
          ],
          [
            122.937708,
            10.652559
          ],
          [
            122.937692,
            10.65249
          ],
          [
            122.937712,
            10.652415
          ],
          [
            122.937701,
            10.652394
          ],
          [
            122.937642,
            10.652273
          ],
          [
            122.9373,
            10.651611
          ],
          [
            122.937251,
            10.651511
          ],
          [
            122.937169,
            10.651346
          ],
          [
            122.937112,
            10.65123
          ],
          [
            122.936994,
            10.650978
          ],
          [
            122.936817,
            10.650613
          ],
          [
            122.936752,
            10.650473
          ],
          [
            122.936501,
            10.649959
          ],
          [
            122.93647,
            10.64988
          ],
          [
            122.936415,
            10.649751
          ],
          [
            122.936288,
            10.64949
          ],
          [
            122.936013,
            10.648935
          ],
          [
            122.935903,
            10.648718
          ],
          [
            122.935873,
            10.648654
          ],
          [
            122.935683,
            10.648261
          ],
          [
            122.935485,
            10.648
          ],
          [
            122.93535,
            10.647724
          ],
          [
            122.935324,
            10.647665
          ],
          [
            122.935263,
            10.647529
          ],
          [
            122.935082,
            10.647133
          ],
          [
            122.935045,
            10.647055
          ],
          [
            122.934719,
            10.646312
          ],
          [
            122.934212,
            10.645166
          ],
          [
            122.934012,
            10.644714
          ],
          [
            122.933802,
            10.644249
          ],
          [
            122.933548,
            10.643752
          ],
          [
            122.933528,
            10.643709
          ],
          [
            122.933319,
            10.643274
          ],
          [
            122.933039,
            10.642647
          ],
          [
            122.933009,
            10.64258
          ],
          [
            122.932802,
            10.642124
          ],
          [
            122.932283,
            10.640954
          ],
          [
            122.932246,
            10.640865
          ],
          [
            122.932154,
            10.640645
          ],
          [
            122.932045,
            10.640421
          ],
          [
            122.931749,
            10.63975
          ],
          [
            122.931689,
            10.639623
          ],
          [
            122.931587,
            10.639393
          ],
          [
            122.931248,
            10.638638
          ],
          [
            122.930996,
            10.638076
          ],
          [
            122.930417,
            10.636779
          ],
          [
            122.930375,
            10.636686
          ],
          [
            122.930353,
            10.636634
          ],
          [
            122.930286,
            10.636484
          ],
          [
            122.930135,
            10.636158
          ],
          [
            122.930234,
            10.636117
          ],
          [
            122.93101,
            10.635836
          ],
          [
            122.931797,
            10.63559
          ],
          [
            122.932577,
            10.635321
          ],
          [
            122.932986,
            10.635189
          ],
          [
            122.933357,
            10.635069
          ],
          [
            122.933883,
            10.634888
          ],
          [
            122.934146,
            10.634792
          ],
          [
            122.93585,
            10.634189
          ],
          [
            122.936611,
            10.633924
          ],
          [
            122.936913,
            10.633816
          ],
          [
            122.937118,
            10.63375
          ],
          [
            122.937304,
            10.633684
          ],
          [
            122.937325,
            10.633667
          ],
          [
            122.93736,
            10.633638
          ],
          [
            122.937907,
            10.633468
          ],
          [
            122.938276,
            10.633352
          ],
          [
            122.939021,
            10.633133
          ],
          [
            122.939343,
            10.633045
          ],
          [
            122.939582,
            10.63298
          ],
          [
            122.939936,
            10.632893
          ],
          [
            122.940288,
            10.632808
          ],
          [
            122.940453,
            10.632772
          ]
        ]
      }
    },
    {
      "type": "Feature",
      "properties": {
        "number": 11,
        "id": "airport-south-capitol",
        "name": "Airport Subd. \u2013 South Capitol Rd. Loop",
        "color": "#6d28a0",
        "mode": "jeepney",
        "status": "osm_route_relation",
        "distance_km": 10.99,
        "source_url": "https://www.openstreetmap.org/relation/21163992",
        "osm_relations": [
          21163992,
          21163993
        ],
        "attribution": "\u00a9 OpenStreetMap contributors, ODbL",
        "anchors": [
          {
            "id": "airport_subd",
            "name": "Airport Subd.",
            "lng": 122.927979,
            "lat": 10.644034
          },
          {
            "id": "gaisano",
            "name": "Gaisano",
            "lng": 122.93965,
            "lat": 10.65923
          },
          {
            "id": "south_capitol_rd",
            "name": "South Capitol Rd.",
            "lng": 122.949212,
            "lat": 10.676305
          }
        ],
        "return_anchors": [
          {
            "id": "sm",
            "name": "Sm",
            "lng": 122.94436,
            "lat": 10.67221
          }
        ]
      },
      "geometry": {
        "type": "LineString",
        "coordinates": [
          [
            122.927979,
            10.644034
          ],
          [
            122.92801,
            10.644123
          ],
          [
            122.928129,
            10.644401
          ],
          [
            122.928235,
            10.644655
          ],
          [
            122.92825,
            10.644687
          ],
          [
            122.928347,
            10.644923
          ],
          [
            122.928482,
            10.645228
          ],
          [
            122.928589,
            10.645464
          ],
          [
            122.928724,
            10.645775
          ],
          [
            122.928967,
            10.646375
          ],
          [
            122.929244,
            10.647009
          ],
          [
            122.929338,
            10.647224
          ],
          [
            122.929435,
            10.647447
          ],
          [
            122.929536,
            10.647677
          ],
          [
            122.929633,
            10.647901
          ],
          [
            122.929892,
            10.648492
          ],
          [
            122.930077,
            10.648926
          ],
          [
            122.930803,
            10.650633
          ],
          [
            122.931005,
            10.651117
          ],
          [
            122.931181,
            10.651539
          ],
          [
            122.931511,
            10.652278
          ],
          [
            122.931689,
            10.652663
          ],
          [
            122.931855,
            10.653061
          ],
          [
            122.932143,
            10.653637
          ],
          [
            122.932171,
            10.653692
          ],
          [
            122.932798,
            10.65445
          ],
          [
            122.933153,
            10.654982
          ],
          [
            122.933392,
            10.655388
          ],
          [
            122.933449,
            10.655489
          ],
          [
            122.933569,
            10.655644
          ],
          [
            122.933728,
            10.655737
          ],
          [
            122.933852,
            10.655774
          ],
          [
            122.933992,
            10.655777
          ],
          [
            122.93448,
            10.655659
          ],
          [
            122.934596,
            10.655624
          ],
          [
            122.93471,
            10.655581
          ],
          [
            122.935015,
            10.655481
          ],
          [
            122.935764,
            10.655278
          ],
          [
            122.935841,
            10.655261
          ],
          [
            122.936425,
            10.655158
          ],
          [
            122.936531,
            10.65514
          ],
          [
            122.937086,
            10.655027
          ],
          [
            122.937263,
            10.654978
          ],
          [
            122.937406,
            10.654939
          ],
          [
            122.937554,
            10.654893
          ],
          [
            122.937725,
            10.654825
          ],
          [
            122.93809,
            10.654661
          ],
          [
            122.938207,
            10.654608
          ],
          [
            122.938534,
            10.654442
          ],
          [
            122.93864,
            10.654387
          ],
          [
            122.938777,
            10.654327
          ],
          [
            122.939086,
            10.654917
          ],
          [
            122.93916,
            10.65506
          ],
          [
            122.939218,
            10.655176
          ],
          [
            122.939295,
            10.655323
          ],
          [
            122.939579,
            10.655882
          ],
          [
            122.939875,
            10.656448
          ],
          [
            122.939914,
            10.656522
          ],
          [
            122.939909,
            10.656652
          ],
          [
            122.939992,
            10.656816
          ],
          [
            122.940051,
            10.656932
          ],
          [
            122.940134,
            10.657092
          ],
          [
            122.940221,
            10.657264
          ],
          [
            122.940557,
            10.657921
          ],
          [
            122.940607,
            10.658017
          ],
          [
            122.940835,
            10.658452
          ],
          [
            122.940975,
            10.658722
          ],
          [
            122.941029,
            10.65883
          ],
          [
            122.941222,
            10.659204
          ],
          [
            122.941366,
            10.659496
          ],
          [
            122.94154,
            10.659841
          ],
          [
            122.941573,
            10.659914
          ],
          [
            122.941669,
            10.660103
          ],
          [
            122.941923,
            10.66062
          ],
          [
            122.941979,
            10.660734
          ],
          [
            122.942317,
            10.661409
          ],
          [
            122.942396,
            10.661554
          ],
          [
            122.942447,
            10.66166
          ],
          [
            122.942529,
            10.661821
          ],
          [
            122.942633,
            10.662038
          ],
          [
            122.942912,
            10.662598
          ],
          [
            122.942959,
            10.66269
          ],
          [
            122.942996,
            10.662763
          ],
          [
            122.943048,
            10.662866
          ],
          [
            122.943399,
            10.663572
          ],
          [
            122.943685,
            10.664136
          ],
          [
            122.944014,
            10.664763
          ],
          [
            122.944679,
            10.666005
          ],
          [
            122.944751,
            10.66614
          ],
          [
            122.944811,
            10.666258
          ],
          [
            122.94505,
            10.66674
          ],
          [
            122.945137,
            10.666906
          ],
          [
            122.945179,
            10.666989
          ],
          [
            122.945382,
            10.667376
          ],
          [
            122.945464,
            10.667523
          ],
          [
            122.945518,
            10.667627
          ],
          [
            122.945601,
            10.667782
          ],
          [
            122.946129,
            10.668773
          ],
          [
            122.946226,
            10.668733
          ],
          [
            122.946808,
            10.668477
          ],
          [
            122.946839,
            10.668463
          ],
          [
            122.946923,
            10.66848
          ],
          [
            122.946975,
            10.668505
          ],
          [
            122.947008,
            10.668524
          ],
          [
            122.947047,
            10.668568
          ],
          [
            122.947249,
            10.669006
          ],
          [
            122.947302,
            10.669132
          ],
          [
            122.947416,
            10.669383
          ],
          [
            122.947492,
            10.669567
          ],
          [
            122.947564,
            10.669733
          ],
          [
            122.947759,
            10.670147
          ],
          [
            122.948148,
            10.670986
          ],
          [
            122.948207,
            10.671108
          ],
          [
            122.94832,
            10.671356
          ],
          [
            122.948384,
            10.67149
          ],
          [
            122.948433,
            10.671597
          ],
          [
            122.948717,
            10.672212
          ],
          [
            122.948767,
            10.67233
          ],
          [
            122.94883,
            10.672396
          ],
          [
            122.948859,
            10.672451
          ],
          [
            122.948882,
            10.672497
          ],
          [
            122.948946,
            10.672633
          ],
          [
            122.948962,
            10.672664
          ],
          [
            122.949054,
            10.672871
          ],
          [
            122.949182,
            10.673149
          ],
          [
            122.949279,
            10.673372
          ],
          [
            122.94956,
            10.674012
          ],
          [
            122.949595,
            10.674089
          ],
          [
            122.949788,
            10.674523
          ],
          [
            122.949984,
            10.674969
          ],
          [
            122.950008,
            10.675029
          ],
          [
            122.950137,
            10.675331
          ],
          [
            122.95032,
            10.675747
          ],
          [
            122.950323,
            10.675864
          ],
          [
            122.950246,
            10.675894
          ],
          [
            122.949927,
            10.676011
          ],
          [
            122.949598,
            10.676146
          ],
          [
            122.949465,
            10.676201
          ],
          [
            122.949212,
            10.676305
          ],
          [
            122.949159,
            10.676327
          ],
          [
            122.948797,
            10.676472
          ],
          [
            122.948486,
            10.676596
          ],
          [
            122.948373,
            10.676641
          ],
          [
            122.948307,
            10.676458
          ],
          [
            122.948282,
            10.676379
          ],
          [
            122.948267,
            10.676297
          ],
          [
            122.948244,
            10.676171
          ],
          [
            122.948216,
            10.675873
          ],
          [
            122.948167,
            10.67522
          ],
          [
            122.948098,
            10.674481
          ],
          [
            122.947976,
            10.673158
          ],
          [
            122.947951,
            10.673039
          ],
          [
            122.947925,
            10.672949
          ],
          [
            122.947811,
            10.672738
          ],
          [
            122.948061,
            10.672617
          ],
          [
            122.948767,
            10.67233
          ],
          [
            122.948717,
            10.672212
          ],
          [
            122.948433,
            10.671597
          ],
          [
            122.948384,
            10.67149
          ],
          [
            122.94832,
            10.671356
          ],
          [
            122.948207,
            10.671108
          ],
          [
            122.948148,
            10.670986
          ],
          [
            122.947759,
            10.670147
          ],
          [
            122.947564,
            10.669733
          ],
          [
            122.947492,
            10.669567
          ],
          [
            122.946895,
            10.669826
          ],
          [
            122.946656,
            10.669936
          ],
          [
            122.946445,
            10.670032
          ],
          [
            122.946063,
            10.670207
          ],
          [
            122.945253,
            10.670564
          ],
          [
            122.944814,
            10.670743
          ],
          [
            122.9447,
            10.670789
          ],
          [
            122.9436,
            10.671232
          ],
          [
            122.942941,
            10.671497
          ],
          [
            122.942522,
            10.671655
          ],
          [
            122.942335,
            10.671217
          ],
          [
            122.941587,
            10.669451
          ],
          [
            122.941555,
            10.669364
          ],
          [
            122.942098,
            10.669149
          ],
          [
            122.942276,
            10.669083
          ],
          [
            122.943295,
            10.668656
          ],
          [
            122.943463,
            10.668587
          ],
          [
            122.94365,
            10.668505
          ],
          [
            122.943748,
            10.66846
          ],
          [
            122.943866,
            10.668389
          ],
          [
            122.94405,
            10.668281
          ],
          [
            122.944136,
            10.66823
          ],
          [
            122.94421,
            10.668191
          ],
          [
            122.944322,
            10.668141
          ],
          [
            122.944475,
            10.668071
          ],
          [
            122.944319,
            10.667842
          ],
          [
            122.94395,
            10.66733
          ],
          [
            122.943781,
            10.667079
          ],
          [
            122.943738,
            10.66702
          ],
          [
            122.943543,
            10.666725
          ],
          [
            122.943075,
            10.66605
          ],
          [
            122.942586,
            10.665358
          ],
          [
            122.944014,
            10.664763
          ],
          [
            122.943685,
            10.664136
          ],
          [
            122.943399,
            10.663572
          ],
          [
            122.943048,
            10.662866
          ],
          [
            122.942996,
            10.662763
          ],
          [
            122.942959,
            10.66269
          ],
          [
            122.942912,
            10.662598
          ],
          [
            122.942633,
            10.662038
          ],
          [
            122.942529,
            10.661821
          ],
          [
            122.942447,
            10.66166
          ],
          [
            122.942396,
            10.661554
          ],
          [
            122.942317,
            10.661409
          ],
          [
            122.941979,
            10.660734
          ],
          [
            122.941923,
            10.66062
          ],
          [
            122.941669,
            10.660103
          ],
          [
            122.941573,
            10.659914
          ],
          [
            122.94154,
            10.659841
          ],
          [
            122.941366,
            10.659496
          ],
          [
            122.941222,
            10.659204
          ],
          [
            122.941029,
            10.65883
          ],
          [
            122.940975,
            10.658722
          ],
          [
            122.940835,
            10.658452
          ],
          [
            122.940607,
            10.658017
          ],
          [
            122.940557,
            10.657921
          ],
          [
            122.940221,
            10.657264
          ],
          [
            122.940134,
            10.657092
          ],
          [
            122.940051,
            10.656932
          ],
          [
            122.939992,
            10.656816
          ],
          [
            122.939909,
            10.656652
          ],
          [
            122.939804,
            10.656595
          ],
          [
            122.939758,
            10.656524
          ],
          [
            122.939454,
            10.65595
          ],
          [
            122.939092,
            10.655246
          ],
          [
            122.939034,
            10.655143
          ],
          [
            122.93864,
            10.654387
          ],
          [
            122.938534,
            10.654442
          ],
          [
            122.938207,
            10.654608
          ],
          [
            122.93809,
            10.654661
          ],
          [
            122.937725,
            10.654825
          ],
          [
            122.937554,
            10.654893
          ],
          [
            122.937406,
            10.654939
          ],
          [
            122.937263,
            10.654978
          ],
          [
            122.937086,
            10.655027
          ],
          [
            122.936531,
            10.65514
          ],
          [
            122.936425,
            10.655158
          ],
          [
            122.935841,
            10.655261
          ],
          [
            122.935764,
            10.655278
          ],
          [
            122.935015,
            10.655481
          ],
          [
            122.93471,
            10.655581
          ],
          [
            122.934596,
            10.655624
          ],
          [
            122.93448,
            10.655659
          ],
          [
            122.933992,
            10.655777
          ],
          [
            122.933852,
            10.655774
          ],
          [
            122.933728,
            10.655737
          ],
          [
            122.933569,
            10.655644
          ],
          [
            122.933449,
            10.655489
          ],
          [
            122.933392,
            10.655388
          ],
          [
            122.933153,
            10.654982
          ],
          [
            122.932798,
            10.65445
          ],
          [
            122.932171,
            10.653692
          ],
          [
            122.932143,
            10.653637
          ],
          [
            122.931855,
            10.653061
          ],
          [
            122.931689,
            10.652663
          ],
          [
            122.931511,
            10.652278
          ],
          [
            122.931181,
            10.651539
          ],
          [
            122.931005,
            10.651117
          ],
          [
            122.930803,
            10.650633
          ],
          [
            122.930077,
            10.648926
          ],
          [
            122.929892,
            10.648492
          ],
          [
            122.929633,
            10.647901
          ],
          [
            122.929536,
            10.647677
          ],
          [
            122.929435,
            10.647447
          ],
          [
            122.929338,
            10.647224
          ],
          [
            122.929244,
            10.647009
          ],
          [
            122.928967,
            10.646375
          ],
          [
            122.928724,
            10.645775
          ],
          [
            122.928589,
            10.645464
          ],
          [
            122.928482,
            10.645228
          ],
          [
            122.928347,
            10.644923
          ],
          [
            122.92825,
            10.644687
          ],
          [
            122.928235,
            10.644655
          ],
          [
            122.928129,
            10.644401
          ],
          [
            122.92801,
            10.644123
          ],
          [
            122.927979,
            10.644034
          ],
          [
            122.927958,
            10.643973
          ]
        ]
      }
    },
    {
      "type": "Feature",
      "properties": {
        "number": 12,
        "id": "taculing-central-market",
        "name": "Taculing \u2013 Central Market Loop",
        "color": "#7f1d1d",
        "status": "inferred_from_lptrp_anchors",
        "distance_km": 9.43,
        "anchors": [
          {
            "id": "taculing",
            "name": "Taculing",
            "lng": 122.94871,
            "lat": 10.64969
          },
          {
            "id": "adventist",
            "name": "Adventist",
            "lng": 122.94948,
            "lat": 10.64755
          },
          {
            "id": "libertad",
            "name": "Libertad",
            "lng": 122.94974,
            "lat": 10.66012
          },
          {
            "id": "central_market",
            "name": "Central Market",
            "lng": 122.94719,
            "lat": 10.66761
          }
        ],
        "return_anchors": [],
        "mode": "jeepney"
      },
      "geometry": {
        "coordinates": [
          [
            122.948844,
            10.649616
          ],
          [
            122.948761,
            10.649469
          ],
          [
            122.948701,
            10.649372
          ],
          [
            122.948605,
            10.649201
          ],
          [
            122.94856,
            10.64918
          ],
          [
            122.948503,
            10.649181
          ],
          [
            122.948324,
            10.649237
          ],
          [
            122.948633,
            10.648799
          ],
          [
            122.948792,
            10.648577
          ],
          [
            122.948821,
            10.648539
          ],
          [
            122.948844,
            10.648512
          ],
          [
            122.948866,
            10.648489
          ],
          [
            122.949242,
            10.648336
          ],
          [
            122.950026,
            10.648037
          ],
          [
            122.950168,
            10.647981
          ],
          [
            122.950311,
            10.647924
          ],
          [
            122.950266,
            10.64781
          ],
          [
            122.950205,
            10.647621
          ],
          [
            122.950016,
            10.647155
          ],
          [
            122.949983,
            10.647108
          ],
          [
            122.949937,
            10.647091
          ],
          [
            122.949885,
            10.6471
          ],
          [
            122.949505,
            10.647262
          ],
          [
            122.949451,
            10.647275
          ],
          [
            122.949451,
            10.647275
          ],
          [
            122.949398,
            10.647265
          ],
          [
            122.949325,
            10.647263
          ],
          [
            122.949253,
            10.647272
          ],
          [
            122.949194,
            10.647288
          ],
          [
            122.949002,
            10.647363
          ],
          [
            122.948958,
            10.647391
          ],
          [
            122.948919,
            10.647424
          ],
          [
            122.94891,
            10.647462
          ],
          [
            122.948929,
            10.647541
          ],
          [
            122.94891,
            10.647462
          ],
          [
            122.948919,
            10.647424
          ],
          [
            122.948958,
            10.647391
          ],
          [
            122.949002,
            10.647363
          ],
          [
            122.949194,
            10.647288
          ],
          [
            122.949253,
            10.647272
          ],
          [
            122.949325,
            10.647263
          ],
          [
            122.949398,
            10.647265
          ],
          [
            122.949451,
            10.647275
          ],
          [
            122.949505,
            10.647262
          ],
          [
            122.949885,
            10.6471
          ],
          [
            122.949937,
            10.647091
          ],
          [
            122.949983,
            10.647108
          ],
          [
            122.950016,
            10.647155
          ],
          [
            122.950205,
            10.647621
          ],
          [
            122.950266,
            10.64781
          ],
          [
            122.950311,
            10.647924
          ],
          [
            122.950168,
            10.647981
          ],
          [
            122.950026,
            10.648037
          ],
          [
            122.949242,
            10.648336
          ],
          [
            122.948866,
            10.648489
          ],
          [
            122.948844,
            10.648512
          ],
          [
            122.948821,
            10.648539
          ],
          [
            122.948792,
            10.648577
          ],
          [
            122.948633,
            10.648799
          ],
          [
            122.948324,
            10.649237
          ],
          [
            122.948105,
            10.649344
          ],
          [
            122.947735,
            10.649489
          ],
          [
            122.947527,
            10.649581
          ],
          [
            122.947566,
            10.649725
          ],
          [
            122.947639,
            10.64994
          ],
          [
            122.947716,
            10.650125
          ],
          [
            122.94787,
            10.650341
          ],
          [
            122.948026,
            10.650527
          ],
          [
            122.948191,
            10.650719
          ],
          [
            122.94848,
            10.651017
          ],
          [
            122.948766,
            10.651345
          ],
          [
            122.948791,
            10.651373
          ],
          [
            122.949006,
            10.651619
          ],
          [
            122.949311,
            10.651963
          ],
          [
            122.949358,
            10.652016
          ],
          [
            122.949389,
            10.652062
          ],
          [
            122.949491,
            10.65221
          ],
          [
            122.949596,
            10.652411
          ],
          [
            122.949617,
            10.652461
          ],
          [
            122.949657,
            10.652556
          ],
          [
            122.949674,
            10.652597
          ],
          [
            122.949729,
            10.652747
          ],
          [
            122.949779,
            10.652914
          ],
          [
            122.949871,
            10.653263
          ],
          [
            122.949897,
            10.653324
          ],
          [
            122.950004,
            10.653646
          ],
          [
            122.950347,
            10.654751
          ],
          [
            122.950391,
            10.654875
          ],
          [
            122.950436,
            10.654946
          ],
          [
            122.950507,
            10.655024
          ],
          [
            122.950637,
            10.655136
          ],
          [
            122.95077,
            10.655239
          ],
          [
            122.951269,
            10.655659
          ],
          [
            122.95129,
            10.655673
          ],
          [
            122.951592,
            10.655907
          ],
          [
            122.951657,
            10.655961
          ],
          [
            122.952333,
            10.656527
          ],
          [
            122.952397,
            10.65658
          ],
          [
            122.953145,
            10.657248
          ],
          [
            122.953546,
            10.657583
          ],
          [
            122.954286,
            10.658197
          ],
          [
            122.95408,
            10.658426
          ],
          [
            122.95391,
            10.658624
          ],
          [
            122.953724,
            10.658843
          ],
          [
            122.953705,
            10.658865
          ],
          [
            122.953443,
            10.659181
          ],
          [
            122.953286,
            10.659333
          ],
          [
            122.953218,
            10.659385
          ],
          [
            122.953021,
            10.659471
          ],
          [
            122.952336,
            10.659699
          ],
          [
            122.951778,
            10.659897
          ],
          [
            122.950883,
            10.660206
          ],
          [
            122.950603,
            10.660303
          ],
          [
            122.950219,
            10.660482
          ],
          [
            122.949944,
            10.660595
          ],
          [
            122.949838,
            10.660641
          ],
          [
            122.949406,
            10.66083
          ],
          [
            122.949298,
            10.660605
          ],
          [
            122.949006,
            10.660034
          ],
          [
            122.948951,
            10.659914
          ],
          [
            122.949275,
            10.65977
          ],
          [
            122.949525,
            10.659658
          ],
          [
            122.949631,
            10.65961
          ],
          [
            122.950004,
            10.659443
          ],
          [
            122.950137,
            10.659377
          ],
          [
            122.950238,
            10.659579
          ],
          [
            122.950603,
            10.660303
          ],
          [
            122.950732,
            10.660551
          ],
          [
            122.950787,
            10.660646
          ],
          [
            122.950863,
            10.66071
          ],
          [
            122.950865,
            10.660808
          ],
          [
            122.950868,
            10.660853
          ],
          [
            122.950886,
            10.660889
          ],
          [
            122.951179,
            10.661473
          ],
          [
            122.950805,
            10.661653
          ],
          [
            122.95043,
            10.661836
          ],
          [
            122.950253,
            10.661927
          ],
          [
            122.950006,
            10.662045
          ],
          [
            122.949602,
            10.66224
          ],
          [
            122.949245,
            10.662414
          ],
          [
            122.948864,
            10.662597
          ],
          [
            122.948542,
            10.662766
          ],
          [
            122.947713,
            10.663145
          ],
          [
            122.946506,
            10.663689
          ],
          [
            122.946137,
            10.663855
          ],
          [
            122.945306,
            10.664215
          ],
          [
            122.945713,
            10.665185
          ],
          [
            122.945865,
            10.665581
          ],
          [
            122.946204,
            10.666404
          ],
          [
            122.946535,
            10.667212
          ],
          [
            122.947339,
            10.666873
          ],
          [
            122.947583,
            10.667449
          ],
          [
            122.947809,
            10.667983
          ],
          [
            122.947732,
            10.668016
          ],
          [
            122.947401,
            10.668143
          ],
          [
            122.947112,
            10.668254
          ],
          [
            122.947073,
            10.66827
          ],
          [
            122.94702,
            10.668259
          ],
          [
            122.946999,
            10.668237
          ],
          [
            122.946963,
            10.668206
          ],
          [
            122.946944,
            10.668165
          ],
          [
            122.946949,
            10.668175
          ],
          [
            122.946535,
            10.667212
          ],
          [
            122.947339,
            10.666873
          ],
          [
            122.94774,
            10.666722
          ],
          [
            122.948961,
            10.66622
          ],
          [
            122.948759,
            10.665695
          ],
          [
            122.94827,
            10.664488
          ],
          [
            122.948229,
            10.664392
          ],
          [
            122.948189,
            10.664295
          ],
          [
            122.947877,
            10.663548
          ],
          [
            122.947713,
            10.663145
          ],
          [
            122.947682,
            10.663066
          ],
          [
            122.947188,
            10.661818
          ],
          [
            122.947321,
            10.661758
          ],
          [
            122.947449,
            10.6617
          ],
          [
            122.947797,
            10.661558
          ],
          [
            122.947973,
            10.661478
          ],
          [
            122.948382,
            10.6613
          ],
          [
            122.948633,
            10.661179
          ],
          [
            122.948993,
            10.661017
          ],
          [
            122.949099,
            10.660968
          ],
          [
            122.949406,
            10.66083
          ],
          [
            122.949298,
            10.660605
          ],
          [
            122.949006,
            10.660034
          ],
          [
            122.948951,
            10.659914
          ],
          [
            122.949275,
            10.65977
          ],
          [
            122.949525,
            10.659658
          ],
          [
            122.949631,
            10.65961
          ],
          [
            122.950004,
            10.659443
          ],
          [
            122.950137,
            10.659377
          ],
          [
            122.95044,
            10.659241
          ],
          [
            122.950511,
            10.659236
          ],
          [
            122.950586,
            10.659269
          ],
          [
            122.950929,
            10.659566
          ],
          [
            122.950975,
            10.659596
          ],
          [
            122.951031,
            10.659601
          ],
          [
            122.9514,
            10.659519
          ],
          [
            122.951543,
            10.65948
          ],
          [
            122.951778,
            10.659897
          ],
          [
            122.952336,
            10.659699
          ],
          [
            122.953021,
            10.659471
          ],
          [
            122.953218,
            10.659385
          ],
          [
            122.953286,
            10.659333
          ],
          [
            122.953443,
            10.659181
          ],
          [
            122.953705,
            10.658865
          ],
          [
            122.953724,
            10.658843
          ],
          [
            122.95391,
            10.658624
          ],
          [
            122.95408,
            10.658426
          ],
          [
            122.954286,
            10.658197
          ],
          [
            122.953546,
            10.657583
          ],
          [
            122.953145,
            10.657248
          ],
          [
            122.952397,
            10.65658
          ],
          [
            122.952333,
            10.656527
          ],
          [
            122.951657,
            10.655961
          ],
          [
            122.951592,
            10.655907
          ],
          [
            122.95129,
            10.655673
          ],
          [
            122.951269,
            10.655659
          ],
          [
            122.95077,
            10.655239
          ],
          [
            122.950637,
            10.655136
          ],
          [
            122.950507,
            10.655024
          ],
          [
            122.950436,
            10.654946
          ],
          [
            122.950391,
            10.654875
          ],
          [
            122.950347,
            10.654751
          ],
          [
            122.950004,
            10.653646
          ],
          [
            122.949897,
            10.653324
          ],
          [
            122.949871,
            10.653263
          ],
          [
            122.949779,
            10.652914
          ],
          [
            122.949729,
            10.652747
          ],
          [
            122.949674,
            10.652597
          ],
          [
            122.949657,
            10.652556
          ],
          [
            122.949617,
            10.652461
          ],
          [
            122.949596,
            10.652411
          ],
          [
            122.949491,
            10.65221
          ],
          [
            122.949389,
            10.652062
          ],
          [
            122.949358,
            10.652016
          ],
          [
            122.949311,
            10.651963
          ],
          [
            122.949006,
            10.651619
          ],
          [
            122.948791,
            10.651373
          ],
          [
            122.948766,
            10.651345
          ],
          [
            122.94848,
            10.651017
          ],
          [
            122.948191,
            10.650719
          ],
          [
            122.948026,
            10.650527
          ],
          [
            122.94787,
            10.650341
          ],
          [
            122.947716,
            10.650125
          ],
          [
            122.947639,
            10.64994
          ],
          [
            122.947566,
            10.649725
          ],
          [
            122.947527,
            10.649581
          ],
          [
            122.947735,
            10.649489
          ],
          [
            122.948105,
            10.649344
          ],
          [
            122.948324,
            10.649237
          ],
          [
            122.948633,
            10.648799
          ],
          [
            122.948792,
            10.648577
          ],
          [
            122.948821,
            10.648539
          ],
          [
            122.948844,
            10.648512
          ],
          [
            122.948866,
            10.648489
          ],
          [
            122.949242,
            10.648336
          ],
          [
            122.950026,
            10.648037
          ],
          [
            122.950168,
            10.647981
          ],
          [
            122.950311,
            10.647924
          ],
          [
            122.950266,
            10.64781
          ],
          [
            122.950205,
            10.647621
          ],
          [
            122.950016,
            10.647155
          ],
          [
            122.949983,
            10.647108
          ],
          [
            122.949937,
            10.647091
          ],
          [
            122.949885,
            10.6471
          ],
          [
            122.949505,
            10.647262
          ],
          [
            122.949451,
            10.647275
          ],
          [
            122.949451,
            10.647275
          ],
          [
            122.949398,
            10.647265
          ],
          [
            122.949325,
            10.647263
          ],
          [
            122.949253,
            10.647272
          ],
          [
            122.949194,
            10.647288
          ],
          [
            122.949002,
            10.647363
          ],
          [
            122.948958,
            10.647391
          ],
          [
            122.948919,
            10.647424
          ],
          [
            122.94891,
            10.647462
          ],
          [
            122.948929,
            10.647541
          ],
          [
            122.94891,
            10.647462
          ],
          [
            122.948919,
            10.647424
          ],
          [
            122.948958,
            10.647391
          ],
          [
            122.949002,
            10.647363
          ],
          [
            122.949194,
            10.647288
          ],
          [
            122.949253,
            10.647272
          ],
          [
            122.949325,
            10.647263
          ],
          [
            122.949398,
            10.647265
          ],
          [
            122.949451,
            10.647275
          ],
          [
            122.949505,
            10.647262
          ],
          [
            122.949885,
            10.6471
          ],
          [
            122.949937,
            10.647091
          ],
          [
            122.949983,
            10.647108
          ],
          [
            122.950016,
            10.647155
          ],
          [
            122.950205,
            10.647621
          ],
          [
            122.950266,
            10.64781
          ],
          [
            122.950311,
            10.647924
          ],
          [
            122.950168,
            10.647981
          ],
          [
            122.950026,
            10.648037
          ],
          [
            122.949242,
            10.648336
          ],
          [
            122.948866,
            10.648489
          ],
          [
            122.948844,
            10.648512
          ],
          [
            122.948821,
            10.648539
          ],
          [
            122.948792,
            10.648577
          ],
          [
            122.948633,
            10.648799
          ],
          [
            122.948324,
            10.649237
          ],
          [
            122.948503,
            10.649181
          ],
          [
            122.94856,
            10.64918
          ],
          [
            122.948605,
            10.649201
          ],
          [
            122.948701,
            10.649372
          ],
          [
            122.948761,
            10.649469
          ],
          [
            122.948844,
            10.649616
          ]
        ],
        "type": "LineString"
      }
    },
    {
      "type": "Feature",
      "properties": {
        "number": 13,
        "id": "alijis-central-market",
        "name": "Alijis (RPHS) \u2013 Central Market Loop",
        "color": "#67b7e1",
        "status": "inferred_from_lptrp_anchors",
        "distance_km": 13.37,
        "anchors": [
          {
            "id": "alijis",
            "name": "Alijis",
            "lng": 122.95036,
            "lat": 10.63671
          },
          {
            "id": "adventist",
            "name": "Adventist",
            "lng": 122.94948,
            "lat": 10.64755
          },
          {
            "id": "libertad",
            "name": "Libertad",
            "lng": 122.94974,
            "lat": 10.66012
          },
          {
            "id": "central_market",
            "name": "Central Market",
            "lng": 122.94719,
            "lat": 10.66761
          }
        ],
        "return_anchors": [],
        "mode": "jeepney"
      },
      "geometry": {
        "coordinates": [
          [
            122.950413,
            10.63669
          ],
          [
            122.950436,
            10.636747
          ],
          [
            122.950747,
            10.63751
          ],
          [
            122.951292,
            10.638786
          ],
          [
            122.951168,
            10.638853
          ],
          [
            122.95077,
            10.639057
          ],
          [
            122.950031,
            10.639471
          ],
          [
            122.94968,
            10.639661
          ],
          [
            122.94929,
            10.639866
          ],
          [
            122.948928,
            10.640072
          ],
          [
            122.948671,
            10.640214
          ],
          [
            122.948341,
            10.640395
          ],
          [
            122.948129,
            10.640512
          ],
          [
            122.947804,
            10.64069
          ],
          [
            122.947669,
            10.640762
          ],
          [
            122.946848,
            10.641202
          ],
          [
            122.94669,
            10.641291
          ],
          [
            122.945914,
            10.641687
          ],
          [
            122.945625,
            10.641847
          ],
          [
            122.94561,
            10.641855
          ],
          [
            122.945207,
            10.642077
          ],
          [
            122.944756,
            10.642335
          ],
          [
            122.94448,
            10.642505
          ],
          [
            122.94542,
            10.644066
          ],
          [
            122.945659,
            10.644461
          ],
          [
            122.945842,
            10.64476
          ],
          [
            122.94591,
            10.644898
          ],
          [
            122.945954,
            10.64499
          ],
          [
            122.945982,
            10.645118
          ],
          [
            122.946001,
            10.645242
          ],
          [
            122.946014,
            10.645311
          ],
          [
            122.946055,
            10.645565
          ],
          [
            122.946134,
            10.645906
          ],
          [
            122.946201,
            10.646137
          ],
          [
            122.946228,
            10.646224
          ],
          [
            122.946523,
            10.646987
          ],
          [
            122.94666,
            10.647392
          ],
          [
            122.947027,
            10.648474
          ],
          [
            122.947128,
            10.648688
          ],
          [
            122.947236,
            10.648902
          ],
          [
            122.94733,
            10.649086
          ],
          [
            122.947368,
            10.64916
          ],
          [
            122.947446,
            10.649355
          ],
          [
            122.947527,
            10.649581
          ],
          [
            122.947735,
            10.649489
          ],
          [
            122.948105,
            10.649344
          ],
          [
            122.948324,
            10.649237
          ],
          [
            122.948633,
            10.648799
          ],
          [
            122.948792,
            10.648577
          ],
          [
            122.948821,
            10.648539
          ],
          [
            122.948844,
            10.648512
          ],
          [
            122.948866,
            10.648489
          ],
          [
            122.949242,
            10.648336
          ],
          [
            122.950026,
            10.648037
          ],
          [
            122.950168,
            10.647981
          ],
          [
            122.950311,
            10.647924
          ],
          [
            122.950266,
            10.64781
          ],
          [
            122.950205,
            10.647621
          ],
          [
            122.950016,
            10.647155
          ],
          [
            122.949983,
            10.647108
          ],
          [
            122.949937,
            10.647091
          ],
          [
            122.949885,
            10.6471
          ],
          [
            122.949505,
            10.647262
          ],
          [
            122.949451,
            10.647275
          ],
          [
            122.949451,
            10.647275
          ],
          [
            122.949398,
            10.647265
          ],
          [
            122.949325,
            10.647263
          ],
          [
            122.949253,
            10.647272
          ],
          [
            122.949194,
            10.647288
          ],
          [
            122.949002,
            10.647363
          ],
          [
            122.948958,
            10.647391
          ],
          [
            122.948919,
            10.647424
          ],
          [
            122.94891,
            10.647462
          ],
          [
            122.948929,
            10.647541
          ],
          [
            122.94891,
            10.647462
          ],
          [
            122.948919,
            10.647424
          ],
          [
            122.948958,
            10.647391
          ],
          [
            122.949002,
            10.647363
          ],
          [
            122.949194,
            10.647288
          ],
          [
            122.949253,
            10.647272
          ],
          [
            122.949325,
            10.647263
          ],
          [
            122.949398,
            10.647265
          ],
          [
            122.949451,
            10.647275
          ],
          [
            122.949505,
            10.647262
          ],
          [
            122.949885,
            10.6471
          ],
          [
            122.949937,
            10.647091
          ],
          [
            122.949983,
            10.647108
          ],
          [
            122.950016,
            10.647155
          ],
          [
            122.950205,
            10.647621
          ],
          [
            122.950266,
            10.64781
          ],
          [
            122.950311,
            10.647924
          ],
          [
            122.950168,
            10.647981
          ],
          [
            122.950026,
            10.648037
          ],
          [
            122.949242,
            10.648336
          ],
          [
            122.948866,
            10.648489
          ],
          [
            122.948844,
            10.648512
          ],
          [
            122.948821,
            10.648539
          ],
          [
            122.948792,
            10.648577
          ],
          [
            122.948633,
            10.648799
          ],
          [
            122.948324,
            10.649237
          ],
          [
            122.948105,
            10.649344
          ],
          [
            122.947735,
            10.649489
          ],
          [
            122.947527,
            10.649581
          ],
          [
            122.947566,
            10.649725
          ],
          [
            122.947639,
            10.64994
          ],
          [
            122.947716,
            10.650125
          ],
          [
            122.94787,
            10.650341
          ],
          [
            122.948026,
            10.650527
          ],
          [
            122.948191,
            10.650719
          ],
          [
            122.94848,
            10.651017
          ],
          [
            122.948766,
            10.651345
          ],
          [
            122.948791,
            10.651373
          ],
          [
            122.949006,
            10.651619
          ],
          [
            122.949311,
            10.651963
          ],
          [
            122.949358,
            10.652016
          ],
          [
            122.949389,
            10.652062
          ],
          [
            122.949491,
            10.65221
          ],
          [
            122.949596,
            10.652411
          ],
          [
            122.949617,
            10.652461
          ],
          [
            122.949657,
            10.652556
          ],
          [
            122.949674,
            10.652597
          ],
          [
            122.949729,
            10.652747
          ],
          [
            122.949779,
            10.652914
          ],
          [
            122.949871,
            10.653263
          ],
          [
            122.949897,
            10.653324
          ],
          [
            122.950004,
            10.653646
          ],
          [
            122.950347,
            10.654751
          ],
          [
            122.950391,
            10.654875
          ],
          [
            122.950436,
            10.654946
          ],
          [
            122.950507,
            10.655024
          ],
          [
            122.950637,
            10.655136
          ],
          [
            122.95077,
            10.655239
          ],
          [
            122.951269,
            10.655659
          ],
          [
            122.95129,
            10.655673
          ],
          [
            122.951592,
            10.655907
          ],
          [
            122.951657,
            10.655961
          ],
          [
            122.952333,
            10.656527
          ],
          [
            122.952397,
            10.65658
          ],
          [
            122.953145,
            10.657248
          ],
          [
            122.953546,
            10.657583
          ],
          [
            122.954286,
            10.658197
          ],
          [
            122.95408,
            10.658426
          ],
          [
            122.95391,
            10.658624
          ],
          [
            122.953724,
            10.658843
          ],
          [
            122.953705,
            10.658865
          ],
          [
            122.953443,
            10.659181
          ],
          [
            122.953286,
            10.659333
          ],
          [
            122.953218,
            10.659385
          ],
          [
            122.953021,
            10.659471
          ],
          [
            122.952336,
            10.659699
          ],
          [
            122.951778,
            10.659897
          ],
          [
            122.950883,
            10.660206
          ],
          [
            122.950603,
            10.660303
          ],
          [
            122.950219,
            10.660482
          ],
          [
            122.949944,
            10.660595
          ],
          [
            122.949838,
            10.660641
          ],
          [
            122.949406,
            10.66083
          ],
          [
            122.949298,
            10.660605
          ],
          [
            122.949006,
            10.660034
          ],
          [
            122.948951,
            10.659914
          ],
          [
            122.949275,
            10.65977
          ],
          [
            122.949525,
            10.659658
          ],
          [
            122.949631,
            10.65961
          ],
          [
            122.950004,
            10.659443
          ],
          [
            122.950137,
            10.659377
          ],
          [
            122.950238,
            10.659579
          ],
          [
            122.950603,
            10.660303
          ],
          [
            122.950732,
            10.660551
          ],
          [
            122.950787,
            10.660646
          ],
          [
            122.950863,
            10.66071
          ],
          [
            122.950865,
            10.660808
          ],
          [
            122.950868,
            10.660853
          ],
          [
            122.950886,
            10.660889
          ],
          [
            122.951179,
            10.661473
          ],
          [
            122.950805,
            10.661653
          ],
          [
            122.95043,
            10.661836
          ],
          [
            122.950253,
            10.661927
          ],
          [
            122.950006,
            10.662045
          ],
          [
            122.949602,
            10.66224
          ],
          [
            122.949245,
            10.662414
          ],
          [
            122.948864,
            10.662597
          ],
          [
            122.948542,
            10.662766
          ],
          [
            122.947713,
            10.663145
          ],
          [
            122.946506,
            10.663689
          ],
          [
            122.946137,
            10.663855
          ],
          [
            122.945306,
            10.664215
          ],
          [
            122.945713,
            10.665185
          ],
          [
            122.945865,
            10.665581
          ],
          [
            122.946204,
            10.666404
          ],
          [
            122.946535,
            10.667212
          ],
          [
            122.947339,
            10.666873
          ],
          [
            122.947583,
            10.667449
          ],
          [
            122.947809,
            10.667983
          ],
          [
            122.947732,
            10.668016
          ],
          [
            122.947401,
            10.668143
          ],
          [
            122.947112,
            10.668254
          ],
          [
            122.947073,
            10.66827
          ],
          [
            122.94702,
            10.668259
          ],
          [
            122.946999,
            10.668237
          ],
          [
            122.946963,
            10.668206
          ],
          [
            122.946944,
            10.668165
          ],
          [
            122.946949,
            10.668175
          ],
          [
            122.946535,
            10.667212
          ],
          [
            122.947339,
            10.666873
          ],
          [
            122.94774,
            10.666722
          ],
          [
            122.948961,
            10.66622
          ],
          [
            122.948759,
            10.665695
          ],
          [
            122.94827,
            10.664488
          ],
          [
            122.948229,
            10.664392
          ],
          [
            122.948189,
            10.664295
          ],
          [
            122.947877,
            10.663548
          ],
          [
            122.947713,
            10.663145
          ],
          [
            122.947682,
            10.663066
          ],
          [
            122.947188,
            10.661818
          ],
          [
            122.947321,
            10.661758
          ],
          [
            122.947449,
            10.6617
          ],
          [
            122.947797,
            10.661558
          ],
          [
            122.947973,
            10.661478
          ],
          [
            122.948382,
            10.6613
          ],
          [
            122.948633,
            10.661179
          ],
          [
            122.948993,
            10.661017
          ],
          [
            122.949099,
            10.660968
          ],
          [
            122.949406,
            10.66083
          ],
          [
            122.949298,
            10.660605
          ],
          [
            122.949006,
            10.660034
          ],
          [
            122.948951,
            10.659914
          ],
          [
            122.949275,
            10.65977
          ],
          [
            122.949525,
            10.659658
          ],
          [
            122.949631,
            10.65961
          ],
          [
            122.950004,
            10.659443
          ],
          [
            122.950137,
            10.659377
          ],
          [
            122.95044,
            10.659241
          ],
          [
            122.950511,
            10.659236
          ],
          [
            122.950586,
            10.659269
          ],
          [
            122.950929,
            10.659566
          ],
          [
            122.950975,
            10.659596
          ],
          [
            122.951031,
            10.659601
          ],
          [
            122.9514,
            10.659519
          ],
          [
            122.951543,
            10.65948
          ],
          [
            122.951778,
            10.659897
          ],
          [
            122.952336,
            10.659699
          ],
          [
            122.953021,
            10.659471
          ],
          [
            122.953218,
            10.659385
          ],
          [
            122.953286,
            10.659333
          ],
          [
            122.953443,
            10.659181
          ],
          [
            122.953705,
            10.658865
          ],
          [
            122.953724,
            10.658843
          ],
          [
            122.95391,
            10.658624
          ],
          [
            122.95408,
            10.658426
          ],
          [
            122.954286,
            10.658197
          ],
          [
            122.953546,
            10.657583
          ],
          [
            122.953145,
            10.657248
          ],
          [
            122.952397,
            10.65658
          ],
          [
            122.952333,
            10.656527
          ],
          [
            122.951657,
            10.655961
          ],
          [
            122.951592,
            10.655907
          ],
          [
            122.95129,
            10.655673
          ],
          [
            122.951269,
            10.655659
          ],
          [
            122.95077,
            10.655239
          ],
          [
            122.950637,
            10.655136
          ],
          [
            122.950507,
            10.655024
          ],
          [
            122.950436,
            10.654946
          ],
          [
            122.950391,
            10.654875
          ],
          [
            122.950347,
            10.654751
          ],
          [
            122.950004,
            10.653646
          ],
          [
            122.949897,
            10.653324
          ],
          [
            122.949871,
            10.653263
          ],
          [
            122.949779,
            10.652914
          ],
          [
            122.949729,
            10.652747
          ],
          [
            122.949674,
            10.652597
          ],
          [
            122.949657,
            10.652556
          ],
          [
            122.949617,
            10.652461
          ],
          [
            122.949596,
            10.652411
          ],
          [
            122.949491,
            10.65221
          ],
          [
            122.949389,
            10.652062
          ],
          [
            122.949358,
            10.652016
          ],
          [
            122.949311,
            10.651963
          ],
          [
            122.949006,
            10.651619
          ],
          [
            122.948791,
            10.651373
          ],
          [
            122.948766,
            10.651345
          ],
          [
            122.94848,
            10.651017
          ],
          [
            122.948191,
            10.650719
          ],
          [
            122.948026,
            10.650527
          ],
          [
            122.94787,
            10.650341
          ],
          [
            122.947716,
            10.650125
          ],
          [
            122.947639,
            10.64994
          ],
          [
            122.947566,
            10.649725
          ],
          [
            122.947527,
            10.649581
          ],
          [
            122.947735,
            10.649489
          ],
          [
            122.948105,
            10.649344
          ],
          [
            122.948324,
            10.649237
          ],
          [
            122.948633,
            10.648799
          ],
          [
            122.948792,
            10.648577
          ],
          [
            122.948821,
            10.648539
          ],
          [
            122.948844,
            10.648512
          ],
          [
            122.948866,
            10.648489
          ],
          [
            122.949242,
            10.648336
          ],
          [
            122.950026,
            10.648037
          ],
          [
            122.950168,
            10.647981
          ],
          [
            122.950311,
            10.647924
          ],
          [
            122.950266,
            10.64781
          ],
          [
            122.950205,
            10.647621
          ],
          [
            122.950016,
            10.647155
          ],
          [
            122.949983,
            10.647108
          ],
          [
            122.949937,
            10.647091
          ],
          [
            122.949885,
            10.6471
          ],
          [
            122.949505,
            10.647262
          ],
          [
            122.949451,
            10.647275
          ],
          [
            122.949451,
            10.647275
          ],
          [
            122.949398,
            10.647265
          ],
          [
            122.949325,
            10.647263
          ],
          [
            122.949253,
            10.647272
          ],
          [
            122.949194,
            10.647288
          ],
          [
            122.949002,
            10.647363
          ],
          [
            122.948958,
            10.647391
          ],
          [
            122.948919,
            10.647424
          ],
          [
            122.94891,
            10.647462
          ],
          [
            122.948929,
            10.647541
          ],
          [
            122.94891,
            10.647462
          ],
          [
            122.948919,
            10.647424
          ],
          [
            122.948958,
            10.647391
          ],
          [
            122.949002,
            10.647363
          ],
          [
            122.949194,
            10.647288
          ],
          [
            122.949253,
            10.647272
          ],
          [
            122.949325,
            10.647263
          ],
          [
            122.949398,
            10.647265
          ],
          [
            122.949451,
            10.647275
          ],
          [
            122.949505,
            10.647262
          ],
          [
            122.949885,
            10.6471
          ],
          [
            122.949937,
            10.647091
          ],
          [
            122.949983,
            10.647108
          ],
          [
            122.950016,
            10.647155
          ],
          [
            122.950205,
            10.647621
          ],
          [
            122.950266,
            10.64781
          ],
          [
            122.950311,
            10.647924
          ],
          [
            122.950168,
            10.647981
          ],
          [
            122.950026,
            10.648037
          ],
          [
            122.949242,
            10.648336
          ],
          [
            122.948866,
            10.648489
          ],
          [
            122.948844,
            10.648512
          ],
          [
            122.948821,
            10.648539
          ],
          [
            122.948792,
            10.648577
          ],
          [
            122.948633,
            10.648799
          ],
          [
            122.948324,
            10.649237
          ],
          [
            122.948105,
            10.649344
          ],
          [
            122.947735,
            10.649489
          ],
          [
            122.947527,
            10.649581
          ],
          [
            122.947446,
            10.649355
          ],
          [
            122.947368,
            10.64916
          ],
          [
            122.94733,
            10.649086
          ],
          [
            122.947236,
            10.648902
          ],
          [
            122.947128,
            10.648688
          ],
          [
            122.947027,
            10.648474
          ],
          [
            122.94666,
            10.647392
          ],
          [
            122.946523,
            10.646987
          ],
          [
            122.946228,
            10.646224
          ],
          [
            122.946201,
            10.646137
          ],
          [
            122.946134,
            10.645906
          ],
          [
            122.946055,
            10.645565
          ],
          [
            122.946014,
            10.645311
          ],
          [
            122.946001,
            10.645242
          ],
          [
            122.945982,
            10.645118
          ],
          [
            122.945954,
            10.64499
          ],
          [
            122.94591,
            10.644898
          ],
          [
            122.945842,
            10.64476
          ],
          [
            122.945659,
            10.644461
          ],
          [
            122.94542,
            10.644066
          ],
          [
            122.94448,
            10.642505
          ],
          [
            122.944756,
            10.642335
          ],
          [
            122.945207,
            10.642077
          ],
          [
            122.94561,
            10.641855
          ],
          [
            122.945625,
            10.641847
          ],
          [
            122.945914,
            10.641687
          ],
          [
            122.94669,
            10.641291
          ],
          [
            122.946848,
            10.641202
          ],
          [
            122.947669,
            10.640762
          ],
          [
            122.947804,
            10.64069
          ],
          [
            122.948129,
            10.640512
          ],
          [
            122.948341,
            10.640395
          ],
          [
            122.948671,
            10.640214
          ],
          [
            122.948928,
            10.640072
          ],
          [
            122.94929,
            10.639866
          ],
          [
            122.94968,
            10.639661
          ],
          [
            122.950031,
            10.639471
          ],
          [
            122.95077,
            10.639057
          ],
          [
            122.951168,
            10.638853
          ],
          [
            122.951292,
            10.638786
          ],
          [
            122.950747,
            10.63751
          ],
          [
            122.950436,
            10.636747
          ],
          [
            122.950413,
            10.63669
          ]
        ],
        "type": "LineString"
      }
    },
    {
      "type": "Feature",
      "properties": {
        "number": 14,
        "id": "handumanan-libertad",
        "name": "Handumanan \u2013 Libertad via Mansilingan Loop",
        "color": "#65d56e",
        "status": "inferred_from_lptrp_anchors",
        "distance_km": 41.66,
        "anchors": [
          {
            "id": "handumanan",
            "name": "Handumanan",
            "lng": 122.96373,
            "lat": 10.60161
          },
          {
            "id": "mansilingan",
            "name": "Mansilingan",
            "lng": 122.99046,
            "lat": 10.62263
          },
          {
            "id": "city_heights",
            "name": "City Heights",
            "lng": 122.978,
            "lat": 10.642
          },
          {
            "id": "libertad",
            "name": "Libertad",
            "lng": 122.94974,
            "lat": 10.66012
          }
        ],
        "return_anchors": [],
        "mode": "jeepney"
      },
      "geometry": {
        "coordinates": [
          [
            122.963758,
            10.601509
          ],
          [
            122.963541,
            10.60145
          ],
          [
            122.963528,
            10.601692
          ],
          [
            122.963537,
            10.601945
          ],
          [
            122.964431,
            10.602194
          ],
          [
            122.964498,
            10.602224
          ],
          [
            122.964537,
            10.602262
          ],
          [
            122.964652,
            10.602487
          ],
          [
            122.964767,
            10.602724
          ],
          [
            122.96492,
            10.603043
          ],
          [
            122.965047,
            10.603334
          ],
          [
            122.965159,
            10.603641
          ],
          [
            122.965259,
            10.603947
          ],
          [
            122.965384,
            10.604225
          ],
          [
            122.965429,
            10.604219
          ],
          [
            122.9655,
            10.604243
          ],
          [
            122.965536,
            10.604275
          ],
          [
            122.965574,
            10.604379
          ],
          [
            122.965667,
            10.604617
          ],
          [
            122.965781,
            10.604966
          ],
          [
            122.966027,
            10.605512
          ],
          [
            122.966135,
            10.605795
          ],
          [
            122.96624,
            10.606074
          ],
          [
            122.966381,
            10.606425
          ],
          [
            122.966587,
            10.606347
          ],
          [
            122.966989,
            10.606206
          ],
          [
            122.967331,
            10.606078
          ],
          [
            122.967677,
            10.605944
          ],
          [
            122.967965,
            10.605801
          ],
          [
            122.968343,
            10.60559
          ],
          [
            122.968648,
            10.605417
          ],
          [
            122.968944,
            10.605249
          ],
          [
            122.968987,
            10.605226
          ],
          [
            122.969324,
            10.605045
          ],
          [
            122.97003,
            10.604669
          ],
          [
            122.970739,
            10.604314
          ],
          [
            122.970783,
            10.604302
          ],
          [
            122.970829,
            10.604296
          ],
          [
            122.97087,
            10.6043
          ],
          [
            122.970922,
            10.604314
          ],
          [
            122.97078,
            10.604678
          ],
          [
            122.970521,
            10.605322
          ],
          [
            122.970462,
            10.605491
          ],
          [
            122.9704,
            10.605679
          ],
          [
            122.970357,
            10.605839
          ],
          [
            122.970337,
            10.605927
          ],
          [
            122.970334,
            10.606001
          ],
          [
            122.970337,
            10.606218
          ],
          [
            122.970381,
            10.606424
          ],
          [
            122.970598,
            10.606907
          ],
          [
            122.970629,
            10.606994
          ],
          [
            122.970635,
            10.607009
          ],
          [
            122.971012,
            10.608069
          ],
          [
            122.971095,
            10.608304
          ],
          [
            122.971868,
            10.610476
          ],
          [
            122.972163,
            10.611305
          ],
          [
            122.9724,
            10.611969
          ],
          [
            122.972488,
            10.612293
          ],
          [
            122.97253,
            10.612558
          ],
          [
            122.972542,
            10.612783
          ],
          [
            122.972544,
            10.613039
          ],
          [
            122.972566,
            10.613548
          ],
          [
            122.972587,
            10.614463
          ],
          [
            122.97262,
            10.614811
          ],
          [
            122.972678,
            10.615264
          ],
          [
            122.972743,
            10.615568
          ],
          [
            122.972787,
            10.615776
          ],
          [
            122.97292,
            10.616373
          ],
          [
            122.9731,
            10.617183
          ],
          [
            122.973166,
            10.617477
          ],
          [
            122.973327,
            10.618203
          ],
          [
            122.973398,
            10.618521
          ],
          [
            122.973644,
            10.619625
          ],
          [
            122.973892,
            10.620827
          ],
          [
            122.974026,
            10.621212
          ],
          [
            122.974092,
            10.621387
          ],
          [
            122.974211,
            10.621706
          ],
          [
            122.974309,
            10.621953
          ],
          [
            122.974375,
            10.622144
          ],
          [
            122.974395,
            10.622225
          ],
          [
            122.974412,
            10.622326
          ],
          [
            122.974416,
            10.622402
          ],
          [
            122.974417,
            10.622475
          ],
          [
            122.974404,
            10.622619
          ],
          [
            122.974381,
            10.622851
          ],
          [
            122.974368,
            10.623068
          ],
          [
            122.974366,
            10.623105
          ],
          [
            122.974345,
            10.623477
          ],
          [
            122.974335,
            10.623663
          ],
          [
            122.974355,
            10.623882
          ],
          [
            122.974363,
            10.624059
          ],
          [
            122.974381,
            10.62418
          ],
          [
            122.97439,
            10.62422
          ],
          [
            122.974404,
            10.624284
          ],
          [
            122.974434,
            10.624379
          ],
          [
            122.974529,
            10.624711
          ],
          [
            122.975027,
            10.626049
          ],
          [
            122.975153,
            10.626331
          ],
          [
            122.975238,
            10.626553
          ],
          [
            122.975276,
            10.626745
          ],
          [
            122.975306,
            10.626922
          ],
          [
            122.975324,
            10.627328
          ],
          [
            122.975323,
            10.627405
          ],
          [
            122.975357,
            10.627798
          ],
          [
            122.975365,
            10.627877
          ],
          [
            122.975386,
            10.628024
          ],
          [
            122.97541,
            10.628145
          ],
          [
            122.975445,
            10.628281
          ],
          [
            122.975532,
            10.628698
          ],
          [
            122.975543,
            10.628748
          ],
          [
            122.975652,
            10.629191
          ],
          [
            122.975761,
            10.629615
          ],
          [
            122.975795,
            10.629784
          ],
          [
            122.97606,
            10.631025
          ],
          [
            122.976792,
            10.630923
          ],
          [
            122.976851,
            10.630913
          ],
          [
            122.976913,
            10.630904
          ],
          [
            122.97697,
            10.630896
          ],
          [
            122.97719,
            10.630865
          ],
          [
            122.977276,
            10.630852
          ],
          [
            122.977327,
            10.630844
          ],
          [
            122.977494,
            10.63082
          ],
          [
            122.977536,
            10.630815
          ],
          [
            122.977641,
            10.630801
          ],
          [
            122.978262,
            10.630715
          ],
          [
            122.978974,
            10.630617
          ],
          [
            122.979258,
            10.630578
          ],
          [
            122.979606,
            10.630531
          ],
          [
            122.979893,
            10.630491
          ],
          [
            122.980316,
            10.630433
          ],
          [
            122.98065,
            10.630387
          ],
          [
            122.98096,
            10.630341
          ],
          [
            122.981293,
            10.630292
          ],
          [
            122.981356,
            10.63028
          ],
          [
            122.981534,
            10.630246
          ],
          [
            122.981785,
            10.63019
          ],
          [
            122.982021,
            10.630127
          ],
          [
            122.982654,
            10.629946
          ],
          [
            122.982937,
            10.629854
          ],
          [
            122.983467,
            10.6297
          ],
          [
            122.984192,
            10.629474
          ],
          [
            122.984527,
            10.62938
          ],
          [
            122.984984,
            10.629246
          ],
          [
            122.985447,
            10.629109
          ],
          [
            122.985709,
            10.629029
          ],
          [
            122.985907,
            10.628968
          ],
          [
            122.986182,
            10.628885
          ],
          [
            122.987108,
            10.628586
          ],
          [
            122.987316,
            10.628524
          ],
          [
            122.98746,
            10.62848
          ],
          [
            122.987593,
            10.628447
          ],
          [
            122.987662,
            10.628422
          ],
          [
            122.987938,
            10.628339
          ],
          [
            122.988249,
            10.628247
          ],
          [
            122.988861,
            10.62806
          ],
          [
            122.989432,
            10.627886
          ],
          [
            122.989948,
            10.627728
          ],
          [
            122.991415,
            10.627284
          ],
          [
            122.991945,
            10.627118
          ],
          [
            122.991838,
            10.626669
          ],
          [
            122.99209,
            10.6266
          ],
          [
            122.992139,
            10.626563
          ],
          [
            122.992175,
            10.626471
          ],
          [
            122.99167,
            10.624524
          ],
          [
            122.991478,
            10.623878
          ],
          [
            122.99145,
            10.623852
          ],
          [
            122.991426,
            10.623839
          ],
          [
            122.991398,
            10.623833
          ],
          [
            122.991251,
            10.623885
          ],
          [
            122.991208,
            10.623892
          ],
          [
            122.99117,
            10.62388
          ],
          [
            122.991128,
            10.623843
          ],
          [
            122.990773,
            10.622547
          ],
          [
            122.990764,
            10.622515
          ],
          [
            122.990517,
            10.621535
          ],
          [
            122.990487,
            10.621449
          ],
          [
            122.990439,
            10.621228
          ],
          [
            122.990423,
            10.621156
          ],
          [
            122.990243,
            10.620447
          ],
          [
            122.989922,
            10.619282
          ],
          [
            122.989909,
            10.61926
          ],
          [
            122.98995,
            10.619225
          ],
          [
            122.989967,
            10.619216
          ],
          [
            122.98998,
            10.619212
          ],
          [
            122.990032,
            10.619209
          ],
          [
            122.990121,
            10.619184
          ],
          [
            122.990204,
            10.619126
          ],
          [
            122.990217,
            10.619109
          ],
          [
            122.990222,
            10.619092
          ],
          [
            122.990219,
            10.619077
          ],
          [
            122.990193,
            10.619033
          ],
          [
            122.99005,
            10.6189
          ],
          [
            122.989732,
            10.618723
          ],
          [
            122.989778,
            10.618844
          ],
          [
            122.989826,
            10.618952
          ],
          [
            122.989839,
            10.618997
          ],
          [
            122.989847,
            10.619082
          ],
          [
            122.989857,
            10.619106
          ],
          [
            122.989877,
            10.619125
          ],
          [
            122.989886,
            10.61915
          ],
          [
            122.989899,
            10.619192
          ],
          [
            122.989905,
            10.619232
          ],
          [
            122.989901,
            10.619248
          ],
          [
            122.989909,
            10.61926
          ],
          [
            122.989922,
            10.619282
          ],
          [
            122.990243,
            10.620447
          ],
          [
            122.990423,
            10.621156
          ],
          [
            122.990439,
            10.621228
          ],
          [
            122.990487,
            10.621449
          ],
          [
            122.990517,
            10.621535
          ],
          [
            122.990764,
            10.622515
          ],
          [
            122.991128,
            10.623843
          ],
          [
            122.99117,
            10.62388
          ],
          [
            122.991208,
            10.623892
          ],
          [
            122.991251,
            10.623885
          ],
          [
            122.991398,
            10.623833
          ],
          [
            122.991426,
            10.623839
          ],
          [
            122.99145,
            10.623852
          ],
          [
            122.991478,
            10.623878
          ],
          [
            122.99167,
            10.624524
          ],
          [
            122.992175,
            10.626471
          ],
          [
            122.992139,
            10.626563
          ],
          [
            122.99209,
            10.6266
          ],
          [
            122.991838,
            10.626669
          ],
          [
            122.991945,
            10.627118
          ],
          [
            122.991415,
            10.627284
          ],
          [
            122.989948,
            10.627728
          ],
          [
            122.989432,
            10.627886
          ],
          [
            122.988861,
            10.62806
          ],
          [
            122.988249,
            10.628247
          ],
          [
            122.987938,
            10.628339
          ],
          [
            122.987662,
            10.628422
          ],
          [
            122.987593,
            10.628447
          ],
          [
            122.98746,
            10.62848
          ],
          [
            122.987316,
            10.628524
          ],
          [
            122.987108,
            10.628586
          ],
          [
            122.986182,
            10.628885
          ],
          [
            122.985907,
            10.628968
          ],
          [
            122.985709,
            10.629029
          ],
          [
            122.985447,
            10.629109
          ],
          [
            122.984984,
            10.629246
          ],
          [
            122.984527,
            10.62938
          ],
          [
            122.984192,
            10.629474
          ],
          [
            122.983467,
            10.6297
          ],
          [
            122.982937,
            10.629854
          ],
          [
            122.982654,
            10.629946
          ],
          [
            122.982021,
            10.630127
          ],
          [
            122.981785,
            10.63019
          ],
          [
            122.981534,
            10.630246
          ],
          [
            122.981356,
            10.63028
          ],
          [
            122.981293,
            10.630292
          ],
          [
            122.98096,
            10.630341
          ],
          [
            122.98065,
            10.630387
          ],
          [
            122.980316,
            10.630433
          ],
          [
            122.979893,
            10.630491
          ],
          [
            122.979606,
            10.630531
          ],
          [
            122.979258,
            10.630578
          ],
          [
            122.978974,
            10.630617
          ],
          [
            122.978262,
            10.630715
          ],
          [
            122.977641,
            10.630801
          ],
          [
            122.977536,
            10.630815
          ],
          [
            122.977494,
            10.63082
          ],
          [
            122.977327,
            10.630844
          ],
          [
            122.977276,
            10.630852
          ],
          [
            122.97719,
            10.630865
          ],
          [
            122.97697,
            10.630896
          ],
          [
            122.976913,
            10.630904
          ],
          [
            122.976851,
            10.630913
          ],
          [
            122.976792,
            10.630923
          ],
          [
            122.97606,
            10.631025
          ],
          [
            122.975694,
            10.631082
          ],
          [
            122.975517,
            10.63111
          ],
          [
            122.975439,
            10.631121
          ],
          [
            122.975249,
            10.631146
          ],
          [
            122.974733,
            10.631214
          ],
          [
            122.97466,
            10.631225
          ],
          [
            122.974545,
            10.631244
          ],
          [
            122.974357,
            10.631273
          ],
          [
            122.974312,
            10.63128
          ],
          [
            122.974178,
            10.631301
          ],
          [
            122.974096,
            10.631872
          ],
          [
            122.973914,
            10.633118
          ],
          [
            122.9739,
            10.633234
          ],
          [
            122.973714,
            10.634587
          ],
          [
            122.973682,
            10.63483
          ],
          [
            122.973641,
            10.635136
          ],
          [
            122.97361,
            10.63537
          ],
          [
            122.973572,
            10.635703
          ],
          [
            122.97353,
            10.636071
          ],
          [
            122.97343,
            10.636662
          ],
          [
            122.97332,
            10.636956
          ],
          [
            122.973232,
            10.637103
          ],
          [
            122.9732,
            10.637155
          ],
          [
            122.972918,
            10.637448
          ],
          [
            122.972773,
            10.637589
          ],
          [
            122.971643,
            10.638506
          ],
          [
            122.971202,
            10.638855
          ],
          [
            122.971315,
            10.638991
          ],
          [
            122.97158,
            10.639311
          ],
          [
            122.971662,
            10.639411
          ],
          [
            122.972106,
            10.639947
          ],
          [
            122.972385,
            10.640266
          ],
          [
            122.972659,
            10.64053
          ],
          [
            122.972838,
            10.640651
          ],
          [
            122.973031,
            10.640777
          ],
          [
            122.973409,
            10.640954
          ],
          [
            122.973667,
            10.641044
          ],
          [
            122.97394,
            10.641102
          ],
          [
            122.974176,
            10.641126
          ],
          [
            122.974316,
            10.641131
          ],
          [
            122.97445,
            10.641129
          ],
          [
            122.97458,
            10.641116
          ],
          [
            122.974693,
            10.641108
          ],
          [
            122.974854,
            10.641088
          ],
          [
            122.975017,
            10.641059
          ],
          [
            122.975141,
            10.641029
          ],
          [
            122.975229,
            10.641004
          ],
          [
            122.97535,
            10.640961
          ],
          [
            122.975455,
            10.640919
          ],
          [
            122.975593,
            10.640864
          ],
          [
            122.975823,
            10.640759
          ],
          [
            122.976035,
            10.64066
          ],
          [
            122.976233,
            10.640569
          ],
          [
            122.976863,
            10.64027
          ],
          [
            122.977479,
            10.639971
          ],
          [
            122.977776,
            10.63984
          ],
          [
            122.97804,
            10.639716
          ],
          [
            122.978515,
            10.6395
          ],
          [
            122.978716,
            10.639418
          ],
          [
            122.978791,
            10.639397
          ],
          [
            122.97887,
            10.639379
          ],
          [
            122.979017,
            10.63936
          ],
          [
            122.979117,
            10.639358
          ],
          [
            122.979204,
            10.639363
          ],
          [
            122.979291,
            10.63937
          ],
          [
            122.979395,
            10.639389
          ],
          [
            122.979641,
            10.639471
          ],
          [
            122.979852,
            10.639562
          ],
          [
            122.979989,
            10.63961
          ],
          [
            122.980833,
            10.63997
          ],
          [
            122.980855,
            10.640022
          ],
          [
            122.980917,
            10.640093
          ],
          [
            122.980989,
            10.640172
          ],
          [
            122.981058,
            10.64025
          ],
          [
            122.981106,
            10.640317
          ],
          [
            122.981207,
            10.640515
          ],
          [
            122.981278,
            10.640688
          ],
          [
            122.981343,
            10.640833
          ],
          [
            122.981405,
            10.640978
          ],
          [
            122.981477,
            10.641183
          ],
          [
            122.981011,
            10.641371
          ],
          [
            122.980917,
            10.641408
          ],
          [
            122.980852,
            10.641436
          ],
          [
            122.979224,
            10.641966
          ],
          [
            122.978237,
            10.642288
          ],
          [
            122.977017,
            10.642671
          ],
          [
            122.976944,
            10.642551
          ],
          [
            122.976902,
            10.642409
          ],
          [
            122.976761,
            10.642136
          ],
          [
            122.976587,
            10.641942
          ],
          [
            122.976269,
            10.641649
          ],
          [
            122.976243,
            10.64158
          ],
          [
            122.976241,
            10.641538
          ],
          [
            122.976252,
            10.641502
          ],
          [
            122.976598,
            10.641271
          ],
          [
            122.976252,
            10.641502
          ],
          [
            122.976241,
            10.641538
          ],
          [
            122.976243,
            10.64158
          ],
          [
            122.976269,
            10.641649
          ],
          [
            122.976587,
            10.641942
          ],
          [
            122.976761,
            10.642136
          ],
          [
            122.976902,
            10.642409
          ],
          [
            122.976944,
            10.642551
          ],
          [
            122.977017,
            10.642671
          ],
          [
            122.978107,
            10.642329
          ],
          [
            122.978237,
            10.642288
          ],
          [
            122.979224,
            10.641966
          ],
          [
            122.980852,
            10.641436
          ],
          [
            122.980917,
            10.641408
          ],
          [
            122.981011,
            10.641371
          ],
          [
            122.981477,
            10.641183
          ],
          [
            122.981405,
            10.640978
          ],
          [
            122.981343,
            10.640833
          ],
          [
            122.981278,
            10.640688
          ],
          [
            122.981207,
            10.640515
          ],
          [
            122.981106,
            10.640317
          ],
          [
            122.981058,
            10.64025
          ],
          [
            122.980989,
            10.640172
          ],
          [
            122.980917,
            10.640093
          ],
          [
            122.980855,
            10.640022
          ],
          [
            122.980833,
            10.63997
          ],
          [
            122.979989,
            10.63961
          ],
          [
            122.979852,
            10.639562
          ],
          [
            122.979641,
            10.639471
          ],
          [
            122.979395,
            10.639389
          ],
          [
            122.979291,
            10.63937
          ],
          [
            122.979204,
            10.639363
          ],
          [
            122.979117,
            10.639358
          ],
          [
            122.979017,
            10.63936
          ],
          [
            122.97887,
            10.639379
          ],
          [
            122.978791,
            10.639397
          ],
          [
            122.978716,
            10.639418
          ],
          [
            122.978515,
            10.6395
          ],
          [
            122.97804,
            10.639716
          ],
          [
            122.977776,
            10.63984
          ],
          [
            122.977479,
            10.639971
          ],
          [
            122.976863,
            10.64027
          ],
          [
            122.976233,
            10.640569
          ],
          [
            122.976035,
            10.64066
          ],
          [
            122.975823,
            10.640759
          ],
          [
            122.975593,
            10.640864
          ],
          [
            122.975455,
            10.640919
          ],
          [
            122.97535,
            10.640961
          ],
          [
            122.975229,
            10.641004
          ],
          [
            122.975141,
            10.641029
          ],
          [
            122.975017,
            10.641059
          ],
          [
            122.974854,
            10.641088
          ],
          [
            122.974693,
            10.641108
          ],
          [
            122.97458,
            10.641116
          ],
          [
            122.97445,
            10.641129
          ],
          [
            122.974316,
            10.641131
          ],
          [
            122.974176,
            10.641126
          ],
          [
            122.97394,
            10.641102
          ],
          [
            122.973667,
            10.641044
          ],
          [
            122.973409,
            10.640954
          ],
          [
            122.973031,
            10.640777
          ],
          [
            122.972838,
            10.640651
          ],
          [
            122.972659,
            10.64053
          ],
          [
            122.972385,
            10.640266
          ],
          [
            122.972106,
            10.639947
          ],
          [
            122.971662,
            10.639411
          ],
          [
            122.97158,
            10.639311
          ],
          [
            122.971315,
            10.638991
          ],
          [
            122.971202,
            10.638855
          ],
          [
            122.970989,
            10.639025
          ],
          [
            122.970698,
            10.639256
          ],
          [
            122.970236,
            10.639652
          ],
          [
            122.970178,
            10.639701
          ],
          [
            122.970099,
            10.639766
          ],
          [
            122.96959,
            10.640187
          ],
          [
            122.969006,
            10.640688
          ],
          [
            122.968956,
            10.640747
          ],
          [
            122.967662,
            10.642289
          ],
          [
            122.96732,
            10.642696
          ],
          [
            122.966979,
            10.643104
          ],
          [
            122.966891,
            10.643208
          ],
          [
            122.966766,
            10.643358
          ],
          [
            122.966693,
            10.643441
          ],
          [
            122.966559,
            10.643601
          ],
          [
            122.966354,
            10.643854
          ],
          [
            122.966181,
            10.644049
          ],
          [
            122.966079,
            10.644181
          ],
          [
            122.965646,
            10.644687
          ],
          [
            122.964991,
            10.645454
          ],
          [
            122.964743,
            10.645746
          ],
          [
            122.964719,
            10.645776
          ],
          [
            122.964396,
            10.646155
          ],
          [
            122.963634,
            10.647078
          ],
          [
            122.963133,
            10.64767
          ],
          [
            122.962391,
            10.648545
          ],
          [
            122.962237,
            10.64873
          ],
          [
            122.962129,
            10.648862
          ],
          [
            122.961508,
            10.649601
          ],
          [
            122.961149,
            10.650035
          ],
          [
            122.960362,
            10.650943
          ],
          [
            122.960279,
            10.651047
          ],
          [
            122.95983,
            10.65161
          ],
          [
            122.959732,
            10.651725
          ],
          [
            122.959634,
            10.65184
          ],
          [
            122.958999,
            10.652584
          ],
          [
            122.958706,
            10.652936
          ],
          [
            122.958401,
            10.653294
          ],
          [
            122.958178,
            10.653556
          ],
          [
            122.957858,
            10.653933
          ],
          [
            122.957662,
            10.654159
          ],
          [
            122.957619,
            10.654209
          ],
          [
            122.956592,
            10.655468
          ],
          [
            122.956335,
            10.655776
          ],
          [
            122.955586,
            10.656637
          ],
          [
            122.955378,
            10.656875
          ],
          [
            122.95532,
            10.656938
          ],
          [
            122.954958,
            10.657357
          ],
          [
            122.954286,
            10.658197
          ],
          [
            122.95408,
            10.658426
          ],
          [
            122.95391,
            10.658624
          ],
          [
            122.953724,
            10.658843
          ],
          [
            122.953705,
            10.658865
          ],
          [
            122.953443,
            10.659181
          ],
          [
            122.953286,
            10.659333
          ],
          [
            122.953218,
            10.659385
          ],
          [
            122.953021,
            10.659471
          ],
          [
            122.952336,
            10.659699
          ],
          [
            122.951778,
            10.659897
          ],
          [
            122.950883,
            10.660206
          ],
          [
            122.950603,
            10.660303
          ],
          [
            122.950219,
            10.660482
          ],
          [
            122.949944,
            10.660595
          ],
          [
            122.949838,
            10.660641
          ],
          [
            122.949406,
            10.66083
          ],
          [
            122.949298,
            10.660605
          ],
          [
            122.949006,
            10.660034
          ],
          [
            122.948951,
            10.659914
          ],
          [
            122.949275,
            10.65977
          ],
          [
            122.949525,
            10.659658
          ],
          [
            122.949631,
            10.65961
          ],
          [
            122.950004,
            10.659443
          ],
          [
            122.950137,
            10.659377
          ],
          [
            122.95044,
            10.659241
          ],
          [
            122.950511,
            10.659236
          ],
          [
            122.950586,
            10.659269
          ],
          [
            122.950929,
            10.659566
          ],
          [
            122.950975,
            10.659596
          ],
          [
            122.951031,
            10.659601
          ],
          [
            122.9514,
            10.659519
          ],
          [
            122.951543,
            10.65948
          ],
          [
            122.951778,
            10.659897
          ],
          [
            122.952336,
            10.659699
          ],
          [
            122.953021,
            10.659471
          ],
          [
            122.953218,
            10.659385
          ],
          [
            122.953286,
            10.659333
          ],
          [
            122.953443,
            10.659181
          ],
          [
            122.953705,
            10.658865
          ],
          [
            122.953724,
            10.658843
          ],
          [
            122.95391,
            10.658624
          ],
          [
            122.95408,
            10.658426
          ],
          [
            122.954286,
            10.658197
          ],
          [
            122.954958,
            10.657357
          ],
          [
            122.95532,
            10.656938
          ],
          [
            122.955378,
            10.656875
          ],
          [
            122.955586,
            10.656637
          ],
          [
            122.956335,
            10.655776
          ],
          [
            122.956592,
            10.655468
          ],
          [
            122.957619,
            10.654209
          ],
          [
            122.957662,
            10.654159
          ],
          [
            122.957858,
            10.653933
          ],
          [
            122.958178,
            10.653556
          ],
          [
            122.958401,
            10.653294
          ],
          [
            122.958706,
            10.652936
          ],
          [
            122.958999,
            10.652584
          ],
          [
            122.959634,
            10.65184
          ],
          [
            122.959732,
            10.651725
          ],
          [
            122.95983,
            10.65161
          ],
          [
            122.960279,
            10.651047
          ],
          [
            122.960362,
            10.650943
          ],
          [
            122.961149,
            10.650035
          ],
          [
            122.961508,
            10.649601
          ],
          [
            122.962129,
            10.648862
          ],
          [
            122.962237,
            10.64873
          ],
          [
            122.962391,
            10.648545
          ],
          [
            122.963133,
            10.64767
          ],
          [
            122.963634,
            10.647078
          ],
          [
            122.964396,
            10.646155
          ],
          [
            122.964719,
            10.645776
          ],
          [
            122.964743,
            10.645746
          ],
          [
            122.964991,
            10.645454
          ],
          [
            122.965646,
            10.644687
          ],
          [
            122.966079,
            10.644181
          ],
          [
            122.966181,
            10.644049
          ],
          [
            122.966354,
            10.643854
          ],
          [
            122.966559,
            10.643601
          ],
          [
            122.966693,
            10.643441
          ],
          [
            122.966766,
            10.643358
          ],
          [
            122.966891,
            10.643208
          ],
          [
            122.966979,
            10.643104
          ],
          [
            122.96732,
            10.642696
          ],
          [
            122.967662,
            10.642289
          ],
          [
            122.968956,
            10.640747
          ],
          [
            122.969006,
            10.640688
          ],
          [
            122.96959,
            10.640187
          ],
          [
            122.970099,
            10.639766
          ],
          [
            122.970178,
            10.639701
          ],
          [
            122.970236,
            10.639652
          ],
          [
            122.970698,
            10.639256
          ],
          [
            122.970989,
            10.639025
          ],
          [
            122.971202,
            10.638855
          ],
          [
            122.971315,
            10.638991
          ],
          [
            122.97158,
            10.639311
          ],
          [
            122.971662,
            10.639411
          ],
          [
            122.972106,
            10.639947
          ],
          [
            122.972385,
            10.640266
          ],
          [
            122.972659,
            10.64053
          ],
          [
            122.972838,
            10.640651
          ],
          [
            122.973031,
            10.640777
          ],
          [
            122.973409,
            10.640954
          ],
          [
            122.973667,
            10.641044
          ],
          [
            122.97394,
            10.641102
          ],
          [
            122.974176,
            10.641126
          ],
          [
            122.974316,
            10.641131
          ],
          [
            122.97445,
            10.641129
          ],
          [
            122.97458,
            10.641116
          ],
          [
            122.974693,
            10.641108
          ],
          [
            122.974854,
            10.641088
          ],
          [
            122.975017,
            10.641059
          ],
          [
            122.975141,
            10.641029
          ],
          [
            122.975229,
            10.641004
          ],
          [
            122.97535,
            10.640961
          ],
          [
            122.975455,
            10.640919
          ],
          [
            122.975593,
            10.640864
          ],
          [
            122.975823,
            10.640759
          ],
          [
            122.976035,
            10.64066
          ],
          [
            122.976233,
            10.640569
          ],
          [
            122.976863,
            10.64027
          ],
          [
            122.977479,
            10.639971
          ],
          [
            122.977776,
            10.63984
          ],
          [
            122.97804,
            10.639716
          ],
          [
            122.978515,
            10.6395
          ],
          [
            122.978716,
            10.639418
          ],
          [
            122.978791,
            10.639397
          ],
          [
            122.97887,
            10.639379
          ],
          [
            122.979017,
            10.63936
          ],
          [
            122.979117,
            10.639358
          ],
          [
            122.979204,
            10.639363
          ],
          [
            122.979291,
            10.63937
          ],
          [
            122.979395,
            10.639389
          ],
          [
            122.979641,
            10.639471
          ],
          [
            122.979852,
            10.639562
          ],
          [
            122.979989,
            10.63961
          ],
          [
            122.980833,
            10.63997
          ],
          [
            122.980855,
            10.640022
          ],
          [
            122.980917,
            10.640093
          ],
          [
            122.980989,
            10.640172
          ],
          [
            122.981058,
            10.64025
          ],
          [
            122.981106,
            10.640317
          ],
          [
            122.981207,
            10.640515
          ],
          [
            122.981278,
            10.640688
          ],
          [
            122.981343,
            10.640833
          ],
          [
            122.981405,
            10.640978
          ],
          [
            122.981477,
            10.641183
          ],
          [
            122.981011,
            10.641371
          ],
          [
            122.980917,
            10.641408
          ],
          [
            122.980852,
            10.641436
          ],
          [
            122.979224,
            10.641966
          ],
          [
            122.978237,
            10.642288
          ],
          [
            122.977017,
            10.642671
          ],
          [
            122.976944,
            10.642551
          ],
          [
            122.976902,
            10.642409
          ],
          [
            122.976761,
            10.642136
          ],
          [
            122.976587,
            10.641942
          ],
          [
            122.976269,
            10.641649
          ],
          [
            122.976243,
            10.64158
          ],
          [
            122.976241,
            10.641538
          ],
          [
            122.976252,
            10.641502
          ],
          [
            122.976598,
            10.641271
          ],
          [
            122.976252,
            10.641502
          ],
          [
            122.976241,
            10.641538
          ],
          [
            122.976243,
            10.64158
          ],
          [
            122.976269,
            10.641649
          ],
          [
            122.976587,
            10.641942
          ],
          [
            122.976761,
            10.642136
          ],
          [
            122.976902,
            10.642409
          ],
          [
            122.976944,
            10.642551
          ],
          [
            122.977017,
            10.642671
          ],
          [
            122.978107,
            10.642329
          ],
          [
            122.978237,
            10.642288
          ],
          [
            122.979224,
            10.641966
          ],
          [
            122.980852,
            10.641436
          ],
          [
            122.980917,
            10.641408
          ],
          [
            122.981011,
            10.641371
          ],
          [
            122.981477,
            10.641183
          ],
          [
            122.981405,
            10.640978
          ],
          [
            122.981343,
            10.640833
          ],
          [
            122.981278,
            10.640688
          ],
          [
            122.981207,
            10.640515
          ],
          [
            122.981106,
            10.640317
          ],
          [
            122.981058,
            10.64025
          ],
          [
            122.980989,
            10.640172
          ],
          [
            122.980917,
            10.640093
          ],
          [
            122.980855,
            10.640022
          ],
          [
            122.980833,
            10.63997
          ],
          [
            122.979989,
            10.63961
          ],
          [
            122.979852,
            10.639562
          ],
          [
            122.979641,
            10.639471
          ],
          [
            122.979395,
            10.639389
          ],
          [
            122.979291,
            10.63937
          ],
          [
            122.979204,
            10.639363
          ],
          [
            122.979117,
            10.639358
          ],
          [
            122.979017,
            10.63936
          ],
          [
            122.97887,
            10.639379
          ],
          [
            122.978791,
            10.639397
          ],
          [
            122.978716,
            10.639418
          ],
          [
            122.978515,
            10.6395
          ],
          [
            122.97804,
            10.639716
          ],
          [
            122.977776,
            10.63984
          ],
          [
            122.977479,
            10.639971
          ],
          [
            122.976863,
            10.64027
          ],
          [
            122.976233,
            10.640569
          ],
          [
            122.976035,
            10.64066
          ],
          [
            122.975823,
            10.640759
          ],
          [
            122.975593,
            10.640864
          ],
          [
            122.975455,
            10.640919
          ],
          [
            122.97535,
            10.640961
          ],
          [
            122.975229,
            10.641004
          ],
          [
            122.975141,
            10.641029
          ],
          [
            122.975017,
            10.641059
          ],
          [
            122.974854,
            10.641088
          ],
          [
            122.974693,
            10.641108
          ],
          [
            122.97458,
            10.641116
          ],
          [
            122.97445,
            10.641129
          ],
          [
            122.974316,
            10.641131
          ],
          [
            122.974176,
            10.641126
          ],
          [
            122.97394,
            10.641102
          ],
          [
            122.973667,
            10.641044
          ],
          [
            122.973409,
            10.640954
          ],
          [
            122.973031,
            10.640777
          ],
          [
            122.972838,
            10.640651
          ],
          [
            122.972659,
            10.64053
          ],
          [
            122.972385,
            10.640266
          ],
          [
            122.972106,
            10.639947
          ],
          [
            122.971662,
            10.639411
          ],
          [
            122.97158,
            10.639311
          ],
          [
            122.971315,
            10.638991
          ],
          [
            122.971202,
            10.638855
          ],
          [
            122.971643,
            10.638506
          ],
          [
            122.972773,
            10.637589
          ],
          [
            122.972918,
            10.637448
          ],
          [
            122.9732,
            10.637155
          ],
          [
            122.973232,
            10.637103
          ],
          [
            122.97332,
            10.636956
          ],
          [
            122.97343,
            10.636662
          ],
          [
            122.97353,
            10.636071
          ],
          [
            122.973572,
            10.635703
          ],
          [
            122.97361,
            10.63537
          ],
          [
            122.973641,
            10.635136
          ],
          [
            122.973682,
            10.63483
          ],
          [
            122.973714,
            10.634587
          ],
          [
            122.9739,
            10.633234
          ],
          [
            122.973914,
            10.633118
          ],
          [
            122.974096,
            10.631872
          ],
          [
            122.974178,
            10.631301
          ],
          [
            122.974312,
            10.63128
          ],
          [
            122.974357,
            10.631273
          ],
          [
            122.974545,
            10.631244
          ],
          [
            122.97466,
            10.631225
          ],
          [
            122.974733,
            10.631214
          ],
          [
            122.975249,
            10.631146
          ],
          [
            122.975439,
            10.631121
          ],
          [
            122.975517,
            10.63111
          ],
          [
            122.975694,
            10.631082
          ],
          [
            122.97606,
            10.631025
          ],
          [
            122.976792,
            10.630923
          ],
          [
            122.976851,
            10.630913
          ],
          [
            122.976913,
            10.630904
          ],
          [
            122.97697,
            10.630896
          ],
          [
            122.97719,
            10.630865
          ],
          [
            122.977276,
            10.630852
          ],
          [
            122.977327,
            10.630844
          ],
          [
            122.977494,
            10.63082
          ],
          [
            122.977536,
            10.630815
          ],
          [
            122.977641,
            10.630801
          ],
          [
            122.978262,
            10.630715
          ],
          [
            122.978974,
            10.630617
          ],
          [
            122.979258,
            10.630578
          ],
          [
            122.979606,
            10.630531
          ],
          [
            122.979893,
            10.630491
          ],
          [
            122.980316,
            10.630433
          ],
          [
            122.98065,
            10.630387
          ],
          [
            122.98096,
            10.630341
          ],
          [
            122.981293,
            10.630292
          ],
          [
            122.981356,
            10.63028
          ],
          [
            122.981534,
            10.630246
          ],
          [
            122.981785,
            10.63019
          ],
          [
            122.982021,
            10.630127
          ],
          [
            122.982654,
            10.629946
          ],
          [
            122.982937,
            10.629854
          ],
          [
            122.983467,
            10.6297
          ],
          [
            122.984192,
            10.629474
          ],
          [
            122.984527,
            10.62938
          ],
          [
            122.984984,
            10.629246
          ],
          [
            122.985447,
            10.629109
          ],
          [
            122.985709,
            10.629029
          ],
          [
            122.985907,
            10.628968
          ],
          [
            122.986182,
            10.628885
          ],
          [
            122.987108,
            10.628586
          ],
          [
            122.987316,
            10.628524
          ],
          [
            122.98746,
            10.62848
          ],
          [
            122.987593,
            10.628447
          ],
          [
            122.987662,
            10.628422
          ],
          [
            122.987938,
            10.628339
          ],
          [
            122.988249,
            10.628247
          ],
          [
            122.988861,
            10.62806
          ],
          [
            122.989432,
            10.627886
          ],
          [
            122.989948,
            10.627728
          ],
          [
            122.991415,
            10.627284
          ],
          [
            122.991945,
            10.627118
          ],
          [
            122.991838,
            10.626669
          ],
          [
            122.99209,
            10.6266
          ],
          [
            122.992139,
            10.626563
          ],
          [
            122.992175,
            10.626471
          ],
          [
            122.99167,
            10.624524
          ],
          [
            122.991478,
            10.623878
          ],
          [
            122.99145,
            10.623852
          ],
          [
            122.991426,
            10.623839
          ],
          [
            122.991398,
            10.623833
          ],
          [
            122.991251,
            10.623885
          ],
          [
            122.991208,
            10.623892
          ],
          [
            122.99117,
            10.62388
          ],
          [
            122.991128,
            10.623843
          ],
          [
            122.990773,
            10.622547
          ],
          [
            122.990764,
            10.622515
          ],
          [
            122.990517,
            10.621535
          ],
          [
            122.990487,
            10.621449
          ],
          [
            122.990439,
            10.621228
          ],
          [
            122.990423,
            10.621156
          ],
          [
            122.990243,
            10.620447
          ],
          [
            122.989922,
            10.619282
          ],
          [
            122.989909,
            10.61926
          ],
          [
            122.98995,
            10.619225
          ],
          [
            122.989967,
            10.619216
          ],
          [
            122.98998,
            10.619212
          ],
          [
            122.990032,
            10.619209
          ],
          [
            122.990121,
            10.619184
          ],
          [
            122.990204,
            10.619126
          ],
          [
            122.990217,
            10.619109
          ],
          [
            122.990222,
            10.619092
          ],
          [
            122.990219,
            10.619077
          ],
          [
            122.990193,
            10.619033
          ],
          [
            122.99005,
            10.6189
          ],
          [
            122.989732,
            10.618723
          ],
          [
            122.989778,
            10.618844
          ],
          [
            122.989826,
            10.618952
          ],
          [
            122.989839,
            10.618997
          ],
          [
            122.989847,
            10.619082
          ],
          [
            122.989857,
            10.619106
          ],
          [
            122.989877,
            10.619125
          ],
          [
            122.989886,
            10.61915
          ],
          [
            122.989899,
            10.619192
          ],
          [
            122.989905,
            10.619232
          ],
          [
            122.989901,
            10.619248
          ],
          [
            122.989909,
            10.61926
          ],
          [
            122.989922,
            10.619282
          ],
          [
            122.990243,
            10.620447
          ],
          [
            122.990423,
            10.621156
          ],
          [
            122.990439,
            10.621228
          ],
          [
            122.990487,
            10.621449
          ],
          [
            122.990517,
            10.621535
          ],
          [
            122.990764,
            10.622515
          ],
          [
            122.991128,
            10.623843
          ],
          [
            122.99117,
            10.62388
          ],
          [
            122.991208,
            10.623892
          ],
          [
            122.991251,
            10.623885
          ],
          [
            122.991398,
            10.623833
          ],
          [
            122.991426,
            10.623839
          ],
          [
            122.99145,
            10.623852
          ],
          [
            122.991478,
            10.623878
          ],
          [
            122.99167,
            10.624524
          ],
          [
            122.992175,
            10.626471
          ],
          [
            122.992139,
            10.626563
          ],
          [
            122.99209,
            10.6266
          ],
          [
            122.991838,
            10.626669
          ],
          [
            122.991945,
            10.627118
          ],
          [
            122.992489,
            10.626942
          ],
          [
            122.993585,
            10.62659
          ],
          [
            122.99389,
            10.626494
          ],
          [
            122.994076,
            10.626438
          ],
          [
            122.995454,
            10.625996
          ],
          [
            122.996077,
            10.625817
          ],
          [
            122.996326,
            10.625743
          ],
          [
            122.996487,
            10.625689
          ],
          [
            122.996607,
            10.625639
          ],
          [
            122.996952,
            10.625497
          ],
          [
            122.998312,
            10.624955
          ],
          [
            122.998832,
            10.624752
          ],
          [
            122.999629,
            10.624445
          ],
          [
            122.999665,
            10.624433
          ],
          [
            123.000351,
            10.624232
          ],
          [
            123.000662,
            10.624138
          ],
          [
            123.000858,
            10.624079
          ],
          [
            123.001245,
            10.623973
          ],
          [
            123.001544,
            10.623889
          ],
          [
            123.001811,
            10.623816
          ],
          [
            123.003516,
            10.62335
          ],
          [
            123.004433,
            10.623103
          ],
          [
            123.005179,
            10.622888
          ],
          [
            123.005651,
            10.622754
          ],
          [
            123.006158,
            10.622609
          ],
          [
            123.006765,
            10.622451
          ],
          [
            123.006964,
            10.622401
          ],
          [
            123.007047,
            10.622377
          ],
          [
            123.007479,
            10.622265
          ],
          [
            123.007948,
            10.622145
          ],
          [
            123.008652,
            10.621946
          ],
          [
            123.009853,
            10.621626
          ],
          [
            123.010204,
            10.621525
          ],
          [
            123.010405,
            10.621473
          ],
          [
            123.010729,
            10.621383
          ],
          [
            123.011274,
            10.621232
          ],
          [
            123.011345,
            10.621209
          ],
          [
            123.011757,
            10.621103
          ],
          [
            123.011926,
            10.621059
          ],
          [
            123.012018,
            10.621037
          ],
          [
            123.012194,
            10.620989
          ],
          [
            123.012824,
            10.62082
          ],
          [
            123.013475,
            10.620655
          ],
          [
            123.014048,
            10.620497
          ],
          [
            123.014007,
            10.620361
          ],
          [
            123.01391,
            10.620038
          ],
          [
            123.013861,
            10.619911
          ],
          [
            123.013789,
            10.619751
          ],
          [
            123.013703,
            10.619584
          ],
          [
            123.013583,
            10.619389
          ],
          [
            123.013473,
            10.61922
          ],
          [
            123.013247,
            10.61894
          ],
          [
            123.012955,
            10.618598
          ],
          [
            123.012352,
            10.617901
          ],
          [
            123.011909,
            10.617412
          ],
          [
            123.011746,
            10.617232
          ],
          [
            123.011537,
            10.616982
          ],
          [
            123.01132,
            10.616716
          ],
          [
            123.010998,
            10.616317
          ],
          [
            123.010782,
            10.616038
          ],
          [
            123.010647,
            10.615883
          ],
          [
            123.010521,
            10.615737
          ],
          [
            123.010296,
            10.615501
          ],
          [
            123.009922,
            10.615133
          ],
          [
            123.009646,
            10.614874
          ],
          [
            123.009333,
            10.614612
          ],
          [
            123.009239,
            10.614535
          ],
          [
            123.0088,
            10.614168
          ],
          [
            123.007277,
            10.612928
          ],
          [
            123.007193,
            10.612861
          ],
          [
            123.006653,
            10.612431
          ],
          [
            123.005464,
            10.611456
          ],
          [
            123.003944,
            10.610217
          ],
          [
            123.0027,
            10.609205
          ],
          [
            123.00237,
            10.608946
          ],
          [
            123.002078,
            10.608735
          ],
          [
            123.001625,
            10.608427
          ],
          [
            123.00119,
            10.608163
          ],
          [
            123.000221,
            10.607601
          ],
          [
            122.998969,
            10.606875
          ],
          [
            122.998448,
            10.606568
          ],
          [
            122.998112,
            10.606371
          ],
          [
            122.998059,
            10.60634
          ],
          [
            122.997529,
            10.606035
          ],
          [
            122.996981,
            10.60572
          ],
          [
            122.996465,
            10.605413
          ],
          [
            122.995968,
            10.605122
          ],
          [
            122.995636,
            10.604948
          ],
          [
            122.995253,
            10.604776
          ],
          [
            122.994988,
            10.604672
          ],
          [
            122.994655,
            10.60457
          ],
          [
            122.994233,
            10.60446
          ],
          [
            122.993302,
            10.604242
          ],
          [
            122.992437,
            10.604023
          ],
          [
            122.991966,
            10.60388
          ],
          [
            122.991565,
            10.60374
          ],
          [
            122.99122,
            10.603592
          ],
          [
            122.990515,
            10.603243
          ],
          [
            122.989091,
            10.60252
          ],
          [
            122.987936,
            10.60193
          ],
          [
            122.987467,
            10.601693
          ],
          [
            122.987232,
            10.601574
          ],
          [
            122.986522,
            10.601214
          ],
          [
            122.985856,
            10.600845
          ],
          [
            122.984881,
            10.600221
          ],
          [
            122.984695,
            10.600102
          ],
          [
            122.984615,
            10.600047
          ],
          [
            122.983617,
            10.599371
          ],
          [
            122.982662,
            10.598729
          ],
          [
            122.981852,
            10.598185
          ],
          [
            122.981459,
            10.597924
          ],
          [
            122.980747,
            10.597465
          ],
          [
            122.980118,
            10.597048
          ],
          [
            122.979353,
            10.596586
          ],
          [
            122.978602,
            10.596148
          ],
          [
            122.977635,
            10.595642
          ],
          [
            122.97725,
            10.595457
          ],
          [
            122.977037,
            10.59536
          ],
          [
            122.976839,
            10.595247
          ],
          [
            122.976306,
            10.594914
          ],
          [
            122.976074,
            10.594777
          ],
          [
            122.97585,
            10.594665
          ],
          [
            122.975613,
            10.594569
          ],
          [
            122.975278,
            10.594455
          ],
          [
            122.974745,
            10.594276
          ],
          [
            122.974449,
            10.594181
          ],
          [
            122.973782,
            10.593977
          ],
          [
            122.973095,
            10.593776
          ],
          [
            122.972585,
            10.593632
          ],
          [
            122.972151,
            10.593526
          ],
          [
            122.971659,
            10.593407
          ],
          [
            122.970918,
            10.593249
          ],
          [
            122.96932,
            10.593003
          ],
          [
            122.96772,
            10.592789
          ],
          [
            122.966786,
            10.59268
          ],
          [
            122.966747,
            10.592784
          ],
          [
            122.966721,
            10.592954
          ],
          [
            122.966667,
            10.593364
          ],
          [
            122.96662,
            10.593513
          ],
          [
            122.966561,
            10.593566
          ],
          [
            122.966483,
            10.593586
          ],
          [
            122.96578,
            10.593608
          ],
          [
            122.965713,
            10.593637
          ],
          [
            122.965649,
            10.593695
          ],
          [
            122.965555,
            10.593818
          ],
          [
            122.96547,
            10.593945
          ],
          [
            122.965308,
            10.594076
          ],
          [
            122.964708,
            10.594482
          ],
          [
            122.964456,
            10.594607
          ],
          [
            122.964158,
            10.594805
          ],
          [
            122.964378,
            10.595111
          ],
          [
            122.964223,
            10.595154
          ],
          [
            122.964121,
            10.595164
          ],
          [
            122.96403,
            10.595159
          ],
          [
            122.963898,
            10.595138
          ],
          [
            122.963748,
            10.595095
          ],
          [
            122.963572,
            10.595071
          ],
          [
            122.963336,
            10.595101
          ],
          [
            122.963284,
            10.595125
          ],
          [
            122.963252,
            10.595154
          ],
          [
            122.963209,
            10.595211
          ],
          [
            122.963149,
            10.595414
          ],
          [
            122.963145,
            10.595519
          ],
          [
            122.963118,
            10.595958
          ],
          [
            122.963098,
            10.596475
          ],
          [
            122.963075,
            10.597673
          ],
          [
            122.963045,
            10.597925
          ],
          [
            122.963003,
            10.598216
          ],
          [
            122.962986,
            10.598388
          ],
          [
            122.96301,
            10.598473
          ],
          [
            122.963022,
            10.598512
          ],
          [
            122.963069,
            10.598644
          ],
          [
            122.963161,
            10.598737
          ],
          [
            122.963272,
            10.598874
          ],
          [
            122.963388,
            10.599096
          ],
          [
            122.963471,
            10.599226
          ],
          [
            122.963503,
            10.599321
          ],
          [
            122.963534,
            10.599415
          ],
          [
            122.963507,
            10.599417
          ],
          [
            122.963483,
            10.599449
          ],
          [
            122.9635,
            10.599599
          ],
          [
            122.96356,
            10.600052
          ],
          [
            122.963593,
            10.600361
          ],
          [
            122.963601,
            10.600598
          ],
          [
            122.963586,
            10.600784
          ],
          [
            122.963566,
            10.600996
          ],
          [
            122.963556,
            10.601227
          ],
          [
            122.963541,
            10.60145
          ],
          [
            122.963758,
            10.601509
          ]
        ],
        "type": "LineString"
      }
    },
    {
      "type": "Feature",
      "properties": {
        "number": 15,
        "id": "paglaum-libertad",
        "name": "Paglaum Village \u2013 Libertad Loop",
        "color": "#d616c5",
        "status": "inferred_from_lptrp_anchors",
        "distance_km": 40.47,
        "anchors": [
          {
            "id": "paglaum",
            "name": "Paglaum",
            "lng": 123.00592,
            "lat": 10.61779
          },
          {
            "id": "vista_alegre",
            "name": "Vista Alegre",
            "lng": 122.99762,
            "lat": 10.644
          },
          {
            "id": "bangga_cory",
            "name": "Bangga Cory",
            "lng": 122.984,
            "lat": 10.651
          },
          {
            "id": "libertad",
            "name": "Libertad",
            "lng": 122.94974,
            "lat": 10.66012
          }
        ],
        "return_anchors": [],
        "mode": "jeepney"
      },
      "geometry": {
        "coordinates": [
          [
            123.005748,
            10.617716
          ],
          [
            123.005671,
            10.61789
          ],
          [
            123.005782,
            10.617938
          ],
          [
            123.006098,
            10.618062
          ],
          [
            123.006399,
            10.618162
          ],
          [
            123.006497,
            10.61822
          ],
          [
            123.006588,
            10.618307
          ],
          [
            123.00665,
            10.618399
          ],
          [
            123.006702,
            10.618472
          ],
          [
            123.007039,
            10.618985
          ],
          [
            123.007299,
            10.619485
          ],
          [
            123.007483,
            10.61981
          ],
          [
            123.00774,
            10.620248
          ],
          [
            123.007987,
            10.620671
          ],
          [
            123.008442,
            10.621565
          ],
          [
            123.008652,
            10.621946
          ],
          [
            123.009853,
            10.621626
          ],
          [
            123.010204,
            10.621525
          ],
          [
            123.010405,
            10.621473
          ],
          [
            123.010729,
            10.621383
          ],
          [
            123.011274,
            10.621232
          ],
          [
            123.011345,
            10.621209
          ],
          [
            123.011757,
            10.621103
          ],
          [
            123.011926,
            10.621059
          ],
          [
            123.012018,
            10.621037
          ],
          [
            123.012194,
            10.620989
          ],
          [
            123.012824,
            10.62082
          ],
          [
            123.013475,
            10.620655
          ],
          [
            123.014048,
            10.620497
          ],
          [
            123.014127,
            10.620475
          ],
          [
            123.014335,
            10.621314
          ],
          [
            123.015131,
            10.624278
          ],
          [
            123.015335,
            10.625112
          ],
          [
            123.015402,
            10.625432
          ],
          [
            123.015436,
            10.625719
          ],
          [
            123.015468,
            10.626113
          ],
          [
            123.015504,
            10.627671
          ],
          [
            123.015516,
            10.628191
          ],
          [
            123.015566,
            10.629338
          ],
          [
            123.015616,
            10.629885
          ],
          [
            123.015715,
            10.630525
          ],
          [
            123.015845,
            10.631369
          ],
          [
            123.015928,
            10.631891
          ],
          [
            123.015962,
            10.632106
          ],
          [
            123.016097,
            10.632997
          ],
          [
            123.016215,
            10.633674
          ],
          [
            123.016282,
            10.634001
          ],
          [
            123.016353,
            10.634255
          ],
          [
            123.0165,
            10.634706
          ],
          [
            123.016669,
            10.635161
          ],
          [
            123.016886,
            10.635671
          ],
          [
            123.01724,
            10.636451
          ],
          [
            123.017545,
            10.637162
          ],
          [
            123.017927,
            10.638051
          ],
          [
            123.018367,
            10.639051
          ],
          [
            123.018595,
            10.639608
          ],
          [
            123.018694,
            10.63988
          ],
          [
            123.018769,
            10.640136
          ],
          [
            123.018855,
            10.640476
          ],
          [
            123.01878,
            10.640513
          ],
          [
            123.018646,
            10.640566
          ],
          [
            123.018503,
            10.640613
          ],
          [
            123.018293,
            10.640677
          ],
          [
            123.018144,
            10.640723
          ],
          [
            123.01803,
            10.640738
          ],
          [
            123.01786,
            10.64075
          ],
          [
            123.017721,
            10.640737
          ],
          [
            123.016744,
            10.640579
          ],
          [
            123.015781,
            10.640438
          ],
          [
            123.014701,
            10.640301
          ],
          [
            123.014659,
            10.6403
          ],
          [
            123.014534,
            10.640299
          ],
          [
            123.013921,
            10.640358
          ],
          [
            123.013236,
            10.64049
          ],
          [
            123.013124,
            10.640517
          ],
          [
            123.012428,
            10.640756
          ],
          [
            123.012062,
            10.640881
          ],
          [
            123.011282,
            10.641165
          ],
          [
            123.010936,
            10.641277
          ],
          [
            123.010508,
            10.641392
          ],
          [
            123.010025,
            10.641588
          ],
          [
            123.008209,
            10.642317
          ],
          [
            123.008087,
            10.642358
          ],
          [
            123.007309,
            10.642531
          ],
          [
            123.006575,
            10.64269
          ],
          [
            123.006173,
            10.642772
          ],
          [
            123.005707,
            10.642849
          ],
          [
            123.004825,
            10.643002
          ],
          [
            123.004205,
            10.643067
          ],
          [
            123.003293,
            10.643067
          ],
          [
            123.002308,
            10.643142
          ],
          [
            123.001372,
            10.643217
          ],
          [
            123.00113,
            10.643242
          ],
          [
            123.000715,
            10.643286
          ],
          [
            123.000431,
            10.643317
          ],
          [
            122.999686,
            10.643377
          ],
          [
            122.998795,
            10.643467
          ],
          [
            122.997613,
            10.643581
          ],
          [
            122.997622,
            10.643819
          ],
          [
            122.997595,
            10.643887
          ],
          [
            122.997604,
            10.644001
          ],
          [
            122.997604,
            10.644006
          ],
          [
            122.99761,
            10.64404
          ],
          [
            122.99762,
            10.64407
          ],
          [
            122.997647,
            10.644125
          ],
          [
            122.997772,
            10.644411
          ],
          [
            122.997838,
            10.644554
          ],
          [
            122.997957,
            10.644851
          ],
          [
            122.998038,
            10.64511
          ],
          [
            122.998056,
            10.645107
          ],
          [
            122.998074,
            10.645108
          ],
          [
            122.998091,
            10.645113
          ],
          [
            122.998106,
            10.645123
          ],
          [
            122.998118,
            10.645135
          ],
          [
            122.998127,
            10.645151
          ],
          [
            122.998132,
            10.645168
          ],
          [
            122.998132,
            10.645186
          ],
          [
            122.998128,
            10.645203
          ],
          [
            122.998119,
            10.645219
          ],
          [
            122.998107,
            10.645232
          ],
          [
            122.998092,
            10.645241
          ],
          [
            122.998074,
            10.645247
          ],
          [
            122.998057,
            10.645248
          ],
          [
            122.998039,
            10.645245
          ],
          [
            122.998022,
            10.645237
          ],
          [
            122.998008,
            10.645226
          ],
          [
            122.997998,
            10.645212
          ],
          [
            122.997991,
            10.645195
          ],
          [
            122.997989,
            10.645178
          ],
          [
            122.997991,
            10.64516
          ],
          [
            122.997997,
            10.645144
          ],
          [
            122.998008,
            10.645129
          ],
          [
            122.998022,
            10.645118
          ],
          [
            122.998038,
            10.64511
          ],
          [
            122.997957,
            10.644851
          ],
          [
            122.997838,
            10.644554
          ],
          [
            122.997772,
            10.644411
          ],
          [
            122.997647,
            10.644125
          ],
          [
            122.99762,
            10.64407
          ],
          [
            122.99761,
            10.64404
          ],
          [
            122.997604,
            10.644006
          ],
          [
            122.997595,
            10.643887
          ],
          [
            122.997569,
            10.643815
          ],
          [
            122.997549,
            10.643587
          ],
          [
            122.997361,
            10.6436
          ],
          [
            122.997208,
            10.643616
          ],
          [
            122.996509,
            10.643671
          ],
          [
            122.995984,
            10.64373
          ],
          [
            122.995902,
            10.64374
          ],
          [
            122.995751,
            10.643752
          ],
          [
            122.995551,
            10.643714
          ],
          [
            122.995392,
            10.64364
          ],
          [
            122.99481,
            10.643218
          ],
          [
            122.994376,
            10.642939
          ],
          [
            122.994302,
            10.642887
          ],
          [
            122.994171,
            10.642843
          ],
          [
            122.994001,
            10.642728
          ],
          [
            122.993725,
            10.642512
          ],
          [
            122.992963,
            10.642
          ],
          [
            122.992361,
            10.641587
          ],
          [
            122.991973,
            10.641323
          ],
          [
            122.991542,
            10.641011
          ],
          [
            122.991077,
            10.640704
          ],
          [
            122.990618,
            10.640487
          ],
          [
            122.990149,
            10.640365
          ],
          [
            122.990065,
            10.640362
          ],
          [
            122.988764,
            10.640305
          ],
          [
            122.988218,
            10.64029
          ],
          [
            122.988068,
            10.640286
          ],
          [
            122.987683,
            10.640315
          ],
          [
            122.987208,
            10.640346
          ],
          [
            122.986587,
            10.640377
          ],
          [
            122.985458,
            10.64047
          ],
          [
            122.984617,
            10.640606
          ],
          [
            122.98442,
            10.640652
          ],
          [
            122.984153,
            10.64074
          ],
          [
            122.983401,
            10.640899
          ],
          [
            122.983204,
            10.640943
          ],
          [
            122.983099,
            10.640967
          ],
          [
            122.983061,
            10.640973
          ],
          [
            122.982988,
            10.640978
          ],
          [
            122.982894,
            10.640986
          ],
          [
            122.982813,
            10.640986
          ],
          [
            122.982702,
            10.640968
          ],
          [
            122.9826,
            10.64094
          ],
          [
            122.982461,
            10.640856
          ],
          [
            122.980877,
            10.639991
          ],
          [
            122.980833,
            10.63997
          ],
          [
            122.979989,
            10.63961
          ],
          [
            122.979852,
            10.639562
          ],
          [
            122.979641,
            10.639471
          ],
          [
            122.979395,
            10.639389
          ],
          [
            122.979291,
            10.63937
          ],
          [
            122.979204,
            10.639363
          ],
          [
            122.979117,
            10.639358
          ],
          [
            122.979017,
            10.63936
          ],
          [
            122.97887,
            10.639379
          ],
          [
            122.978791,
            10.639397
          ],
          [
            122.978716,
            10.639418
          ],
          [
            122.978515,
            10.6395
          ],
          [
            122.97804,
            10.639716
          ],
          [
            122.977776,
            10.63984
          ],
          [
            122.977479,
            10.639971
          ],
          [
            122.976863,
            10.64027
          ],
          [
            122.976233,
            10.640569
          ],
          [
            122.976035,
            10.64066
          ],
          [
            122.975823,
            10.640759
          ],
          [
            122.975593,
            10.640864
          ],
          [
            122.975455,
            10.640919
          ],
          [
            122.97535,
            10.640961
          ],
          [
            122.975229,
            10.641004
          ],
          [
            122.975141,
            10.641029
          ],
          [
            122.975017,
            10.641059
          ],
          [
            122.974854,
            10.641088
          ],
          [
            122.974693,
            10.641108
          ],
          [
            122.97458,
            10.641116
          ],
          [
            122.97445,
            10.641129
          ],
          [
            122.974316,
            10.641131
          ],
          [
            122.974176,
            10.641126
          ],
          [
            122.97394,
            10.641102
          ],
          [
            122.973667,
            10.641044
          ],
          [
            122.973409,
            10.640954
          ],
          [
            122.973031,
            10.640777
          ],
          [
            122.972838,
            10.640651
          ],
          [
            122.972659,
            10.64053
          ],
          [
            122.972385,
            10.640266
          ],
          [
            122.972106,
            10.639947
          ],
          [
            122.971662,
            10.639411
          ],
          [
            122.97158,
            10.639311
          ],
          [
            122.971315,
            10.638991
          ],
          [
            122.971202,
            10.638855
          ],
          [
            122.970989,
            10.639025
          ],
          [
            122.970698,
            10.639256
          ],
          [
            122.970236,
            10.639652
          ],
          [
            122.970178,
            10.639701
          ],
          [
            122.970099,
            10.639766
          ],
          [
            122.96959,
            10.640187
          ],
          [
            122.969006,
            10.640688
          ],
          [
            122.968956,
            10.640747
          ],
          [
            122.967662,
            10.642289
          ],
          [
            122.96732,
            10.642696
          ],
          [
            122.966979,
            10.643104
          ],
          [
            122.966891,
            10.643208
          ],
          [
            122.966766,
            10.643358
          ],
          [
            122.966693,
            10.643441
          ],
          [
            122.966559,
            10.643601
          ],
          [
            122.966354,
            10.643854
          ],
          [
            122.966181,
            10.644049
          ],
          [
            122.966079,
            10.644181
          ],
          [
            122.965646,
            10.644687
          ],
          [
            122.964991,
            10.645454
          ],
          [
            122.964743,
            10.645746
          ],
          [
            122.964719,
            10.645776
          ],
          [
            122.964396,
            10.646155
          ],
          [
            122.964671,
            10.646421
          ],
          [
            122.96487,
            10.646617
          ],
          [
            122.965039,
            10.646824
          ],
          [
            122.965159,
            10.64708
          ],
          [
            122.965206,
            10.647317
          ],
          [
            122.965215,
            10.647626
          ],
          [
            122.96515,
            10.647907
          ],
          [
            122.965099,
            10.64809
          ],
          [
            122.964886,
            10.648786
          ],
          [
            122.964821,
            10.649002
          ],
          [
            122.964727,
            10.649383
          ],
          [
            122.964714,
            10.649506
          ],
          [
            122.964731,
            10.6496
          ],
          [
            122.964771,
            10.64976
          ],
          [
            122.964972,
            10.650253
          ],
          [
            122.965195,
            10.650835
          ],
          [
            122.965332,
            10.651476
          ],
          [
            122.965391,
            10.6519
          ],
          [
            122.965451,
            10.652378
          ],
          [
            122.965461,
            10.652873
          ],
          [
            122.965436,
            10.653437
          ],
          [
            122.965426,
            10.653883
          ],
          [
            122.965412,
            10.654255
          ],
          [
            122.965384,
            10.655468
          ],
          [
            122.96536,
            10.656237
          ],
          [
            122.965337,
            10.657272
          ],
          [
            122.965327,
            10.657613
          ],
          [
            122.965306,
            10.658226
          ],
          [
            122.965299,
            10.65845
          ],
          [
            122.965286,
            10.658741
          ],
          [
            122.965306,
            10.65874
          ],
          [
            122.965343,
            10.658736
          ],
          [
            122.965383,
            10.658721
          ],
          [
            122.965422,
            10.658703
          ],
          [
            122.965771,
            10.658492
          ],
          [
            122.966535,
            10.658007
          ],
          [
            122.967348,
            10.657507
          ],
          [
            122.96738,
            10.657496
          ],
          [
            122.967417,
            10.657495
          ],
          [
            122.96745,
            10.657508
          ],
          [
            122.967469,
            10.65753
          ],
          [
            122.968074,
            10.658462
          ],
          [
            122.968142,
            10.658566
          ],
          [
            122.968596,
            10.659217
          ],
          [
            122.969161,
            10.658909
          ],
          [
            122.969379,
            10.658791
          ],
          [
            122.969676,
            10.658626
          ],
          [
            122.969863,
            10.65852
          ],
          [
            122.969991,
            10.65845
          ],
          [
            122.970105,
            10.658386
          ],
          [
            122.970311,
            10.658291
          ],
          [
            122.970535,
            10.658194
          ],
          [
            122.972474,
            10.657441
          ],
          [
            122.972958,
            10.65726
          ],
          [
            122.973162,
            10.657184
          ],
          [
            122.973296,
            10.65713
          ],
          [
            122.973415,
            10.657071
          ],
          [
            122.973532,
            10.657003
          ],
          [
            122.973628,
            10.65694
          ],
          [
            122.973766,
            10.656839
          ],
          [
            122.973872,
            10.656746
          ],
          [
            122.973953,
            10.656648
          ],
          [
            122.974035,
            10.65653
          ],
          [
            122.974099,
            10.656418
          ],
          [
            122.97416,
            10.656281
          ],
          [
            122.974221,
            10.656118
          ],
          [
            122.974282,
            10.655953
          ],
          [
            122.974444,
            10.65549
          ],
          [
            122.974578,
            10.655069
          ],
          [
            122.974621,
            10.654959
          ],
          [
            122.974648,
            10.654883
          ],
          [
            122.974679,
            10.654817
          ],
          [
            122.974733,
            10.65473
          ],
          [
            122.974783,
            10.654677
          ],
          [
            122.974874,
            10.654624
          ],
          [
            122.974959,
            10.654591
          ],
          [
            122.97518,
            10.65453
          ],
          [
            122.975426,
            10.654482
          ],
          [
            122.975641,
            10.654421
          ],
          [
            122.975772,
            10.654379
          ],
          [
            122.975884,
            10.65431
          ],
          [
            122.975968,
            10.654232
          ],
          [
            122.976047,
            10.654137
          ],
          [
            122.976177,
            10.653907
          ],
          [
            122.97632,
            10.653592
          ],
          [
            122.976349,
            10.653512
          ],
          [
            122.976507,
            10.65314
          ],
          [
            122.976545,
            10.653027
          ],
          [
            122.976625,
            10.652886
          ],
          [
            122.976687,
            10.652803
          ],
          [
            122.976781,
            10.652729
          ],
          [
            122.976961,
            10.652662
          ],
          [
            122.977129,
            10.652623
          ],
          [
            122.977991,
            10.652437
          ],
          [
            122.978645,
            10.652297
          ],
          [
            122.979053,
            10.652204
          ],
          [
            122.979345,
            10.652132
          ],
          [
            122.980531,
            10.651855
          ],
          [
            122.983095,
            10.65124
          ],
          [
            122.983618,
            10.65112
          ],
          [
            122.984008,
            10.651033
          ],
          [
            122.984393,
            10.650947
          ],
          [
            122.984598,
            10.651431
          ],
          [
            122.984688,
            10.65154
          ],
          [
            122.985096,
            10.651482
          ],
          [
            122.984688,
            10.65154
          ],
          [
            122.984598,
            10.651431
          ],
          [
            122.984393,
            10.650947
          ],
          [
            122.983618,
            10.65112
          ],
          [
            122.983095,
            10.65124
          ],
          [
            122.980531,
            10.651855
          ],
          [
            122.979345,
            10.652132
          ],
          [
            122.979053,
            10.652204
          ],
          [
            122.978645,
            10.652297
          ],
          [
            122.977991,
            10.652437
          ],
          [
            122.977129,
            10.652623
          ],
          [
            122.976961,
            10.652662
          ],
          [
            122.976781,
            10.652729
          ],
          [
            122.976687,
            10.652803
          ],
          [
            122.976625,
            10.652886
          ],
          [
            122.976545,
            10.653027
          ],
          [
            122.976507,
            10.65314
          ],
          [
            122.976349,
            10.653512
          ],
          [
            122.97632,
            10.653592
          ],
          [
            122.976177,
            10.653907
          ],
          [
            122.976047,
            10.654137
          ],
          [
            122.975968,
            10.654232
          ],
          [
            122.975884,
            10.65431
          ],
          [
            122.975772,
            10.654379
          ],
          [
            122.975641,
            10.654421
          ],
          [
            122.975426,
            10.654482
          ],
          [
            122.97518,
            10.65453
          ],
          [
            122.974959,
            10.654591
          ],
          [
            122.974874,
            10.654624
          ],
          [
            122.974783,
            10.654677
          ],
          [
            122.974733,
            10.65473
          ],
          [
            122.974679,
            10.654817
          ],
          [
            122.974648,
            10.654883
          ],
          [
            122.974621,
            10.654959
          ],
          [
            122.974578,
            10.655069
          ],
          [
            122.974444,
            10.65549
          ],
          [
            122.974282,
            10.655953
          ],
          [
            122.974221,
            10.656118
          ],
          [
            122.97416,
            10.656281
          ],
          [
            122.974099,
            10.656418
          ],
          [
            122.974035,
            10.65653
          ],
          [
            122.973953,
            10.656648
          ],
          [
            122.973872,
            10.656746
          ],
          [
            122.973951,
            10.656907
          ],
          [
            122.974103,
            10.657284
          ],
          [
            122.97427,
            10.657697
          ],
          [
            122.975554,
            10.661073
          ],
          [
            122.975273,
            10.661184
          ],
          [
            122.974952,
            10.661311
          ],
          [
            122.974832,
            10.661358
          ],
          [
            122.97455,
            10.661465
          ],
          [
            122.973717,
            10.661773
          ],
          [
            122.973664,
            10.661792
          ],
          [
            122.973182,
            10.661961
          ],
          [
            122.973104,
            10.661988
          ],
          [
            122.973014,
            10.662021
          ],
          [
            122.972815,
            10.662094
          ],
          [
            122.972638,
            10.662161
          ],
          [
            122.972406,
            10.662247
          ],
          [
            122.97234,
            10.662272
          ],
          [
            122.972017,
            10.662408
          ],
          [
            122.971892,
            10.66246
          ],
          [
            122.971279,
            10.662714
          ],
          [
            122.970372,
            10.663099
          ],
          [
            122.970306,
            10.663127
          ],
          [
            122.970009,
            10.663249
          ],
          [
            122.969226,
            10.663594
          ],
          [
            122.968782,
            10.663768
          ],
          [
            122.968242,
            10.663999
          ],
          [
            122.967889,
            10.66415
          ],
          [
            122.967701,
            10.664229
          ],
          [
            122.967553,
            10.664293
          ],
          [
            122.967367,
            10.664373
          ],
          [
            122.967214,
            10.664436
          ],
          [
            122.967101,
            10.664483
          ],
          [
            122.967035,
            10.66451
          ],
          [
            122.966928,
            10.664555
          ],
          [
            122.96689,
            10.664569
          ],
          [
            122.96653,
            10.664729
          ],
          [
            122.965149,
            10.665313
          ],
          [
            122.964659,
            10.665527
          ],
          [
            122.964497,
            10.665597
          ],
          [
            122.964172,
            10.665736
          ],
          [
            122.963837,
            10.665876
          ],
          [
            122.963701,
            10.665937
          ],
          [
            122.96333,
            10.666096
          ],
          [
            122.963187,
            10.666161
          ],
          [
            122.962699,
            10.666369
          ],
          [
            122.962212,
            10.666575
          ],
          [
            122.961522,
            10.66687
          ],
          [
            122.9612,
            10.667008
          ],
          [
            122.960977,
            10.667105
          ],
          [
            122.96091,
            10.667132
          ],
          [
            122.96055,
            10.667286
          ],
          [
            122.960187,
            10.667442
          ],
          [
            122.95939,
            10.667782
          ],
          [
            122.95927,
            10.667834
          ],
          [
            122.958493,
            10.668185
          ],
          [
            122.958239,
            10.667615
          ],
          [
            122.957975,
            10.667001
          ],
          [
            122.957946,
            10.666944
          ],
          [
            122.957732,
            10.666436
          ],
          [
            122.957651,
            10.666251
          ],
          [
            122.957192,
            10.665271
          ],
          [
            122.956976,
            10.66478
          ],
          [
            122.956755,
            10.664304
          ],
          [
            122.956559,
            10.663852
          ],
          [
            122.95639,
            10.663436
          ],
          [
            122.956294,
            10.663161
          ],
          [
            122.956148,
            10.662708
          ],
          [
            122.956067,
            10.662518
          ],
          [
            122.955985,
            10.662328
          ],
          [
            122.955761,
            10.661804
          ],
          [
            122.955637,
            10.66171
          ],
          [
            122.955551,
            10.66167
          ],
          [
            122.955458,
            10.661637
          ],
          [
            122.955293,
            10.661591
          ],
          [
            122.955208,
            10.66157
          ],
          [
            122.95503,
            10.661524
          ],
          [
            122.954503,
            10.661374
          ],
          [
            122.954379,
            10.661345
          ],
          [
            122.953713,
            10.661223
          ],
          [
            122.953424,
            10.661179
          ],
          [
            122.952914,
            10.661092
          ],
          [
            122.952319,
            10.660993
          ],
          [
            122.952259,
            10.660983
          ],
          [
            122.952072,
            10.660959
          ],
          [
            122.951285,
            10.660817
          ],
          [
            122.951157,
            10.660798
          ],
          [
            122.951016,
            10.660758
          ],
          [
            122.950863,
            10.66071
          ],
          [
            122.950787,
            10.660646
          ],
          [
            122.950732,
            10.660551
          ],
          [
            122.950603,
            10.660303
          ],
          [
            122.950219,
            10.660482
          ],
          [
            122.949944,
            10.660595
          ],
          [
            122.949838,
            10.660641
          ],
          [
            122.949406,
            10.66083
          ],
          [
            122.949298,
            10.660605
          ],
          [
            122.949006,
            10.660034
          ],
          [
            122.948951,
            10.659914
          ],
          [
            122.949275,
            10.65977
          ],
          [
            122.949525,
            10.659658
          ],
          [
            122.949631,
            10.65961
          ],
          [
            122.950004,
            10.659443
          ],
          [
            122.950137,
            10.659377
          ],
          [
            122.95044,
            10.659241
          ],
          [
            122.950511,
            10.659236
          ],
          [
            122.950586,
            10.659269
          ],
          [
            122.950929,
            10.659566
          ],
          [
            122.950975,
            10.659596
          ],
          [
            122.951031,
            10.659601
          ],
          [
            122.9514,
            10.659519
          ],
          [
            122.951543,
            10.65948
          ],
          [
            122.951778,
            10.659897
          ],
          [
            122.952336,
            10.659699
          ],
          [
            122.953021,
            10.659471
          ],
          [
            122.953218,
            10.659385
          ],
          [
            122.953286,
            10.659333
          ],
          [
            122.953443,
            10.659181
          ],
          [
            122.953705,
            10.658865
          ],
          [
            122.953724,
            10.658843
          ],
          [
            122.95391,
            10.658624
          ],
          [
            122.95408,
            10.658426
          ],
          [
            122.954286,
            10.658197
          ],
          [
            122.955083,
            10.658831
          ],
          [
            122.95523,
            10.658963
          ],
          [
            122.955529,
            10.659206
          ],
          [
            122.95589,
            10.659499
          ],
          [
            122.957622,
            10.657436
          ],
          [
            122.957735,
            10.65737
          ],
          [
            122.957838,
            10.657332
          ],
          [
            122.957981,
            10.65729
          ],
          [
            122.958047,
            10.657276
          ],
          [
            122.958013,
            10.657008
          ],
          [
            122.958425,
            10.656944
          ],
          [
            122.958837,
            10.656872
          ],
          [
            122.959538,
            10.656785
          ],
          [
            122.960736,
            10.65664
          ],
          [
            122.961537,
            10.6565
          ],
          [
            122.961987,
            10.656418
          ],
          [
            122.962431,
            10.656314
          ],
          [
            122.96284,
            10.656238
          ],
          [
            122.963472,
            10.656106
          ],
          [
            122.963628,
            10.656088
          ],
          [
            122.963718,
            10.656068
          ],
          [
            122.963832,
            10.656037
          ],
          [
            122.964179,
            10.65595
          ],
          [
            122.964313,
            10.655916
          ],
          [
            122.964493,
            10.655865
          ],
          [
            122.964879,
            10.655695
          ],
          [
            122.965384,
            10.655468
          ],
          [
            122.96536,
            10.656237
          ],
          [
            122.965337,
            10.657272
          ],
          [
            122.965327,
            10.657613
          ],
          [
            122.965306,
            10.658226
          ],
          [
            122.965299,
            10.65845
          ],
          [
            122.965286,
            10.658741
          ],
          [
            122.965306,
            10.65874
          ],
          [
            122.965343,
            10.658736
          ],
          [
            122.965383,
            10.658721
          ],
          [
            122.965422,
            10.658703
          ],
          [
            122.965771,
            10.658492
          ],
          [
            122.966535,
            10.658007
          ],
          [
            122.967348,
            10.657507
          ],
          [
            122.96738,
            10.657496
          ],
          [
            122.967417,
            10.657495
          ],
          [
            122.96745,
            10.657508
          ],
          [
            122.967469,
            10.65753
          ],
          [
            122.968074,
            10.658462
          ],
          [
            122.968142,
            10.658566
          ],
          [
            122.968596,
            10.659217
          ],
          [
            122.969161,
            10.658909
          ],
          [
            122.969379,
            10.658791
          ],
          [
            122.969676,
            10.658626
          ],
          [
            122.969863,
            10.65852
          ],
          [
            122.969991,
            10.65845
          ],
          [
            122.970105,
            10.658386
          ],
          [
            122.970311,
            10.658291
          ],
          [
            122.970535,
            10.658194
          ],
          [
            122.972474,
            10.657441
          ],
          [
            122.972958,
            10.65726
          ],
          [
            122.973162,
            10.657184
          ],
          [
            122.973296,
            10.65713
          ],
          [
            122.973415,
            10.657071
          ],
          [
            122.973532,
            10.657003
          ],
          [
            122.973628,
            10.65694
          ],
          [
            122.973766,
            10.656839
          ],
          [
            122.973872,
            10.656746
          ],
          [
            122.973953,
            10.656648
          ],
          [
            122.974035,
            10.65653
          ],
          [
            122.974099,
            10.656418
          ],
          [
            122.97416,
            10.656281
          ],
          [
            122.974221,
            10.656118
          ],
          [
            122.974282,
            10.655953
          ],
          [
            122.974444,
            10.65549
          ],
          [
            122.974578,
            10.655069
          ],
          [
            122.974621,
            10.654959
          ],
          [
            122.974648,
            10.654883
          ],
          [
            122.974679,
            10.654817
          ],
          [
            122.974733,
            10.65473
          ],
          [
            122.974783,
            10.654677
          ],
          [
            122.974874,
            10.654624
          ],
          [
            122.974959,
            10.654591
          ],
          [
            122.97518,
            10.65453
          ],
          [
            122.975426,
            10.654482
          ],
          [
            122.975641,
            10.654421
          ],
          [
            122.975772,
            10.654379
          ],
          [
            122.975884,
            10.65431
          ],
          [
            122.975968,
            10.654232
          ],
          [
            122.976047,
            10.654137
          ],
          [
            122.976177,
            10.653907
          ],
          [
            122.97632,
            10.653592
          ],
          [
            122.976349,
            10.653512
          ],
          [
            122.976507,
            10.65314
          ],
          [
            122.976545,
            10.653027
          ],
          [
            122.976625,
            10.652886
          ],
          [
            122.976687,
            10.652803
          ],
          [
            122.976781,
            10.652729
          ],
          [
            122.976961,
            10.652662
          ],
          [
            122.977129,
            10.652623
          ],
          [
            122.977991,
            10.652437
          ],
          [
            122.978645,
            10.652297
          ],
          [
            122.979053,
            10.652204
          ],
          [
            122.979345,
            10.652132
          ],
          [
            122.980531,
            10.651855
          ],
          [
            122.983095,
            10.65124
          ],
          [
            122.983618,
            10.65112
          ],
          [
            122.984008,
            10.651033
          ],
          [
            122.984393,
            10.650947
          ],
          [
            122.984598,
            10.651431
          ],
          [
            122.984688,
            10.65154
          ],
          [
            122.985096,
            10.651482
          ],
          [
            122.984688,
            10.65154
          ],
          [
            122.984598,
            10.651431
          ],
          [
            122.984393,
            10.650947
          ],
          [
            122.983618,
            10.65112
          ],
          [
            122.983095,
            10.65124
          ],
          [
            122.980531,
            10.651855
          ],
          [
            122.979345,
            10.652132
          ],
          [
            122.979053,
            10.652204
          ],
          [
            122.978645,
            10.652297
          ],
          [
            122.977991,
            10.652437
          ],
          [
            122.977129,
            10.652623
          ],
          [
            122.976961,
            10.652662
          ],
          [
            122.976781,
            10.652729
          ],
          [
            122.976687,
            10.652803
          ],
          [
            122.976625,
            10.652886
          ],
          [
            122.976545,
            10.653027
          ],
          [
            122.976507,
            10.65314
          ],
          [
            122.976349,
            10.653512
          ],
          [
            122.97632,
            10.653592
          ],
          [
            122.976177,
            10.653907
          ],
          [
            122.976047,
            10.654137
          ],
          [
            122.975968,
            10.654232
          ],
          [
            122.975884,
            10.65431
          ],
          [
            122.975772,
            10.654379
          ],
          [
            122.975641,
            10.654421
          ],
          [
            122.975426,
            10.654482
          ],
          [
            122.97518,
            10.65453
          ],
          [
            122.974959,
            10.654591
          ],
          [
            122.974874,
            10.654624
          ],
          [
            122.974783,
            10.654677
          ],
          [
            122.974733,
            10.65473
          ],
          [
            122.974679,
            10.654817
          ],
          [
            122.974648,
            10.654883
          ],
          [
            122.974621,
            10.654959
          ],
          [
            122.974578,
            10.655069
          ],
          [
            122.974444,
            10.65549
          ],
          [
            122.974282,
            10.655953
          ],
          [
            122.974221,
            10.656118
          ],
          [
            122.97416,
            10.656281
          ],
          [
            122.974099,
            10.656418
          ],
          [
            122.974035,
            10.65653
          ],
          [
            122.973953,
            10.656648
          ],
          [
            122.973872,
            10.656746
          ],
          [
            122.973766,
            10.656839
          ],
          [
            122.973628,
            10.65694
          ],
          [
            122.973532,
            10.657003
          ],
          [
            122.973415,
            10.657071
          ],
          [
            122.973296,
            10.65713
          ],
          [
            122.973162,
            10.657184
          ],
          [
            122.972958,
            10.65726
          ],
          [
            122.972474,
            10.657441
          ],
          [
            122.970535,
            10.658194
          ],
          [
            122.970311,
            10.658291
          ],
          [
            122.970105,
            10.658386
          ],
          [
            122.969991,
            10.65845
          ],
          [
            122.969863,
            10.65852
          ],
          [
            122.969676,
            10.658626
          ],
          [
            122.969379,
            10.658791
          ],
          [
            122.969161,
            10.658909
          ],
          [
            122.968596,
            10.659217
          ],
          [
            122.968142,
            10.658566
          ],
          [
            122.967461,
            10.658986
          ],
          [
            122.967235,
            10.659125
          ],
          [
            122.967035,
            10.659246
          ],
          [
            122.966778,
            10.659401
          ],
          [
            122.966465,
            10.659596
          ],
          [
            122.966107,
            10.659806
          ],
          [
            122.966022,
            10.659857
          ],
          [
            122.965502,
            10.660183
          ],
          [
            122.965428,
            10.660071
          ],
          [
            122.965366,
            10.659956
          ],
          [
            122.965336,
            10.659875
          ],
          [
            122.965312,
            10.659804
          ],
          [
            122.965289,
            10.659725
          ],
          [
            122.965277,
            10.659646
          ],
          [
            122.965265,
            10.659557
          ],
          [
            122.965263,
            10.659482
          ],
          [
            122.965286,
            10.658741
          ],
          [
            122.965299,
            10.65845
          ],
          [
            122.965306,
            10.658226
          ],
          [
            122.965327,
            10.657613
          ],
          [
            122.965337,
            10.657272
          ],
          [
            122.96536,
            10.656237
          ],
          [
            122.965384,
            10.655468
          ],
          [
            122.965412,
            10.654255
          ],
          [
            122.965426,
            10.653883
          ],
          [
            122.965436,
            10.653437
          ],
          [
            122.965461,
            10.652873
          ],
          [
            122.965451,
            10.652378
          ],
          [
            122.965391,
            10.6519
          ],
          [
            122.965332,
            10.651476
          ],
          [
            122.965195,
            10.650835
          ],
          [
            122.964972,
            10.650253
          ],
          [
            122.964771,
            10.64976
          ],
          [
            122.964731,
            10.6496
          ],
          [
            122.964714,
            10.649506
          ],
          [
            122.964727,
            10.649383
          ],
          [
            122.964821,
            10.649002
          ],
          [
            122.964886,
            10.648786
          ],
          [
            122.965099,
            10.64809
          ],
          [
            122.96515,
            10.647907
          ],
          [
            122.965215,
            10.647626
          ],
          [
            122.965206,
            10.647317
          ],
          [
            122.965159,
            10.64708
          ],
          [
            122.965039,
            10.646824
          ],
          [
            122.96487,
            10.646617
          ],
          [
            122.964671,
            10.646421
          ],
          [
            122.964396,
            10.646155
          ],
          [
            122.964719,
            10.645776
          ],
          [
            122.964743,
            10.645746
          ],
          [
            122.964991,
            10.645454
          ],
          [
            122.965646,
            10.644687
          ],
          [
            122.966079,
            10.644181
          ],
          [
            122.966181,
            10.644049
          ],
          [
            122.966354,
            10.643854
          ],
          [
            122.966559,
            10.643601
          ],
          [
            122.966693,
            10.643441
          ],
          [
            122.966766,
            10.643358
          ],
          [
            122.966891,
            10.643208
          ],
          [
            122.966979,
            10.643104
          ],
          [
            122.96732,
            10.642696
          ],
          [
            122.967662,
            10.642289
          ],
          [
            122.968956,
            10.640747
          ],
          [
            122.969006,
            10.640688
          ],
          [
            122.96959,
            10.640187
          ],
          [
            122.970099,
            10.639766
          ],
          [
            122.970178,
            10.639701
          ],
          [
            122.970236,
            10.639652
          ],
          [
            122.970698,
            10.639256
          ],
          [
            122.970989,
            10.639025
          ],
          [
            122.971202,
            10.638855
          ],
          [
            122.971315,
            10.638991
          ],
          [
            122.97158,
            10.639311
          ],
          [
            122.971662,
            10.639411
          ],
          [
            122.972106,
            10.639947
          ],
          [
            122.972385,
            10.640266
          ],
          [
            122.972659,
            10.64053
          ],
          [
            122.972838,
            10.640651
          ],
          [
            122.973031,
            10.640777
          ],
          [
            122.973409,
            10.640954
          ],
          [
            122.973667,
            10.641044
          ],
          [
            122.97394,
            10.641102
          ],
          [
            122.974176,
            10.641126
          ],
          [
            122.974316,
            10.641131
          ],
          [
            122.97445,
            10.641129
          ],
          [
            122.97458,
            10.641116
          ],
          [
            122.974693,
            10.641108
          ],
          [
            122.974854,
            10.641088
          ],
          [
            122.975017,
            10.641059
          ],
          [
            122.975141,
            10.641029
          ],
          [
            122.975229,
            10.641004
          ],
          [
            122.97535,
            10.640961
          ],
          [
            122.975455,
            10.640919
          ],
          [
            122.975593,
            10.640864
          ],
          [
            122.975823,
            10.640759
          ],
          [
            122.976035,
            10.64066
          ],
          [
            122.976233,
            10.640569
          ],
          [
            122.976863,
            10.64027
          ],
          [
            122.977479,
            10.639971
          ],
          [
            122.977776,
            10.63984
          ],
          [
            122.97804,
            10.639716
          ],
          [
            122.978515,
            10.6395
          ],
          [
            122.978716,
            10.639418
          ],
          [
            122.978791,
            10.639397
          ],
          [
            122.97887,
            10.639379
          ],
          [
            122.979017,
            10.63936
          ],
          [
            122.979117,
            10.639358
          ],
          [
            122.979204,
            10.639363
          ],
          [
            122.979291,
            10.63937
          ],
          [
            122.979395,
            10.639389
          ],
          [
            122.979641,
            10.639471
          ],
          [
            122.979852,
            10.639562
          ],
          [
            122.979989,
            10.63961
          ],
          [
            122.980833,
            10.63997
          ],
          [
            122.980877,
            10.639991
          ],
          [
            122.982461,
            10.640856
          ],
          [
            122.9826,
            10.64094
          ],
          [
            122.982702,
            10.640968
          ],
          [
            122.982813,
            10.640986
          ],
          [
            122.982894,
            10.640986
          ],
          [
            122.982988,
            10.640978
          ],
          [
            122.983061,
            10.640973
          ],
          [
            122.983099,
            10.640967
          ],
          [
            122.983204,
            10.640943
          ],
          [
            122.983401,
            10.640899
          ],
          [
            122.984153,
            10.64074
          ],
          [
            122.98442,
            10.640652
          ],
          [
            122.984617,
            10.640606
          ],
          [
            122.985458,
            10.64047
          ],
          [
            122.986587,
            10.640377
          ],
          [
            122.987208,
            10.640346
          ],
          [
            122.987683,
            10.640315
          ],
          [
            122.988068,
            10.640286
          ],
          [
            122.988218,
            10.64029
          ],
          [
            122.988764,
            10.640305
          ],
          [
            122.990065,
            10.640362
          ],
          [
            122.990149,
            10.640365
          ],
          [
            122.990618,
            10.640487
          ],
          [
            122.991077,
            10.640704
          ],
          [
            122.991542,
            10.641011
          ],
          [
            122.991973,
            10.641323
          ],
          [
            122.992361,
            10.641587
          ],
          [
            122.992963,
            10.642
          ],
          [
            122.993725,
            10.642512
          ],
          [
            122.994001,
            10.642728
          ],
          [
            122.994171,
            10.642843
          ],
          [
            122.994302,
            10.642887
          ],
          [
            122.994376,
            10.642939
          ],
          [
            122.99481,
            10.643218
          ],
          [
            122.995392,
            10.64364
          ],
          [
            122.995551,
            10.643714
          ],
          [
            122.995751,
            10.643752
          ],
          [
            122.995902,
            10.64374
          ],
          [
            122.995984,
            10.64373
          ],
          [
            122.996509,
            10.643671
          ],
          [
            122.997208,
            10.643616
          ],
          [
            122.997361,
            10.6436
          ],
          [
            122.997549,
            10.643587
          ],
          [
            122.997613,
            10.643581
          ],
          [
            122.997622,
            10.643819
          ],
          [
            122.997595,
            10.643887
          ],
          [
            122.997604,
            10.644001
          ],
          [
            122.997604,
            10.644006
          ],
          [
            122.99761,
            10.64404
          ],
          [
            122.99762,
            10.64407
          ],
          [
            122.997647,
            10.644125
          ],
          [
            122.997772,
            10.644411
          ],
          [
            122.997838,
            10.644554
          ],
          [
            122.997957,
            10.644851
          ],
          [
            122.998038,
            10.64511
          ],
          [
            122.998056,
            10.645107
          ],
          [
            122.998074,
            10.645108
          ],
          [
            122.998091,
            10.645113
          ],
          [
            122.998106,
            10.645123
          ],
          [
            122.998118,
            10.645135
          ],
          [
            122.998127,
            10.645151
          ],
          [
            122.998132,
            10.645168
          ],
          [
            122.998132,
            10.645186
          ],
          [
            122.998128,
            10.645203
          ],
          [
            122.998119,
            10.645219
          ],
          [
            122.998107,
            10.645232
          ],
          [
            122.998092,
            10.645241
          ],
          [
            122.998074,
            10.645247
          ],
          [
            122.998057,
            10.645248
          ],
          [
            122.998039,
            10.645245
          ],
          [
            122.998022,
            10.645237
          ],
          [
            122.998008,
            10.645226
          ],
          [
            122.997998,
            10.645212
          ],
          [
            122.997991,
            10.645195
          ],
          [
            122.997989,
            10.645178
          ],
          [
            122.997991,
            10.64516
          ],
          [
            122.997997,
            10.645144
          ],
          [
            122.998008,
            10.645129
          ],
          [
            122.998022,
            10.645118
          ],
          [
            122.998038,
            10.64511
          ],
          [
            122.997957,
            10.644851
          ],
          [
            122.997838,
            10.644554
          ],
          [
            122.997772,
            10.644411
          ],
          [
            122.997647,
            10.644125
          ],
          [
            122.99762,
            10.64407
          ],
          [
            122.99761,
            10.64404
          ],
          [
            122.997604,
            10.644006
          ],
          [
            122.997595,
            10.643887
          ],
          [
            122.997569,
            10.643815
          ],
          [
            122.997549,
            10.643587
          ],
          [
            122.997613,
            10.643581
          ],
          [
            122.998795,
            10.643467
          ],
          [
            122.999686,
            10.643377
          ],
          [
            123.000431,
            10.643317
          ],
          [
            123.000715,
            10.643286
          ],
          [
            123.00113,
            10.643242
          ],
          [
            123.001372,
            10.643217
          ],
          [
            123.002308,
            10.643142
          ],
          [
            123.003293,
            10.643067
          ],
          [
            123.004205,
            10.643067
          ],
          [
            123.004825,
            10.643002
          ],
          [
            123.005707,
            10.642849
          ],
          [
            123.006173,
            10.642772
          ],
          [
            123.006575,
            10.64269
          ],
          [
            123.007309,
            10.642531
          ],
          [
            123.008087,
            10.642358
          ],
          [
            123.008209,
            10.642317
          ],
          [
            123.010025,
            10.641588
          ],
          [
            123.010508,
            10.641392
          ],
          [
            123.010936,
            10.641277
          ],
          [
            123.011282,
            10.641165
          ],
          [
            123.012062,
            10.640881
          ],
          [
            123.012428,
            10.640756
          ],
          [
            123.013124,
            10.640517
          ],
          [
            123.013236,
            10.64049
          ],
          [
            123.013921,
            10.640358
          ],
          [
            123.014534,
            10.640299
          ],
          [
            123.014659,
            10.6403
          ],
          [
            123.014701,
            10.640301
          ],
          [
            123.015781,
            10.640438
          ],
          [
            123.016744,
            10.640579
          ],
          [
            123.017721,
            10.640737
          ],
          [
            123.01786,
            10.64075
          ],
          [
            123.01803,
            10.640738
          ],
          [
            123.018144,
            10.640723
          ],
          [
            123.018293,
            10.640677
          ],
          [
            123.018503,
            10.640613
          ],
          [
            123.018646,
            10.640566
          ],
          [
            123.01878,
            10.640513
          ],
          [
            123.01869,
            10.640157
          ],
          [
            123.018615,
            10.639905
          ],
          [
            123.018519,
            10.639637
          ],
          [
            123.018291,
            10.639083
          ],
          [
            123.017851,
            10.638082
          ],
          [
            123.017469,
            10.637193
          ],
          [
            123.017164,
            10.636483
          ],
          [
            123.016909,
            10.635921
          ],
          [
            123.016798,
            10.635675
          ],
          [
            123.016592,
            10.63519
          ],
          [
            123.016422,
            10.634733
          ],
          [
            123.016275,
            10.634278
          ],
          [
            123.016202,
            10.63402
          ],
          [
            123.016134,
            10.633688
          ],
          [
            123.016016,
            10.63301
          ],
          [
            123.01588,
            10.632119
          ],
          [
            123.015843,
            10.631881
          ],
          [
            123.015764,
            10.631382
          ],
          [
            123.015634,
            10.630537
          ],
          [
            123.015534,
            10.629895
          ],
          [
            123.015484,
            10.629343
          ],
          [
            123.015433,
            10.628194
          ],
          [
            123.015422,
            10.627694
          ],
          [
            123.015385,
            10.626105
          ],
          [
            123.015354,
            10.625726
          ],
          [
            123.015321,
            10.625445
          ],
          [
            123.015255,
            10.62513
          ],
          [
            123.015051,
            10.624298
          ],
          [
            123.014248,
            10.621302
          ],
          [
            123.014048,
            10.620497
          ],
          [
            123.013475,
            10.620655
          ],
          [
            123.012824,
            10.62082
          ],
          [
            123.012194,
            10.620989
          ],
          [
            123.012018,
            10.621037
          ],
          [
            123.011926,
            10.621059
          ],
          [
            123.011757,
            10.621103
          ],
          [
            123.011345,
            10.621209
          ],
          [
            123.011274,
            10.621232
          ],
          [
            123.010729,
            10.621383
          ],
          [
            123.010405,
            10.621473
          ],
          [
            123.010204,
            10.621525
          ],
          [
            123.009853,
            10.621626
          ],
          [
            123.008652,
            10.621946
          ],
          [
            123.008442,
            10.621565
          ],
          [
            123.007987,
            10.620671
          ],
          [
            123.00774,
            10.620248
          ],
          [
            123.007483,
            10.61981
          ],
          [
            123.007299,
            10.619485
          ],
          [
            123.007039,
            10.618985
          ],
          [
            123.006702,
            10.618472
          ],
          [
            123.00665,
            10.618399
          ],
          [
            123.006588,
            10.618307
          ],
          [
            123.006497,
            10.61822
          ],
          [
            123.006399,
            10.618162
          ],
          [
            123.006098,
            10.618062
          ],
          [
            123.005782,
            10.617938
          ],
          [
            123.005671,
            10.61789
          ],
          [
            123.005748,
            10.617716
          ]
        ],
        "type": "LineString"
      }
    },
    {
      "type": "Feature",
      "properties": {
        "number": 16,
        "id": "mansilingan-central-market",
        "name": "Mansilingan \u2013 Central Market via City Heights Loop",
        "color": "#6b2a7a",
        "mode": "jeepney",
        "status": "osm_route_relation",
        "distance_km": 13.02,
        "source_url": "https://www.openstreetmap.org/relation/14998327",
        "osm_relations": [
          14998327,
          14998326
        ],
        "attribution": "\u00a9 OpenStreetMap contributors, ODbL",
        "anchors": [
          {
            "id": "mansilingan",
            "name": "Mansilingan",
            "lng": 122.975694,
            "lat": 10.631082
          },
          {
            "id": "libertad",
            "name": "Libertad",
            "lng": 122.94974,
            "lat": 10.66012
          },
          {
            "id": "central_market",
            "name": "Central Market",
            "lng": 122.946089,
            "lat": 10.665476
          }
        ],
        "return_anchors": []
      },
      "geometry": {
        "type": "LineString",
        "coordinates": [
          [
            122.975694,
            10.631082
          ],
          [
            122.97606,
            10.631025
          ],
          [
            122.975795,
            10.629784
          ],
          [
            122.975761,
            10.629615
          ],
          [
            122.97437,
            10.629848
          ],
          [
            122.973509,
            10.629964
          ],
          [
            122.973297,
            10.629999
          ],
          [
            122.972005,
            10.630196
          ],
          [
            122.96961,
            10.630564
          ],
          [
            122.969623,
            10.630653
          ],
          [
            122.969635,
            10.630743
          ],
          [
            122.969674,
            10.630988
          ],
          [
            122.969733,
            10.631419
          ],
          [
            122.969786,
            10.631738
          ],
          [
            122.969827,
            10.631959
          ],
          [
            122.971277,
            10.631735
          ],
          [
            122.971898,
            10.63165
          ],
          [
            122.972243,
            10.631603
          ],
          [
            122.972496,
            10.631561
          ],
          [
            122.973943,
            10.631337
          ],
          [
            122.974178,
            10.631301
          ],
          [
            122.974096,
            10.631872
          ],
          [
            122.973914,
            10.633118
          ],
          [
            122.9739,
            10.633234
          ],
          [
            122.973714,
            10.634587
          ],
          [
            122.973682,
            10.63483
          ],
          [
            122.973641,
            10.635136
          ],
          [
            122.97361,
            10.63537
          ],
          [
            122.973572,
            10.635703
          ],
          [
            122.97353,
            10.636071
          ],
          [
            122.973429,
            10.636662
          ],
          [
            122.97332,
            10.636956
          ],
          [
            122.973232,
            10.637103
          ],
          [
            122.9732,
            10.637155
          ],
          [
            122.972918,
            10.637448
          ],
          [
            122.972773,
            10.637589
          ],
          [
            122.971643,
            10.638506
          ],
          [
            122.971202,
            10.638855
          ],
          [
            122.970989,
            10.639025
          ],
          [
            122.970698,
            10.639256
          ],
          [
            122.970236,
            10.639652
          ],
          [
            122.970178,
            10.639701
          ],
          [
            122.970099,
            10.639766
          ],
          [
            122.96959,
            10.640187
          ],
          [
            122.969006,
            10.640688
          ],
          [
            122.968956,
            10.640747
          ],
          [
            122.967662,
            10.642288
          ],
          [
            122.96732,
            10.642696
          ],
          [
            122.966979,
            10.643104
          ],
          [
            122.966891,
            10.643208
          ],
          [
            122.966765,
            10.643358
          ],
          [
            122.966693,
            10.643441
          ],
          [
            122.966559,
            10.643601
          ],
          [
            122.966354,
            10.643854
          ],
          [
            122.966181,
            10.644049
          ],
          [
            122.966079,
            10.644181
          ],
          [
            122.965646,
            10.644687
          ],
          [
            122.964991,
            10.645454
          ],
          [
            122.964743,
            10.645746
          ],
          [
            122.964719,
            10.645776
          ],
          [
            122.964396,
            10.646155
          ],
          [
            122.963634,
            10.647078
          ],
          [
            122.963133,
            10.64767
          ],
          [
            122.962391,
            10.648545
          ],
          [
            122.962237,
            10.64873
          ],
          [
            122.962129,
            10.648862
          ],
          [
            122.961508,
            10.649601
          ],
          [
            122.961149,
            10.650035
          ],
          [
            122.960362,
            10.650943
          ],
          [
            122.960279,
            10.651047
          ],
          [
            122.95983,
            10.65161
          ],
          [
            122.959732,
            10.651725
          ],
          [
            122.959634,
            10.65184
          ],
          [
            122.958999,
            10.652584
          ],
          [
            122.958706,
            10.652936
          ],
          [
            122.958401,
            10.653294
          ],
          [
            122.958178,
            10.653556
          ],
          [
            122.957858,
            10.653932
          ],
          [
            122.957662,
            10.654159
          ],
          [
            122.957619,
            10.654209
          ],
          [
            122.956592,
            10.655468
          ],
          [
            122.956335,
            10.655776
          ],
          [
            122.955586,
            10.656637
          ],
          [
            122.955377,
            10.656875
          ],
          [
            122.95532,
            10.656938
          ],
          [
            122.954958,
            10.657357
          ],
          [
            122.954286,
            10.658197
          ],
          [
            122.95408,
            10.658426
          ],
          [
            122.95391,
            10.658624
          ],
          [
            122.953724,
            10.658843
          ],
          [
            122.953705,
            10.658865
          ],
          [
            122.953443,
            10.659181
          ],
          [
            122.953286,
            10.659332
          ],
          [
            122.953428,
            10.659496
          ],
          [
            122.95355,
            10.659666
          ],
          [
            122.95365,
            10.659864
          ],
          [
            122.953729,
            10.66008
          ],
          [
            122.95376,
            10.660194
          ],
          [
            122.953792,
            10.660338
          ],
          [
            122.953799,
            10.660476
          ],
          [
            122.95379,
            10.660758
          ],
          [
            122.953713,
            10.661223
          ],
          [
            122.953424,
            10.661179
          ],
          [
            122.952914,
            10.661092
          ],
          [
            122.952319,
            10.660993
          ],
          [
            122.952259,
            10.660983
          ],
          [
            122.952072,
            10.660959
          ],
          [
            122.951285,
            10.660817
          ],
          [
            122.951157,
            10.660798
          ],
          [
            122.951016,
            10.660758
          ],
          [
            122.950863,
            10.66071
          ],
          [
            122.950787,
            10.660646
          ],
          [
            122.950732,
            10.660551
          ],
          [
            122.950603,
            10.660303
          ],
          [
            122.950219,
            10.660482
          ],
          [
            122.949944,
            10.660595
          ],
          [
            122.949838,
            10.660641
          ],
          [
            122.949406,
            10.66083
          ],
          [
            122.949099,
            10.660968
          ],
          [
            122.948993,
            10.661017
          ],
          [
            122.948633,
            10.661179
          ],
          [
            122.948382,
            10.6613
          ],
          [
            122.947973,
            10.661478
          ],
          [
            122.947797,
            10.661558
          ],
          [
            122.947449,
            10.661699
          ],
          [
            122.947321,
            10.661758
          ],
          [
            122.947188,
            10.661818
          ],
          [
            122.945956,
            10.662392
          ],
          [
            122.945583,
            10.662565
          ],
          [
            122.94536,
            10.662664
          ],
          [
            122.94526,
            10.66271
          ],
          [
            122.944823,
            10.662919
          ],
          [
            122.945306,
            10.664215
          ],
          [
            122.945713,
            10.665185
          ],
          [
            122.945865,
            10.665581
          ],
          [
            122.946089,
            10.665476
          ],
          [
            122.94679,
            10.665131
          ],
          [
            122.947054,
            10.665007
          ],
          [
            122.948228,
            10.664392
          ],
          [
            122.948189,
            10.664295
          ],
          [
            122.947877,
            10.663548
          ],
          [
            122.947713,
            10.663145
          ],
          [
            122.948542,
            10.662766
          ],
          [
            122.948864,
            10.662597
          ],
          [
            122.949245,
            10.662414
          ],
          [
            122.949602,
            10.66224
          ],
          [
            122.950006,
            10.662045
          ],
          [
            122.949532,
            10.661097
          ],
          [
            122.949406,
            10.66083
          ],
          [
            122.949298,
            10.660605
          ],
          [
            122.949006,
            10.660034
          ],
          [
            122.948951,
            10.659914
          ],
          [
            122.948859,
            10.65971
          ],
          [
            122.948645,
            10.659283
          ],
          [
            122.948422,
            10.658824
          ],
          [
            122.948408,
            10.658754
          ],
          [
            122.948401,
            10.658705
          ],
          [
            122.948437,
            10.658593
          ],
          [
            122.948914,
            10.658388
          ],
          [
            122.949135,
            10.658287
          ],
          [
            122.949368,
            10.658179
          ],
          [
            122.949549,
            10.658089
          ],
          [
            122.949605,
            10.658079
          ],
          [
            122.949663,
            10.658078
          ],
          [
            122.949728,
            10.658095
          ],
          [
            122.949851,
            10.658134
          ],
          [
            122.950081,
            10.658207
          ],
          [
            122.950347,
            10.658283
          ],
          [
            122.950454,
            10.658304
          ],
          [
            122.950791,
            10.658382
          ],
          [
            122.951016,
            10.658484
          ],
          [
            122.951164,
            10.658558
          ],
          [
            122.951319,
            10.65866
          ],
          [
            122.95147,
            10.658776
          ],
          [
            122.951607,
            10.658897
          ],
          [
            122.952041,
            10.659368
          ],
          [
            122.952336,
            10.659699
          ],
          [
            122.95302,
            10.65947
          ],
          [
            122.953218,
            10.659385
          ],
          [
            122.953286,
            10.659332
          ],
          [
            122.953443,
            10.659181
          ],
          [
            122.953705,
            10.658865
          ],
          [
            122.953724,
            10.658843
          ],
          [
            122.95391,
            10.658624
          ],
          [
            122.95408,
            10.658426
          ],
          [
            122.954286,
            10.658197
          ],
          [
            122.954958,
            10.657357
          ],
          [
            122.95532,
            10.656938
          ],
          [
            122.955377,
            10.656875
          ],
          [
            122.955586,
            10.656637
          ],
          [
            122.956335,
            10.655776
          ],
          [
            122.956592,
            10.655468
          ],
          [
            122.957619,
            10.654209
          ],
          [
            122.957662,
            10.654159
          ],
          [
            122.957858,
            10.653932
          ],
          [
            122.958178,
            10.653556
          ],
          [
            122.958401,
            10.653294
          ],
          [
            122.958706,
            10.652936
          ],
          [
            122.958999,
            10.652584
          ],
          [
            122.959634,
            10.65184
          ],
          [
            122.959732,
            10.651725
          ],
          [
            122.95983,
            10.65161
          ],
          [
            122.960279,
            10.651047
          ],
          [
            122.960362,
            10.650943
          ],
          [
            122.961149,
            10.650035
          ],
          [
            122.961508,
            10.649601
          ],
          [
            122.962129,
            10.648862
          ],
          [
            122.962237,
            10.64873
          ],
          [
            122.962391,
            10.648545
          ],
          [
            122.963133,
            10.64767
          ],
          [
            122.963634,
            10.647078
          ],
          [
            122.964396,
            10.646155
          ],
          [
            122.964719,
            10.645776
          ],
          [
            122.964743,
            10.645746
          ],
          [
            122.964991,
            10.645454
          ],
          [
            122.965646,
            10.644687
          ],
          [
            122.966079,
            10.644181
          ],
          [
            122.966181,
            10.644049
          ],
          [
            122.966354,
            10.643854
          ],
          [
            122.966559,
            10.643601
          ],
          [
            122.966693,
            10.643441
          ],
          [
            122.966765,
            10.643358
          ],
          [
            122.966891,
            10.643208
          ],
          [
            122.966979,
            10.643104
          ],
          [
            122.96732,
            10.642696
          ],
          [
            122.967662,
            10.642288
          ],
          [
            122.968956,
            10.640747
          ],
          [
            122.969006,
            10.640688
          ],
          [
            122.96959,
            10.640187
          ],
          [
            122.970099,
            10.639766
          ],
          [
            122.970178,
            10.639701
          ],
          [
            122.970236,
            10.639652
          ],
          [
            122.970698,
            10.639256
          ],
          [
            122.970989,
            10.639025
          ],
          [
            122.971202,
            10.638855
          ],
          [
            122.971643,
            10.638506
          ],
          [
            122.972773,
            10.637589
          ],
          [
            122.972918,
            10.637448
          ],
          [
            122.9732,
            10.637155
          ],
          [
            122.973232,
            10.637103
          ],
          [
            122.97332,
            10.636956
          ],
          [
            122.973429,
            10.636662
          ],
          [
            122.97353,
            10.636071
          ],
          [
            122.973572,
            10.635703
          ],
          [
            122.97361,
            10.63537
          ],
          [
            122.973641,
            10.635136
          ],
          [
            122.973682,
            10.63483
          ],
          [
            122.973714,
            10.634587
          ],
          [
            122.9739,
            10.633234
          ],
          [
            122.973914,
            10.633118
          ],
          [
            122.974096,
            10.631872
          ],
          [
            122.974178,
            10.631301
          ],
          [
            122.974312,
            10.63128
          ],
          [
            122.974357,
            10.631273
          ],
          [
            122.974545,
            10.631244
          ],
          [
            122.97466,
            10.631225
          ],
          [
            122.974733,
            10.631214
          ],
          [
            122.975249,
            10.631146
          ],
          [
            122.975439,
            10.631121
          ],
          [
            122.975517,
            10.63111
          ],
          [
            122.975694,
            10.631082
          ],
          [
            122.97606,
            10.631025
          ],
          [
            122.975694,
            10.631082
          ]
        ]
      }
    },
    {
      "type": "Feature",
      "properties": {
        "number": 17,
        "id": "fortune-central-market",
        "name": "Fortune Towne / Estefania \u2013 Central Market Loop",
        "color": "#e7b817",
        "status": "inferred_from_lptrp_anchors",
        "distance_km": 31.24,
        "anchors": [
          {
            "id": "fortune",
            "name": "Fortune",
            "lng": 122.99439,
            "lat": 10.67931
          },
          {
            "id": "estefania",
            "name": "Estefania",
            "lng": 122.99832,
            "lat": 10.66338
          },
          {
            "id": "montalban",
            "name": "Montalban",
            "lng": 122.989,
            "lat": 10.671
          },
          {
            "id": "burgos_market",
            "name": "Burgos Market",
            "lng": 122.95498,
            "lat": 10.66892
          },
          {
            "id": "central_market",
            "name": "Central Market",
            "lng": 122.94719,
            "lat": 10.66761
          }
        ],
        "return_anchors": [],
        "mode": "jeepney"
      },
      "geometry": {
        "coordinates": [
          [
            122.994349,
            10.679322
          ],
          [
            122.99454,
            10.679942
          ],
          [
            122.994305,
            10.680005
          ],
          [
            122.994201,
            10.680024
          ],
          [
            122.994105,
            10.680016
          ],
          [
            122.99381,
            10.679997
          ],
          [
            122.993791,
            10.680177
          ],
          [
            122.993868,
            10.680341
          ],
          [
            122.993988,
            10.680539
          ],
          [
            122.994106,
            10.680755
          ],
          [
            122.994176,
            10.680887
          ],
          [
            122.994229,
            10.680983
          ],
          [
            122.993115,
            10.681591
          ],
          [
            122.992457,
            10.681949
          ],
          [
            122.992148,
            10.682113
          ],
          [
            122.992065,
            10.681973
          ],
          [
            122.991932,
            10.68175
          ],
          [
            122.991758,
            10.681424
          ],
          [
            122.991523,
            10.680904
          ],
          [
            122.991218,
            10.680414
          ],
          [
            122.990953,
            10.679945
          ],
          [
            122.99064,
            10.679366
          ],
          [
            122.990396,
            10.678947
          ],
          [
            122.990155,
            10.678484
          ],
          [
            122.990058,
            10.678319
          ],
          [
            122.99002,
            10.678252
          ],
          [
            122.990023,
            10.678183
          ],
          [
            122.990076,
            10.678145
          ],
          [
            122.991054,
            10.677625
          ],
          [
            122.991388,
            10.677451
          ],
          [
            122.991733,
            10.677261
          ],
          [
            122.991971,
            10.67713
          ],
          [
            122.992951,
            10.676612
          ],
          [
            122.992971,
            10.676577
          ],
          [
            122.992984,
            10.676523
          ],
          [
            122.993006,
            10.676215
          ],
          [
            122.993028,
            10.676052
          ],
          [
            122.993035,
            10.675994
          ],
          [
            122.993049,
            10.675884
          ],
          [
            122.993063,
            10.675764
          ],
          [
            122.993089,
            10.675553
          ],
          [
            122.993126,
            10.67542
          ],
          [
            122.993189,
            10.67527
          ],
          [
            122.99328,
            10.675022
          ],
          [
            122.99337,
            10.674806
          ],
          [
            122.993403,
            10.67468
          ],
          [
            122.993425,
            10.674539
          ],
          [
            122.993421,
            10.674497
          ],
          [
            122.993411,
            10.67446
          ],
          [
            122.993382,
            10.674372
          ],
          [
            122.993292,
            10.67416
          ],
          [
            122.993003,
            10.673584
          ],
          [
            122.99263,
            10.672699
          ],
          [
            122.992529,
            10.672697
          ],
          [
            122.99223,
            10.672715
          ],
          [
            122.991734,
            10.672787
          ],
          [
            122.991522,
            10.672802
          ],
          [
            122.991391,
            10.672809
          ],
          [
            122.991299,
            10.672801
          ],
          [
            122.990995,
            10.672756
          ],
          [
            122.990672,
            10.672701
          ],
          [
            122.990592,
            10.672686
          ],
          [
            122.990529,
            10.672662
          ],
          [
            122.990425,
            10.672623
          ],
          [
            122.990283,
            10.672564
          ],
          [
            122.990007,
            10.672459
          ],
          [
            122.989852,
            10.672383
          ],
          [
            122.98967,
            10.672306
          ],
          [
            122.989621,
            10.672285
          ],
          [
            122.989528,
            10.672237
          ],
          [
            122.989092,
            10.672012
          ],
          [
            122.989031,
            10.671977
          ],
          [
            122.988805,
            10.671842
          ],
          [
            122.988454,
            10.671616
          ],
          [
            122.988272,
            10.671488
          ],
          [
            122.988214,
            10.671438
          ],
          [
            122.987963,
            10.671228
          ],
          [
            122.987861,
            10.671128
          ],
          [
            122.98776,
            10.67096
          ],
          [
            122.987732,
            10.670866
          ],
          [
            122.98764,
            10.67061
          ],
          [
            122.987547,
            10.670337
          ],
          [
            122.98744,
            10.67003
          ],
          [
            122.987355,
            10.669845
          ],
          [
            122.987223,
            10.66968
          ],
          [
            122.987095,
            10.669529
          ],
          [
            122.986851,
            10.669278
          ],
          [
            122.98649,
            10.669014
          ],
          [
            122.986287,
            10.668874
          ],
          [
            122.98614,
            10.66872
          ],
          [
            122.986074,
            10.668625
          ],
          [
            122.986004,
            10.668518
          ],
          [
            122.9859,
            10.668247
          ],
          [
            122.985874,
            10.668044
          ],
          [
            122.985865,
            10.667839
          ],
          [
            122.985876,
            10.666813
          ],
          [
            122.98588,
            10.666599
          ],
          [
            122.98588,
            10.666201
          ],
          [
            122.985902,
            10.665606
          ],
          [
            122.985995,
            10.664721
          ],
          [
            122.986012,
            10.664545
          ],
          [
            122.986017,
            10.66449
          ],
          [
            122.986021,
            10.66443
          ],
          [
            122.986013,
            10.664043
          ],
          [
            122.986013,
            10.663945
          ],
          [
            122.985988,
            10.663595
          ],
          [
            122.985963,
            10.662197
          ],
          [
            122.985963,
            10.660824
          ],
          [
            122.986064,
            10.660826
          ],
          [
            122.986332,
            10.660829
          ],
          [
            122.986872,
            10.660844
          ],
          [
            122.987023,
            10.660845
          ],
          [
            122.988169,
            10.660849
          ],
          [
            122.988988,
            10.660857
          ],
          [
            122.989377,
            10.660863
          ],
          [
            122.989413,
            10.660864
          ],
          [
            122.989454,
            10.660864
          ],
          [
            122.989951,
            10.660868
          ],
          [
            122.99068,
            10.660872
          ],
          [
            122.990932,
            10.660874
          ],
          [
            122.991109,
            10.660876
          ],
          [
            122.991759,
            10.660882
          ],
          [
            122.991807,
            10.660883
          ],
          [
            122.991935,
            10.660884
          ],
          [
            122.992204,
            10.660887
          ],
          [
            122.993592,
            10.660907
          ],
          [
            122.993709,
            10.660908
          ],
          [
            122.993939,
            10.660912
          ],
          [
            122.99421,
            10.660915
          ],
          [
            122.994399,
            10.660918
          ],
          [
            122.995156,
            10.660929
          ],
          [
            122.995704,
            10.660936
          ],
          [
            122.995686,
            10.661538
          ],
          [
            122.995673,
            10.661953
          ],
          [
            122.99566,
            10.66241
          ],
          [
            122.995646,
            10.662852
          ],
          [
            122.997303,
            10.662898
          ],
          [
            122.997375,
            10.663032
          ],
          [
            122.997404,
            10.663048
          ],
          [
            122.997427,
            10.66305
          ],
          [
            122.997461,
            10.663051
          ],
          [
            122.997484,
            10.663055
          ],
          [
            122.997522,
            10.663074
          ],
          [
            122.997552,
            10.663092
          ],
          [
            122.997583,
            10.663117
          ],
          [
            122.997613,
            10.663135
          ],
          [
            122.99763,
            10.663142
          ],
          [
            122.997649,
            10.663144
          ],
          [
            122.997702,
            10.663138
          ],
          [
            122.998011,
            10.663154
          ],
          [
            122.998225,
            10.663219
          ],
          [
            122.998335,
            10.663253
          ],
          [
            122.998405,
            10.663303
          ],
          [
            122.998416,
            10.66332
          ],
          [
            122.99845,
            10.663373
          ],
          [
            122.998465,
            10.663446
          ],
          [
            122.998452,
            10.663551
          ],
          [
            122.998397,
            10.663654
          ],
          [
            122.998285,
            10.663792
          ],
          [
            122.998248,
            10.663849
          ],
          [
            122.998239,
            10.663927
          ],
          [
            122.998319,
            10.664488
          ],
          [
            122.998386,
            10.664679
          ],
          [
            122.998402,
            10.664754
          ],
          [
            122.998417,
            10.664825
          ],
          [
            122.998472,
            10.665131
          ],
          [
            122.998597,
            10.665693
          ],
          [
            122.998721,
            10.666249
          ],
          [
            122.998752,
            10.666481
          ],
          [
            122.998822,
            10.666644
          ],
          [
            122.998858,
            10.666702
          ],
          [
            122.999225,
            10.667011
          ],
          [
            122.998858,
            10.666702
          ],
          [
            122.998822,
            10.666644
          ],
          [
            122.998752,
            10.666481
          ],
          [
            122.998721,
            10.666249
          ],
          [
            122.998597,
            10.665693
          ],
          [
            122.998472,
            10.665131
          ],
          [
            122.998417,
            10.664825
          ],
          [
            122.998402,
            10.664754
          ],
          [
            122.998386,
            10.664679
          ],
          [
            122.998319,
            10.664488
          ],
          [
            122.998239,
            10.663927
          ],
          [
            122.998248,
            10.663849
          ],
          [
            122.998285,
            10.663792
          ],
          [
            122.998397,
            10.663654
          ],
          [
            122.998452,
            10.663551
          ],
          [
            122.998465,
            10.663446
          ],
          [
            122.99845,
            10.663373
          ],
          [
            122.998405,
            10.663303
          ],
          [
            122.998335,
            10.663253
          ],
          [
            122.998225,
            10.663219
          ],
          [
            122.998011,
            10.663154
          ],
          [
            122.997702,
            10.663138
          ],
          [
            122.997649,
            10.663144
          ],
          [
            122.99763,
            10.663142
          ],
          [
            122.997613,
            10.663135
          ],
          [
            122.997583,
            10.663117
          ],
          [
            122.997552,
            10.663092
          ],
          [
            122.997522,
            10.663074
          ],
          [
            122.997484,
            10.663055
          ],
          [
            122.997461,
            10.663051
          ],
          [
            122.997427,
            10.66305
          ],
          [
            122.997404,
            10.663048
          ],
          [
            122.997375,
            10.663032
          ],
          [
            122.997303,
            10.662898
          ],
          [
            122.995646,
            10.662852
          ],
          [
            122.99566,
            10.66241
          ],
          [
            122.995673,
            10.661953
          ],
          [
            122.995686,
            10.661538
          ],
          [
            122.995704,
            10.660936
          ],
          [
            122.995156,
            10.660929
          ],
          [
            122.994399,
            10.660918
          ],
          [
            122.99421,
            10.660915
          ],
          [
            122.993939,
            10.660912
          ],
          [
            122.993709,
            10.660908
          ],
          [
            122.993592,
            10.660907
          ],
          [
            122.992204,
            10.660887
          ],
          [
            122.991935,
            10.660884
          ],
          [
            122.991807,
            10.660883
          ],
          [
            122.991759,
            10.660882
          ],
          [
            122.991109,
            10.660876
          ],
          [
            122.990932,
            10.660874
          ],
          [
            122.99068,
            10.660872
          ],
          [
            122.989951,
            10.660868
          ],
          [
            122.989454,
            10.660864
          ],
          [
            122.989413,
            10.660864
          ],
          [
            122.989377,
            10.660863
          ],
          [
            122.988988,
            10.660857
          ],
          [
            122.988169,
            10.660849
          ],
          [
            122.987023,
            10.660845
          ],
          [
            122.986872,
            10.660844
          ],
          [
            122.986332,
            10.660829
          ],
          [
            122.986064,
            10.660826
          ],
          [
            122.985963,
            10.660824
          ],
          [
            122.985963,
            10.662197
          ],
          [
            122.985988,
            10.663595
          ],
          [
            122.986013,
            10.663945
          ],
          [
            122.986013,
            10.664043
          ],
          [
            122.986021,
            10.66443
          ],
          [
            122.986017,
            10.66449
          ],
          [
            122.986012,
            10.664545
          ],
          [
            122.985995,
            10.664721
          ],
          [
            122.985902,
            10.665606
          ],
          [
            122.98588,
            10.666201
          ],
          [
            122.98588,
            10.666599
          ],
          [
            122.985876,
            10.666813
          ],
          [
            122.985865,
            10.667839
          ],
          [
            122.985874,
            10.668044
          ],
          [
            122.9859,
            10.668247
          ],
          [
            122.986004,
            10.668518
          ],
          [
            122.986074,
            10.668625
          ],
          [
            122.98614,
            10.66872
          ],
          [
            122.986287,
            10.668874
          ],
          [
            122.98649,
            10.669014
          ],
          [
            122.986851,
            10.669278
          ],
          [
            122.987095,
            10.669529
          ],
          [
            122.987223,
            10.66968
          ],
          [
            122.987355,
            10.669845
          ],
          [
            122.98744,
            10.67003
          ],
          [
            122.987547,
            10.670337
          ],
          [
            122.98764,
            10.67061
          ],
          [
            122.987732,
            10.670866
          ],
          [
            122.98776,
            10.67096
          ],
          [
            122.988232,
            10.670785
          ],
          [
            122.988266,
            10.670847
          ],
          [
            122.988327,
            10.670906
          ],
          [
            122.988475,
            10.671015
          ],
          [
            122.988559,
            10.671079
          ],
          [
            122.988668,
            10.671156
          ],
          [
            122.988746,
            10.67122
          ],
          [
            122.988803,
            10.671163
          ],
          [
            122.988875,
            10.671109
          ],
          [
            122.989015,
            10.671025
          ],
          [
            122.989446,
            10.670766
          ],
          [
            122.989543,
            10.670717
          ],
          [
            122.989424,
            10.67053
          ],
          [
            122.989307,
            10.670371
          ],
          [
            122.989253,
            10.670298
          ],
          [
            122.989049,
            10.670424
          ],
          [
            122.988899,
            10.670514
          ],
          [
            122.988778,
            10.670595
          ],
          [
            122.988615,
            10.670664
          ],
          [
            122.98854,
            10.670701
          ],
          [
            122.988389,
            10.670746
          ],
          [
            122.988232,
            10.670785
          ],
          [
            122.98776,
            10.67096
          ],
          [
            122.987732,
            10.670866
          ],
          [
            122.98764,
            10.67061
          ],
          [
            122.987547,
            10.670337
          ],
          [
            122.98744,
            10.67003
          ],
          [
            122.987355,
            10.669845
          ],
          [
            122.987223,
            10.66968
          ],
          [
            122.987095,
            10.669529
          ],
          [
            122.986851,
            10.669278
          ],
          [
            122.98649,
            10.669014
          ],
          [
            122.986287,
            10.668874
          ],
          [
            122.98614,
            10.66872
          ],
          [
            122.986074,
            10.668625
          ],
          [
            122.986004,
            10.668518
          ],
          [
            122.9859,
            10.668247
          ],
          [
            122.985874,
            10.668044
          ],
          [
            122.985865,
            10.667839
          ],
          [
            122.985876,
            10.666813
          ],
          [
            122.98588,
            10.666599
          ],
          [
            122.98588,
            10.666201
          ],
          [
            122.985902,
            10.665606
          ],
          [
            122.985995,
            10.664721
          ],
          [
            122.986012,
            10.664545
          ],
          [
            122.986017,
            10.66449
          ],
          [
            122.986021,
            10.66443
          ],
          [
            122.986013,
            10.664043
          ],
          [
            122.986013,
            10.663945
          ],
          [
            122.985988,
            10.663595
          ],
          [
            122.985963,
            10.662197
          ],
          [
            122.985963,
            10.660824
          ],
          [
            122.985809,
            10.660824
          ],
          [
            122.985742,
            10.660824
          ],
          [
            122.985447,
            10.660823
          ],
          [
            122.985222,
            10.660823
          ],
          [
            122.985155,
            10.660823
          ],
          [
            122.984855,
            10.660822
          ],
          [
            122.984825,
            10.660822
          ],
          [
            122.984684,
            10.66082
          ],
          [
            122.984213,
            10.660812
          ],
          [
            122.983651,
            10.660803
          ],
          [
            122.983454,
            10.6608
          ],
          [
            122.98309,
            10.660795
          ],
          [
            122.982958,
            10.660795
          ],
          [
            122.982897,
            10.660795
          ],
          [
            122.982539,
            10.660793
          ],
          [
            122.981831,
            10.66078
          ],
          [
            122.98095,
            10.660764
          ],
          [
            122.980634,
            10.660759
          ],
          [
            122.980549,
            10.660759
          ],
          [
            122.980049,
            10.660758
          ],
          [
            122.979796,
            10.660758
          ],
          [
            122.979676,
            10.660758
          ],
          [
            122.979535,
            10.660758
          ],
          [
            122.979476,
            10.660756
          ],
          [
            122.979346,
            10.660756
          ],
          [
            122.979224,
            10.660756
          ],
          [
            122.979175,
            10.660755
          ],
          [
            122.978331,
            10.660748
          ],
          [
            122.977299,
            10.66073
          ],
          [
            122.977197,
            10.660728
          ],
          [
            122.976548,
            10.660739
          ],
          [
            122.976479,
            10.66075
          ],
          [
            122.976415,
            10.660768
          ],
          [
            122.976186,
            10.660842
          ],
          [
            122.976084,
            10.660876
          ],
          [
            122.975729,
            10.661003
          ],
          [
            122.975554,
            10.661073
          ],
          [
            122.975273,
            10.661184
          ],
          [
            122.974952,
            10.661311
          ],
          [
            122.974832,
            10.661358
          ],
          [
            122.97455,
            10.661465
          ],
          [
            122.973717,
            10.661773
          ],
          [
            122.973664,
            10.661792
          ],
          [
            122.973182,
            10.661961
          ],
          [
            122.973104,
            10.661988
          ],
          [
            122.973014,
            10.662021
          ],
          [
            122.972815,
            10.662094
          ],
          [
            122.972638,
            10.662161
          ],
          [
            122.972406,
            10.662247
          ],
          [
            122.97234,
            10.662272
          ],
          [
            122.972017,
            10.662408
          ],
          [
            122.971892,
            10.66246
          ],
          [
            122.971279,
            10.662714
          ],
          [
            122.970372,
            10.663099
          ],
          [
            122.970306,
            10.663127
          ],
          [
            122.970009,
            10.663249
          ],
          [
            122.969226,
            10.663594
          ],
          [
            122.968782,
            10.663768
          ],
          [
            122.968242,
            10.663999
          ],
          [
            122.967889,
            10.66415
          ],
          [
            122.967701,
            10.664229
          ],
          [
            122.967553,
            10.664293
          ],
          [
            122.967367,
            10.664373
          ],
          [
            122.967214,
            10.664436
          ],
          [
            122.967101,
            10.664483
          ],
          [
            122.967035,
            10.66451
          ],
          [
            122.966928,
            10.664555
          ],
          [
            122.96689,
            10.664569
          ],
          [
            122.96653,
            10.664729
          ],
          [
            122.965149,
            10.665313
          ],
          [
            122.964659,
            10.665527
          ],
          [
            122.964497,
            10.665597
          ],
          [
            122.964172,
            10.665736
          ],
          [
            122.963837,
            10.665876
          ],
          [
            122.963701,
            10.665937
          ],
          [
            122.96333,
            10.666096
          ],
          [
            122.963187,
            10.666161
          ],
          [
            122.962699,
            10.666369
          ],
          [
            122.962212,
            10.666575
          ],
          [
            122.961522,
            10.66687
          ],
          [
            122.9612,
            10.667008
          ],
          [
            122.960977,
            10.667105
          ],
          [
            122.96091,
            10.667132
          ],
          [
            122.96055,
            10.667286
          ],
          [
            122.960187,
            10.667442
          ],
          [
            122.95939,
            10.667782
          ],
          [
            122.95927,
            10.667834
          ],
          [
            122.958493,
            10.668185
          ],
          [
            122.957805,
            10.668464
          ],
          [
            122.957661,
            10.668527
          ],
          [
            122.956887,
            10.668854
          ],
          [
            122.956763,
            10.668909
          ],
          [
            122.956424,
            10.669052
          ],
          [
            122.956072,
            10.669203
          ],
          [
            122.955773,
            10.669334
          ],
          [
            122.955671,
            10.669379
          ],
          [
            122.955635,
            10.669391
          ],
          [
            122.955585,
            10.669414
          ],
          [
            122.955531,
            10.669437
          ],
          [
            122.955176,
            10.66959
          ],
          [
            122.955033,
            10.669659
          ],
          [
            122.954909,
            10.669707
          ],
          [
            122.954887,
            10.669613
          ],
          [
            122.954646,
            10.669061
          ],
          [
            122.954339,
            10.668357
          ],
          [
            122.95305,
            10.668824
          ],
          [
            122.952433,
            10.66739
          ],
          [
            122.952186,
            10.666825
          ],
          [
            122.951959,
            10.666266
          ],
          [
            122.951654,
            10.666398
          ],
          [
            122.951095,
            10.666631
          ],
          [
            122.950758,
            10.666776
          ],
          [
            122.949919,
            10.667147
          ],
          [
            122.949421,
            10.667348
          ],
          [
            122.948197,
            10.667838
          ],
          [
            122.947809,
            10.667983
          ],
          [
            122.947732,
            10.668016
          ],
          [
            122.947401,
            10.668143
          ],
          [
            122.947112,
            10.668254
          ],
          [
            122.947073,
            10.66827
          ],
          [
            122.94702,
            10.668259
          ],
          [
            122.946999,
            10.668237
          ],
          [
            122.946963,
            10.668206
          ],
          [
            122.946944,
            10.668165
          ],
          [
            122.946949,
            10.668175
          ],
          [
            122.946535,
            10.667212
          ],
          [
            122.947339,
            10.666873
          ],
          [
            122.947583,
            10.667449
          ],
          [
            122.947809,
            10.667983
          ],
          [
            122.947732,
            10.668016
          ],
          [
            122.947401,
            10.668143
          ],
          [
            122.947112,
            10.668254
          ],
          [
            122.947073,
            10.66827
          ],
          [
            122.947059,
            10.668294
          ],
          [
            122.947053,
            10.668312
          ],
          [
            122.947041,
            10.668368
          ],
          [
            122.94704,
            10.668407
          ],
          [
            122.947041,
            10.668461
          ],
          [
            122.94704,
            10.668514
          ],
          [
            122.947047,
            10.668568
          ],
          [
            122.947249,
            10.669006
          ],
          [
            122.947302,
            10.669132
          ],
          [
            122.947416,
            10.669383
          ],
          [
            122.947492,
            10.669567
          ],
          [
            122.947564,
            10.669734
          ],
          [
            122.947759,
            10.670147
          ],
          [
            122.948148,
            10.670986
          ],
          [
            122.94865,
            10.670728
          ],
          [
            122.948805,
            10.67065
          ],
          [
            122.949096,
            10.670498
          ],
          [
            122.949253,
            10.670415
          ],
          [
            122.950444,
            10.669823
          ],
          [
            122.951043,
            10.669595
          ],
          [
            122.951118,
            10.669568
          ],
          [
            122.951366,
            10.66947
          ],
          [
            122.951526,
            10.669409
          ],
          [
            122.951825,
            10.669294
          ],
          [
            122.951978,
            10.669238
          ],
          [
            122.952192,
            10.669154
          ],
          [
            122.952605,
            10.668982
          ],
          [
            122.95305,
            10.668824
          ],
          [
            122.954339,
            10.668357
          ],
          [
            122.954646,
            10.669061
          ],
          [
            122.954887,
            10.669613
          ],
          [
            122.954909,
            10.669707
          ],
          [
            122.955033,
            10.669659
          ],
          [
            122.955176,
            10.66959
          ],
          [
            122.955531,
            10.669437
          ],
          [
            122.955585,
            10.669414
          ],
          [
            122.955635,
            10.669391
          ],
          [
            122.955671,
            10.669379
          ],
          [
            122.955773,
            10.669334
          ],
          [
            122.956072,
            10.669203
          ],
          [
            122.956424,
            10.669052
          ],
          [
            122.956763,
            10.668909
          ],
          [
            122.956887,
            10.668854
          ],
          [
            122.957661,
            10.668527
          ],
          [
            122.957805,
            10.668464
          ],
          [
            122.958493,
            10.668185
          ],
          [
            122.95927,
            10.667834
          ],
          [
            122.95939,
            10.667782
          ],
          [
            122.960187,
            10.667442
          ],
          [
            122.96055,
            10.667286
          ],
          [
            122.96091,
            10.667132
          ],
          [
            122.960977,
            10.667105
          ],
          [
            122.9612,
            10.667008
          ],
          [
            122.961522,
            10.66687
          ],
          [
            122.962212,
            10.666575
          ],
          [
            122.962699,
            10.666369
          ],
          [
            122.963187,
            10.666161
          ],
          [
            122.96333,
            10.666096
          ],
          [
            122.963701,
            10.665937
          ],
          [
            122.963837,
            10.665876
          ],
          [
            122.964172,
            10.665736
          ],
          [
            122.964497,
            10.665597
          ],
          [
            122.964659,
            10.665527
          ],
          [
            122.965149,
            10.665313
          ],
          [
            122.96653,
            10.664729
          ],
          [
            122.96689,
            10.664569
          ],
          [
            122.966928,
            10.664555
          ],
          [
            122.967035,
            10.66451
          ],
          [
            122.967101,
            10.664483
          ],
          [
            122.967214,
            10.664436
          ],
          [
            122.967367,
            10.664373
          ],
          [
            122.967553,
            10.664293
          ],
          [
            122.967701,
            10.664229
          ],
          [
            122.967889,
            10.66415
          ],
          [
            122.968242,
            10.663999
          ],
          [
            122.968782,
            10.663768
          ],
          [
            122.969226,
            10.663594
          ],
          [
            122.970009,
            10.663249
          ],
          [
            122.970306,
            10.663127
          ],
          [
            122.970372,
            10.663099
          ],
          [
            122.971279,
            10.662714
          ],
          [
            122.971892,
            10.66246
          ],
          [
            122.972017,
            10.662408
          ],
          [
            122.97234,
            10.662272
          ],
          [
            122.972406,
            10.662247
          ],
          [
            122.972638,
            10.662161
          ],
          [
            122.972815,
            10.662094
          ],
          [
            122.973014,
            10.662021
          ],
          [
            122.973104,
            10.661988
          ],
          [
            122.973182,
            10.661961
          ],
          [
            122.973664,
            10.661792
          ],
          [
            122.973717,
            10.661773
          ],
          [
            122.97455,
            10.661465
          ],
          [
            122.974832,
            10.661358
          ],
          [
            122.974952,
            10.661311
          ],
          [
            122.975273,
            10.661184
          ],
          [
            122.975554,
            10.661073
          ],
          [
            122.975729,
            10.661003
          ],
          [
            122.976084,
            10.660876
          ],
          [
            122.976186,
            10.660842
          ],
          [
            122.976415,
            10.660768
          ],
          [
            122.976479,
            10.66075
          ],
          [
            122.976548,
            10.660739
          ],
          [
            122.977197,
            10.660728
          ],
          [
            122.977299,
            10.66073
          ],
          [
            122.978331,
            10.660748
          ],
          [
            122.979175,
            10.660755
          ],
          [
            122.979224,
            10.660756
          ],
          [
            122.979346,
            10.660756
          ],
          [
            122.979476,
            10.660756
          ],
          [
            122.979535,
            10.660758
          ],
          [
            122.979676,
            10.660758
          ],
          [
            122.979796,
            10.660758
          ],
          [
            122.980049,
            10.660758
          ],
          [
            122.980549,
            10.660759
          ],
          [
            122.980634,
            10.660759
          ],
          [
            122.98095,
            10.660764
          ],
          [
            122.981831,
            10.66078
          ],
          [
            122.982539,
            10.660793
          ],
          [
            122.982897,
            10.660795
          ],
          [
            122.982958,
            10.660795
          ],
          [
            122.98309,
            10.660795
          ],
          [
            122.983454,
            10.6608
          ],
          [
            122.983651,
            10.660803
          ],
          [
            122.984213,
            10.660812
          ],
          [
            122.984684,
            10.66082
          ],
          [
            122.984825,
            10.660822
          ],
          [
            122.984855,
            10.660822
          ],
          [
            122.985155,
            10.660823
          ],
          [
            122.985222,
            10.660823
          ],
          [
            122.985447,
            10.660823
          ],
          [
            122.985742,
            10.660824
          ],
          [
            122.985809,
            10.660824
          ],
          [
            122.985963,
            10.660824
          ],
          [
            122.985963,
            10.662197
          ],
          [
            122.985988,
            10.663595
          ],
          [
            122.986013,
            10.663945
          ],
          [
            122.986013,
            10.664043
          ],
          [
            122.986021,
            10.66443
          ],
          [
            122.986017,
            10.66449
          ],
          [
            122.986012,
            10.664545
          ],
          [
            122.985995,
            10.664721
          ],
          [
            122.985902,
            10.665606
          ],
          [
            122.98588,
            10.666201
          ],
          [
            122.98588,
            10.666599
          ],
          [
            122.985876,
            10.666813
          ],
          [
            122.985865,
            10.667839
          ],
          [
            122.985874,
            10.668044
          ],
          [
            122.9859,
            10.668247
          ],
          [
            122.986004,
            10.668518
          ],
          [
            122.986074,
            10.668625
          ],
          [
            122.98614,
            10.66872
          ],
          [
            122.986287,
            10.668874
          ],
          [
            122.98649,
            10.669014
          ],
          [
            122.986851,
            10.669278
          ],
          [
            122.987095,
            10.669529
          ],
          [
            122.987223,
            10.66968
          ],
          [
            122.987355,
            10.669845
          ],
          [
            122.98744,
            10.67003
          ],
          [
            122.987547,
            10.670337
          ],
          [
            122.98764,
            10.67061
          ],
          [
            122.987732,
            10.670866
          ],
          [
            122.98776,
            10.67096
          ],
          [
            122.988232,
            10.670785
          ],
          [
            122.988266,
            10.670847
          ],
          [
            122.988327,
            10.670906
          ],
          [
            122.988475,
            10.671015
          ],
          [
            122.988559,
            10.671079
          ],
          [
            122.988668,
            10.671156
          ],
          [
            122.988746,
            10.67122
          ],
          [
            122.988803,
            10.671163
          ],
          [
            122.988875,
            10.671109
          ],
          [
            122.989015,
            10.671025
          ],
          [
            122.989446,
            10.670766
          ],
          [
            122.989543,
            10.670717
          ],
          [
            122.989424,
            10.67053
          ],
          [
            122.989307,
            10.670371
          ],
          [
            122.989253,
            10.670298
          ],
          [
            122.989049,
            10.670424
          ],
          [
            122.988899,
            10.670514
          ],
          [
            122.988778,
            10.670595
          ],
          [
            122.988615,
            10.670664
          ],
          [
            122.98854,
            10.670701
          ],
          [
            122.988389,
            10.670746
          ],
          [
            122.988232,
            10.670785
          ],
          [
            122.98776,
            10.67096
          ],
          [
            122.987732,
            10.670866
          ],
          [
            122.98764,
            10.67061
          ],
          [
            122.987547,
            10.670337
          ],
          [
            122.98744,
            10.67003
          ],
          [
            122.987355,
            10.669845
          ],
          [
            122.987223,
            10.66968
          ],
          [
            122.987095,
            10.669529
          ],
          [
            122.986851,
            10.669278
          ],
          [
            122.98649,
            10.669014
          ],
          [
            122.986287,
            10.668874
          ],
          [
            122.98614,
            10.66872
          ],
          [
            122.986074,
            10.668625
          ],
          [
            122.986004,
            10.668518
          ],
          [
            122.9859,
            10.668247
          ],
          [
            122.985874,
            10.668044
          ],
          [
            122.985865,
            10.667839
          ],
          [
            122.985876,
            10.666813
          ],
          [
            122.98588,
            10.666599
          ],
          [
            122.98588,
            10.666201
          ],
          [
            122.985902,
            10.665606
          ],
          [
            122.985995,
            10.664721
          ],
          [
            122.986012,
            10.664545
          ],
          [
            122.986017,
            10.66449
          ],
          [
            122.986021,
            10.66443
          ],
          [
            122.986013,
            10.664043
          ],
          [
            122.986013,
            10.663945
          ],
          [
            122.985988,
            10.663595
          ],
          [
            122.985963,
            10.662197
          ],
          [
            122.985963,
            10.660824
          ],
          [
            122.986064,
            10.660826
          ],
          [
            122.986332,
            10.660829
          ],
          [
            122.986872,
            10.660844
          ],
          [
            122.987023,
            10.660845
          ],
          [
            122.988169,
            10.660849
          ],
          [
            122.988988,
            10.660857
          ],
          [
            122.989377,
            10.660863
          ],
          [
            122.989413,
            10.660864
          ],
          [
            122.989454,
            10.660864
          ],
          [
            122.989951,
            10.660868
          ],
          [
            122.99068,
            10.660872
          ],
          [
            122.990932,
            10.660874
          ],
          [
            122.991109,
            10.660876
          ],
          [
            122.991759,
            10.660882
          ],
          [
            122.991807,
            10.660883
          ],
          [
            122.991935,
            10.660884
          ],
          [
            122.992204,
            10.660887
          ],
          [
            122.993592,
            10.660907
          ],
          [
            122.993709,
            10.660908
          ],
          [
            122.993939,
            10.660912
          ],
          [
            122.99421,
            10.660915
          ],
          [
            122.994399,
            10.660918
          ],
          [
            122.995156,
            10.660929
          ],
          [
            122.995704,
            10.660936
          ],
          [
            122.995686,
            10.661538
          ],
          [
            122.995673,
            10.661953
          ],
          [
            122.99566,
            10.66241
          ],
          [
            122.995646,
            10.662852
          ],
          [
            122.997303,
            10.662898
          ],
          [
            122.997375,
            10.663032
          ],
          [
            122.997404,
            10.663048
          ],
          [
            122.997427,
            10.66305
          ],
          [
            122.997461,
            10.663051
          ],
          [
            122.997484,
            10.663055
          ],
          [
            122.997522,
            10.663074
          ],
          [
            122.997552,
            10.663092
          ],
          [
            122.997583,
            10.663117
          ],
          [
            122.997613,
            10.663135
          ],
          [
            122.99763,
            10.663142
          ],
          [
            122.997649,
            10.663144
          ],
          [
            122.997702,
            10.663138
          ],
          [
            122.998011,
            10.663154
          ],
          [
            122.998225,
            10.663219
          ],
          [
            122.998335,
            10.663253
          ],
          [
            122.998405,
            10.663303
          ],
          [
            122.998416,
            10.66332
          ],
          [
            122.99845,
            10.663373
          ],
          [
            122.998465,
            10.663446
          ],
          [
            122.998452,
            10.663551
          ],
          [
            122.998397,
            10.663654
          ],
          [
            122.998285,
            10.663792
          ],
          [
            122.998248,
            10.663849
          ],
          [
            122.998239,
            10.663927
          ],
          [
            122.998319,
            10.664488
          ],
          [
            122.998386,
            10.664679
          ],
          [
            122.998402,
            10.664754
          ],
          [
            122.998417,
            10.664825
          ],
          [
            122.998472,
            10.665131
          ],
          [
            122.998597,
            10.665693
          ],
          [
            122.998721,
            10.666249
          ],
          [
            122.998752,
            10.666481
          ],
          [
            122.998822,
            10.666644
          ],
          [
            122.998858,
            10.666702
          ],
          [
            122.999225,
            10.667011
          ],
          [
            122.998858,
            10.666702
          ],
          [
            122.998822,
            10.666644
          ],
          [
            122.998752,
            10.666481
          ],
          [
            122.998721,
            10.666249
          ],
          [
            122.998597,
            10.665693
          ],
          [
            122.998472,
            10.665131
          ],
          [
            122.998417,
            10.664825
          ],
          [
            122.998402,
            10.664754
          ],
          [
            122.998386,
            10.664679
          ],
          [
            122.998319,
            10.664488
          ],
          [
            122.998239,
            10.663927
          ],
          [
            122.998248,
            10.663849
          ],
          [
            122.998285,
            10.663792
          ],
          [
            122.998397,
            10.663654
          ],
          [
            122.998452,
            10.663551
          ],
          [
            122.998465,
            10.663446
          ],
          [
            122.99845,
            10.663373
          ],
          [
            122.998405,
            10.663303
          ],
          [
            122.998335,
            10.663253
          ],
          [
            122.998225,
            10.663219
          ],
          [
            122.998011,
            10.663154
          ],
          [
            122.997702,
            10.663138
          ],
          [
            122.997649,
            10.663144
          ],
          [
            122.99763,
            10.663142
          ],
          [
            122.997613,
            10.663135
          ],
          [
            122.997583,
            10.663117
          ],
          [
            122.997552,
            10.663092
          ],
          [
            122.997522,
            10.663074
          ],
          [
            122.997484,
            10.663055
          ],
          [
            122.997461,
            10.663051
          ],
          [
            122.997427,
            10.66305
          ],
          [
            122.997404,
            10.663048
          ],
          [
            122.997375,
            10.663032
          ],
          [
            122.997303,
            10.662898
          ],
          [
            122.995646,
            10.662852
          ],
          [
            122.99566,
            10.66241
          ],
          [
            122.995673,
            10.661953
          ],
          [
            122.995686,
            10.661538
          ],
          [
            122.995704,
            10.660936
          ],
          [
            122.995156,
            10.660929
          ],
          [
            122.994399,
            10.660918
          ],
          [
            122.99421,
            10.660915
          ],
          [
            122.993939,
            10.660912
          ],
          [
            122.993709,
            10.660908
          ],
          [
            122.993592,
            10.660907
          ],
          [
            122.992204,
            10.660887
          ],
          [
            122.991935,
            10.660884
          ],
          [
            122.991807,
            10.660883
          ],
          [
            122.991759,
            10.660882
          ],
          [
            122.991109,
            10.660876
          ],
          [
            122.990932,
            10.660874
          ],
          [
            122.99068,
            10.660872
          ],
          [
            122.989951,
            10.660868
          ],
          [
            122.989454,
            10.660864
          ],
          [
            122.989413,
            10.660864
          ],
          [
            122.989377,
            10.660863
          ],
          [
            122.988988,
            10.660857
          ],
          [
            122.988169,
            10.660849
          ],
          [
            122.987023,
            10.660845
          ],
          [
            122.986872,
            10.660844
          ],
          [
            122.986332,
            10.660829
          ],
          [
            122.986064,
            10.660826
          ],
          [
            122.985963,
            10.660824
          ],
          [
            122.985963,
            10.662197
          ],
          [
            122.985988,
            10.663595
          ],
          [
            122.986013,
            10.663945
          ],
          [
            122.986013,
            10.664043
          ],
          [
            122.986021,
            10.66443
          ],
          [
            122.986017,
            10.66449
          ],
          [
            122.986012,
            10.664545
          ],
          [
            122.985995,
            10.664721
          ],
          [
            122.985902,
            10.665606
          ],
          [
            122.98588,
            10.666201
          ],
          [
            122.98588,
            10.666599
          ],
          [
            122.985876,
            10.666813
          ],
          [
            122.985865,
            10.667839
          ],
          [
            122.985874,
            10.668044
          ],
          [
            122.9859,
            10.668247
          ],
          [
            122.986004,
            10.668518
          ],
          [
            122.986074,
            10.668625
          ],
          [
            122.98614,
            10.66872
          ],
          [
            122.986287,
            10.668874
          ],
          [
            122.98649,
            10.669014
          ],
          [
            122.986851,
            10.669278
          ],
          [
            122.987095,
            10.669529
          ],
          [
            122.987223,
            10.66968
          ],
          [
            122.987355,
            10.669845
          ],
          [
            122.98744,
            10.67003
          ],
          [
            122.987547,
            10.670337
          ],
          [
            122.98764,
            10.67061
          ],
          [
            122.987732,
            10.670866
          ],
          [
            122.98776,
            10.67096
          ],
          [
            122.987861,
            10.671128
          ],
          [
            122.987963,
            10.671228
          ],
          [
            122.988214,
            10.671438
          ],
          [
            122.988272,
            10.671488
          ],
          [
            122.988454,
            10.671616
          ],
          [
            122.988805,
            10.671842
          ],
          [
            122.989031,
            10.671977
          ],
          [
            122.989092,
            10.672012
          ],
          [
            122.989528,
            10.672237
          ],
          [
            122.989621,
            10.672285
          ],
          [
            122.98967,
            10.672306
          ],
          [
            122.989852,
            10.672383
          ],
          [
            122.990007,
            10.672459
          ],
          [
            122.990283,
            10.672564
          ],
          [
            122.990425,
            10.672623
          ],
          [
            122.990529,
            10.672662
          ],
          [
            122.990592,
            10.672686
          ],
          [
            122.990672,
            10.672701
          ],
          [
            122.990995,
            10.672756
          ],
          [
            122.991299,
            10.672801
          ],
          [
            122.991391,
            10.672809
          ],
          [
            122.991522,
            10.672802
          ],
          [
            122.991734,
            10.672787
          ],
          [
            122.99223,
            10.672715
          ],
          [
            122.992529,
            10.672697
          ],
          [
            122.99263,
            10.672699
          ],
          [
            122.993003,
            10.673584
          ],
          [
            122.993292,
            10.67416
          ],
          [
            122.993382,
            10.674372
          ],
          [
            122.993411,
            10.67446
          ],
          [
            122.993421,
            10.674497
          ],
          [
            122.993425,
            10.674539
          ],
          [
            122.993403,
            10.67468
          ],
          [
            122.99337,
            10.674806
          ],
          [
            122.99328,
            10.675022
          ],
          [
            122.993189,
            10.67527
          ],
          [
            122.993126,
            10.67542
          ],
          [
            122.993089,
            10.675553
          ],
          [
            122.993063,
            10.675764
          ],
          [
            122.993049,
            10.675884
          ],
          [
            122.993035,
            10.675994
          ],
          [
            122.993028,
            10.676052
          ],
          [
            122.993006,
            10.676215
          ],
          [
            122.992984,
            10.676523
          ],
          [
            122.992971,
            10.676577
          ],
          [
            122.992951,
            10.676612
          ],
          [
            122.991971,
            10.67713
          ],
          [
            122.991733,
            10.677261
          ],
          [
            122.991388,
            10.677451
          ],
          [
            122.991054,
            10.677625
          ],
          [
            122.990076,
            10.678145
          ],
          [
            122.990023,
            10.678183
          ],
          [
            122.99002,
            10.678252
          ],
          [
            122.990058,
            10.678319
          ],
          [
            122.990155,
            10.678484
          ],
          [
            122.990396,
            10.678947
          ],
          [
            122.99064,
            10.679366
          ],
          [
            122.990953,
            10.679945
          ],
          [
            122.991218,
            10.680414
          ],
          [
            122.991523,
            10.680904
          ],
          [
            122.991758,
            10.681424
          ],
          [
            122.991932,
            10.68175
          ],
          [
            122.992065,
            10.681973
          ],
          [
            122.992148,
            10.682113
          ],
          [
            122.992457,
            10.681949
          ],
          [
            122.993115,
            10.681591
          ],
          [
            122.994229,
            10.680983
          ],
          [
            122.994176,
            10.680887
          ],
          [
            122.994106,
            10.680755
          ],
          [
            122.993988,
            10.680539
          ],
          [
            122.993868,
            10.680341
          ],
          [
            122.993791,
            10.680177
          ],
          [
            122.99381,
            10.679997
          ],
          [
            122.994105,
            10.680016
          ],
          [
            122.994201,
            10.680024
          ],
          [
            122.994305,
            10.680005
          ],
          [
            122.99454,
            10.679942
          ],
          [
            122.994349,
            10.679322
          ]
        ],
        "type": "LineString"
      }
    },
    {
      "type": "Feature",
      "properties": {
        "number": 18,
        "id": "granada-burgos",
        "name": "Granada \u2013 Burgos",
        "color": "#e87878",
        "status": "inferred_from_lptrp_anchors",
        "distance_km": 33.54,
        "anchors": [
          {
            "id": "granada",
            "name": "Granada",
            "lng": 123.04775,
            "lat": 10.65883
          },
          {
            "id": "san_dionisio",
            "name": "San Dionisio",
            "lng": 123.01914,
            "lat": 10.66883
          },
          {
            "id": "estefania",
            "name": "Estefania",
            "lng": 122.99832,
            "lat": 10.66338
          },
          {
            "id": "montalban",
            "name": "Montalban",
            "lng": 122.989,
            "lat": 10.671
          },
          {
            "id": "burgos_market",
            "name": "Burgos Market",
            "lng": 122.95498,
            "lat": 10.66892
          }
        ],
        "return_anchors": [],
        "mode": "uv_express"
      },
      "geometry": {
        "coordinates": [
          [
            123.047627,
            10.658277
          ],
          [
            123.047466,
            10.658312
          ],
          [
            123.04726,
            10.658346
          ],
          [
            123.047058,
            10.658352
          ],
          [
            123.046937,
            10.658359
          ],
          [
            123.046707,
            10.658336
          ],
          [
            123.046549,
            10.658341
          ],
          [
            123.046276,
            10.658383
          ],
          [
            123.045744,
            10.658409
          ],
          [
            123.045392,
            10.6588
          ],
          [
            123.045258,
            10.659171
          ],
          [
            123.045282,
            10.659295
          ],
          [
            123.045352,
            10.659417
          ],
          [
            123.045529,
            10.659621
          ],
          [
            123.043577,
            10.660423
          ],
          [
            123.043421,
            10.660486
          ],
          [
            123.043277,
            10.660553
          ],
          [
            123.043155,
            10.660629
          ],
          [
            123.043056,
            10.660708
          ],
          [
            123.04294,
            10.660853
          ],
          [
            123.042889,
            10.660901
          ],
          [
            123.042856,
            10.660924
          ],
          [
            123.042817,
            10.660934
          ],
          [
            123.042763,
            10.660949
          ],
          [
            123.042726,
            10.66098
          ],
          [
            123.042405,
            10.661283
          ],
          [
            123.042394,
            10.661357
          ],
          [
            123.042357,
            10.661407
          ],
          [
            123.04227,
            10.661493
          ],
          [
            123.042162,
            10.661558
          ],
          [
            123.042034,
            10.66167
          ],
          [
            123.041959,
            10.661699
          ],
          [
            123.041808,
            10.661737
          ],
          [
            123.041582,
            10.661789
          ],
          [
            123.041348,
            10.661843
          ],
          [
            123.041107,
            10.661899
          ],
          [
            123.040864,
            10.661941
          ],
          [
            123.040619,
            10.661994
          ],
          [
            123.040402,
            10.662043
          ],
          [
            123.040295,
            10.662063
          ],
          [
            123.040158,
            10.662087
          ],
          [
            123.040096,
            10.662092
          ],
          [
            123.039936,
            10.66212
          ],
          [
            123.039816,
            10.662154
          ],
          [
            123.039683,
            10.662176
          ],
          [
            123.039539,
            10.662203
          ],
          [
            123.039454,
            10.662222
          ],
          [
            123.039268,
            10.662258
          ],
          [
            123.039231,
            10.662265
          ],
          [
            123.039121,
            10.662285
          ],
          [
            123.039059,
            10.662296
          ],
          [
            123.03898,
            10.662309
          ],
          [
            123.038758,
            10.662327
          ],
          [
            123.038542,
            10.662366
          ],
          [
            123.038422,
            10.662397
          ],
          [
            123.038298,
            10.662419
          ],
          [
            123.038171,
            10.662448
          ],
          [
            123.038058,
            10.662468
          ],
          [
            123.037827,
            10.662513
          ],
          [
            123.037659,
            10.662547
          ],
          [
            123.037593,
            10.66256
          ],
          [
            123.037379,
            10.66261
          ],
          [
            123.037325,
            10.66261
          ],
          [
            123.037098,
            10.662648
          ],
          [
            123.036845,
            10.662646
          ],
          [
            123.03682,
            10.662646
          ],
          [
            123.036568,
            10.66264
          ],
          [
            123.03626,
            10.662646
          ],
          [
            123.036202,
            10.662679
          ],
          [
            123.036138,
            10.662696
          ],
          [
            123.036068,
            10.662705
          ],
          [
            123.035975,
            10.662721
          ],
          [
            123.035942,
            10.662713
          ],
          [
            123.035888,
            10.662695
          ],
          [
            123.035819,
            10.662762
          ],
          [
            123.035688,
            10.662896
          ],
          [
            123.035638,
            10.662961
          ],
          [
            123.035629,
            10.662999
          ],
          [
            123.035622,
            10.663046
          ],
          [
            123.035635,
            10.663092
          ],
          [
            123.035667,
            10.663127
          ],
          [
            123.035706,
            10.663152
          ],
          [
            123.03589,
            10.663264
          ],
          [
            123.035958,
            10.663326
          ],
          [
            123.035999,
            10.663392
          ],
          [
            123.036016,
            10.663504
          ],
          [
            123.036002,
            10.663592
          ],
          [
            123.036043,
            10.663782
          ],
          [
            123.036219,
            10.664668
          ],
          [
            123.036388,
            10.665603
          ],
          [
            123.035556,
            10.665761
          ],
          [
            123.034999,
            10.665869
          ],
          [
            123.034539,
            10.665974
          ],
          [
            123.03388,
            10.666051
          ],
          [
            123.03324,
            10.666106
          ],
          [
            123.032461,
            10.666166
          ],
          [
            123.032048,
            10.666187
          ],
          [
            123.031461,
            10.6662
          ],
          [
            123.031181,
            10.666193
          ],
          [
            123.030793,
            10.666165
          ],
          [
            123.029636,
            10.666091
          ],
          [
            123.029111,
            10.666054
          ],
          [
            123.028436,
            10.666005
          ],
          [
            123.027759,
            10.665963
          ],
          [
            123.026402,
            10.665874
          ],
          [
            123.026067,
            10.665856
          ],
          [
            123.025726,
            10.665835
          ],
          [
            123.023022,
            10.665662
          ],
          [
            123.022627,
            10.665635
          ],
          [
            123.022319,
            10.665614
          ],
          [
            123.021137,
            10.665533
          ],
          [
            123.020959,
            10.66552
          ],
          [
            123.0198,
            10.665453
          ],
          [
            123.019687,
            10.665448
          ],
          [
            123.019655,
            10.665838
          ],
          [
            123.019624,
            10.666199
          ],
          [
            123.01961,
            10.66642
          ],
          [
            123.019596,
            10.666632
          ],
          [
            123.019582,
            10.666848
          ],
          [
            123.019568,
            10.667056
          ],
          [
            123.019554,
            10.667272
          ],
          [
            123.01954,
            10.667489
          ],
          [
            123.019526,
            10.667706
          ],
          [
            123.019511,
            10.667929
          ],
          [
            123.019508,
            10.667983
          ],
          [
            123.019498,
            10.668127
          ],
          [
            123.01948,
            10.668408
          ],
          [
            123.019293,
            10.668429
          ],
          [
            123.019216,
            10.668438
          ],
          [
            123.019047,
            10.668459
          ],
          [
            123.019129,
            10.668789
          ],
          [
            123.01914,
            10.66883
          ],
          [
            123.019442,
            10.669976
          ],
          [
            123.019681,
            10.669904
          ],
          [
            123.019394,
            10.668799
          ],
          [
            123.019293,
            10.668429
          ],
          [
            123.01948,
            10.668408
          ],
          [
            123.019498,
            10.668127
          ],
          [
            123.019508,
            10.667983
          ],
          [
            123.019511,
            10.667929
          ],
          [
            123.019526,
            10.667706
          ],
          [
            123.01954,
            10.667489
          ],
          [
            123.019554,
            10.667272
          ],
          [
            123.019568,
            10.667056
          ],
          [
            123.019582,
            10.666848
          ],
          [
            123.019596,
            10.666632
          ],
          [
            123.01961,
            10.66642
          ],
          [
            123.019624,
            10.666199
          ],
          [
            123.019655,
            10.665838
          ],
          [
            123.019687,
            10.665448
          ],
          [
            123.019012,
            10.665412
          ],
          [
            123.018908,
            10.665406
          ],
          [
            123.018063,
            10.665345
          ],
          [
            123.016989,
            10.665266
          ],
          [
            123.016933,
            10.665261
          ],
          [
            123.016094,
            10.665197
          ],
          [
            123.015536,
            10.665165
          ],
          [
            123.014727,
            10.665115
          ],
          [
            123.013174,
            10.664976
          ],
          [
            123.013124,
            10.664971
          ],
          [
            123.01265,
            10.664921
          ],
          [
            123.011407,
            10.664763
          ],
          [
            123.010764,
            10.664654
          ],
          [
            123.01004,
            10.66451
          ],
          [
            123.009938,
            10.664491
          ],
          [
            123.008864,
            10.664252
          ],
          [
            123.008307,
            10.664132
          ],
          [
            123.007924,
            10.664046
          ],
          [
            123.007128,
            10.663868
          ],
          [
            123.006523,
            10.663702
          ],
          [
            123.006387,
            10.663665
          ],
          [
            123.006313,
            10.663638
          ],
          [
            123.005043,
            10.663193
          ],
          [
            123.004855,
            10.663114
          ],
          [
            123.003933,
            10.662728
          ],
          [
            123.002847,
            10.662292
          ],
          [
            123.002812,
            10.662278
          ],
          [
            123.002731,
            10.662243
          ],
          [
            123.001365,
            10.661653
          ],
          [
            123.001261,
            10.661608
          ],
          [
            123.001015,
            10.661504
          ],
          [
            123.000898,
            10.661454
          ],
          [
            122.999786,
            10.66106
          ],
          [
            122.999558,
            10.661001
          ],
          [
            122.999277,
            10.66097
          ],
          [
            122.998995,
            10.660976
          ],
          [
            122.998973,
            10.661539
          ],
          [
            122.997408,
            10.661529
          ],
          [
            122.997406,
            10.661979
          ],
          [
            122.997433,
            10.662426
          ],
          [
            122.99742,
            10.662863
          ],
          [
            122.997384,
            10.662895
          ],
          [
            122.99734,
            10.662899
          ],
          [
            122.997303,
            10.662898
          ],
          [
            122.997375,
            10.663032
          ],
          [
            122.997404,
            10.663048
          ],
          [
            122.997427,
            10.66305
          ],
          [
            122.997461,
            10.663051
          ],
          [
            122.997484,
            10.663055
          ],
          [
            122.997522,
            10.663074
          ],
          [
            122.997552,
            10.663092
          ],
          [
            122.997583,
            10.663117
          ],
          [
            122.997613,
            10.663135
          ],
          [
            122.99763,
            10.663142
          ],
          [
            122.997649,
            10.663144
          ],
          [
            122.997702,
            10.663138
          ],
          [
            122.998011,
            10.663154
          ],
          [
            122.998225,
            10.663219
          ],
          [
            122.998335,
            10.663253
          ],
          [
            122.998405,
            10.663303
          ],
          [
            122.998416,
            10.66332
          ],
          [
            122.99845,
            10.663373
          ],
          [
            122.998465,
            10.663446
          ],
          [
            122.998452,
            10.663551
          ],
          [
            122.998397,
            10.663654
          ],
          [
            122.998285,
            10.663792
          ],
          [
            122.998248,
            10.663849
          ],
          [
            122.998239,
            10.663927
          ],
          [
            122.998319,
            10.664488
          ],
          [
            122.998386,
            10.664679
          ],
          [
            122.998402,
            10.664754
          ],
          [
            122.998417,
            10.664825
          ],
          [
            122.998472,
            10.665131
          ],
          [
            122.998597,
            10.665693
          ],
          [
            122.998721,
            10.666249
          ],
          [
            122.998752,
            10.666481
          ],
          [
            122.998822,
            10.666644
          ],
          [
            122.998858,
            10.666702
          ],
          [
            122.999225,
            10.667011
          ],
          [
            122.998858,
            10.666702
          ],
          [
            122.998822,
            10.666644
          ],
          [
            122.998752,
            10.666481
          ],
          [
            122.998721,
            10.666249
          ],
          [
            122.998597,
            10.665693
          ],
          [
            122.998472,
            10.665131
          ],
          [
            122.998417,
            10.664825
          ],
          [
            122.998402,
            10.664754
          ],
          [
            122.998386,
            10.664679
          ],
          [
            122.998319,
            10.664488
          ],
          [
            122.998239,
            10.663927
          ],
          [
            122.998248,
            10.663849
          ],
          [
            122.998285,
            10.663792
          ],
          [
            122.998397,
            10.663654
          ],
          [
            122.998452,
            10.663551
          ],
          [
            122.998465,
            10.663446
          ],
          [
            122.99845,
            10.663373
          ],
          [
            122.998405,
            10.663303
          ],
          [
            122.998335,
            10.663253
          ],
          [
            122.998225,
            10.663219
          ],
          [
            122.998011,
            10.663154
          ],
          [
            122.997702,
            10.663138
          ],
          [
            122.997649,
            10.663144
          ],
          [
            122.99763,
            10.663142
          ],
          [
            122.997613,
            10.663135
          ],
          [
            122.997583,
            10.663117
          ],
          [
            122.997552,
            10.663092
          ],
          [
            122.997522,
            10.663074
          ],
          [
            122.997484,
            10.663055
          ],
          [
            122.997461,
            10.663051
          ],
          [
            122.997427,
            10.66305
          ],
          [
            122.997404,
            10.663048
          ],
          [
            122.997375,
            10.663032
          ],
          [
            122.997303,
            10.662898
          ],
          [
            122.995646,
            10.662852
          ],
          [
            122.99566,
            10.66241
          ],
          [
            122.995673,
            10.661953
          ],
          [
            122.995686,
            10.661538
          ],
          [
            122.995704,
            10.660936
          ],
          [
            122.995156,
            10.660929
          ],
          [
            122.994399,
            10.660918
          ],
          [
            122.99421,
            10.660915
          ],
          [
            122.993939,
            10.660912
          ],
          [
            122.993709,
            10.660908
          ],
          [
            122.993592,
            10.660907
          ],
          [
            122.992204,
            10.660887
          ],
          [
            122.991935,
            10.660884
          ],
          [
            122.991807,
            10.660883
          ],
          [
            122.991759,
            10.660882
          ],
          [
            122.991109,
            10.660876
          ],
          [
            122.990932,
            10.660874
          ],
          [
            122.99068,
            10.660872
          ],
          [
            122.989951,
            10.660868
          ],
          [
            122.989454,
            10.660864
          ],
          [
            122.989413,
            10.660864
          ],
          [
            122.989377,
            10.660863
          ],
          [
            122.988988,
            10.660857
          ],
          [
            122.988169,
            10.660849
          ],
          [
            122.987023,
            10.660845
          ],
          [
            122.986872,
            10.660844
          ],
          [
            122.986332,
            10.660829
          ],
          [
            122.986064,
            10.660826
          ],
          [
            122.985963,
            10.660824
          ],
          [
            122.985963,
            10.662197
          ],
          [
            122.985988,
            10.663595
          ],
          [
            122.986013,
            10.663945
          ],
          [
            122.986013,
            10.664043
          ],
          [
            122.986021,
            10.66443
          ],
          [
            122.986017,
            10.66449
          ],
          [
            122.986012,
            10.664545
          ],
          [
            122.985995,
            10.664721
          ],
          [
            122.985902,
            10.665606
          ],
          [
            122.98588,
            10.666201
          ],
          [
            122.98588,
            10.666599
          ],
          [
            122.985876,
            10.666813
          ],
          [
            122.985865,
            10.667839
          ],
          [
            122.985874,
            10.668044
          ],
          [
            122.9859,
            10.668247
          ],
          [
            122.986004,
            10.668518
          ],
          [
            122.986074,
            10.668625
          ],
          [
            122.98614,
            10.66872
          ],
          [
            122.986287,
            10.668874
          ],
          [
            122.98649,
            10.669014
          ],
          [
            122.986851,
            10.669278
          ],
          [
            122.987095,
            10.669529
          ],
          [
            122.987223,
            10.66968
          ],
          [
            122.987355,
            10.669845
          ],
          [
            122.98744,
            10.67003
          ],
          [
            122.987547,
            10.670337
          ],
          [
            122.98764,
            10.67061
          ],
          [
            122.987732,
            10.670866
          ],
          [
            122.98776,
            10.67096
          ],
          [
            122.988232,
            10.670785
          ],
          [
            122.988266,
            10.670847
          ],
          [
            122.988327,
            10.670906
          ],
          [
            122.988475,
            10.671015
          ],
          [
            122.988559,
            10.671079
          ],
          [
            122.988668,
            10.671156
          ],
          [
            122.988746,
            10.67122
          ],
          [
            122.988803,
            10.671163
          ],
          [
            122.988875,
            10.671109
          ],
          [
            122.989015,
            10.671025
          ],
          [
            122.989446,
            10.670766
          ],
          [
            122.989543,
            10.670717
          ],
          [
            122.989424,
            10.67053
          ],
          [
            122.989307,
            10.670371
          ],
          [
            122.989253,
            10.670298
          ],
          [
            122.989049,
            10.670424
          ],
          [
            122.988899,
            10.670514
          ],
          [
            122.988778,
            10.670595
          ],
          [
            122.988615,
            10.670664
          ],
          [
            122.98854,
            10.670701
          ],
          [
            122.988389,
            10.670746
          ],
          [
            122.988232,
            10.670785
          ],
          [
            122.98776,
            10.67096
          ],
          [
            122.987732,
            10.670866
          ],
          [
            122.98764,
            10.67061
          ],
          [
            122.987547,
            10.670337
          ],
          [
            122.98744,
            10.67003
          ],
          [
            122.987355,
            10.669845
          ],
          [
            122.987223,
            10.66968
          ],
          [
            122.987095,
            10.669529
          ],
          [
            122.986851,
            10.669278
          ],
          [
            122.98649,
            10.669014
          ],
          [
            122.986287,
            10.668874
          ],
          [
            122.98614,
            10.66872
          ],
          [
            122.986074,
            10.668625
          ],
          [
            122.986004,
            10.668518
          ],
          [
            122.9859,
            10.668247
          ],
          [
            122.985874,
            10.668044
          ],
          [
            122.985865,
            10.667839
          ],
          [
            122.985876,
            10.666813
          ],
          [
            122.98588,
            10.666599
          ],
          [
            122.98588,
            10.666201
          ],
          [
            122.985902,
            10.665606
          ],
          [
            122.985995,
            10.664721
          ],
          [
            122.986012,
            10.664545
          ],
          [
            122.986017,
            10.66449
          ],
          [
            122.986021,
            10.66443
          ],
          [
            122.986013,
            10.664043
          ],
          [
            122.986013,
            10.663945
          ],
          [
            122.985988,
            10.663595
          ],
          [
            122.985963,
            10.662197
          ],
          [
            122.985963,
            10.660824
          ],
          [
            122.985809,
            10.660824
          ],
          [
            122.985742,
            10.660824
          ],
          [
            122.985447,
            10.660823
          ],
          [
            122.985222,
            10.660823
          ],
          [
            122.985155,
            10.660823
          ],
          [
            122.984855,
            10.660822
          ],
          [
            122.984825,
            10.660822
          ],
          [
            122.984684,
            10.66082
          ],
          [
            122.984213,
            10.660812
          ],
          [
            122.983651,
            10.660803
          ],
          [
            122.983454,
            10.6608
          ],
          [
            122.98309,
            10.660795
          ],
          [
            122.982958,
            10.660795
          ],
          [
            122.982897,
            10.660795
          ],
          [
            122.982539,
            10.660793
          ],
          [
            122.981831,
            10.66078
          ],
          [
            122.98095,
            10.660764
          ],
          [
            122.980634,
            10.660759
          ],
          [
            122.980549,
            10.660759
          ],
          [
            122.980049,
            10.660758
          ],
          [
            122.979796,
            10.660758
          ],
          [
            122.979676,
            10.660758
          ],
          [
            122.979535,
            10.660758
          ],
          [
            122.979476,
            10.660756
          ],
          [
            122.979346,
            10.660756
          ],
          [
            122.979224,
            10.660756
          ],
          [
            122.979175,
            10.660755
          ],
          [
            122.978331,
            10.660748
          ],
          [
            122.977299,
            10.66073
          ],
          [
            122.977197,
            10.660728
          ],
          [
            122.976548,
            10.660739
          ],
          [
            122.976479,
            10.66075
          ],
          [
            122.976415,
            10.660768
          ],
          [
            122.976186,
            10.660842
          ],
          [
            122.976084,
            10.660876
          ],
          [
            122.975729,
            10.661003
          ],
          [
            122.975554,
            10.661073
          ],
          [
            122.975273,
            10.661184
          ],
          [
            122.974952,
            10.661311
          ],
          [
            122.974832,
            10.661358
          ],
          [
            122.97455,
            10.661465
          ],
          [
            122.973717,
            10.661773
          ],
          [
            122.973664,
            10.661792
          ],
          [
            122.973182,
            10.661961
          ],
          [
            122.973104,
            10.661988
          ],
          [
            122.973014,
            10.662021
          ],
          [
            122.972815,
            10.662094
          ],
          [
            122.972638,
            10.662161
          ],
          [
            122.972406,
            10.662247
          ],
          [
            122.97234,
            10.662272
          ],
          [
            122.972017,
            10.662408
          ],
          [
            122.971892,
            10.66246
          ],
          [
            122.971279,
            10.662714
          ],
          [
            122.970372,
            10.663099
          ],
          [
            122.970306,
            10.663127
          ],
          [
            122.970009,
            10.663249
          ],
          [
            122.969226,
            10.663594
          ],
          [
            122.968782,
            10.663768
          ],
          [
            122.968242,
            10.663999
          ],
          [
            122.967889,
            10.66415
          ],
          [
            122.967701,
            10.664229
          ],
          [
            122.967553,
            10.664293
          ],
          [
            122.967367,
            10.664373
          ],
          [
            122.967214,
            10.664436
          ],
          [
            122.967101,
            10.664483
          ],
          [
            122.967035,
            10.66451
          ],
          [
            122.966928,
            10.664555
          ],
          [
            122.96689,
            10.664569
          ],
          [
            122.96653,
            10.664729
          ],
          [
            122.965149,
            10.665313
          ],
          [
            122.964659,
            10.665527
          ],
          [
            122.964497,
            10.665597
          ],
          [
            122.964172,
            10.665736
          ],
          [
            122.963837,
            10.665876
          ],
          [
            122.963701,
            10.665937
          ],
          [
            122.96333,
            10.666096
          ],
          [
            122.963187,
            10.666161
          ],
          [
            122.962699,
            10.666369
          ],
          [
            122.962212,
            10.666575
          ],
          [
            122.961522,
            10.66687
          ],
          [
            122.9612,
            10.667008
          ],
          [
            122.960977,
            10.667105
          ],
          [
            122.96091,
            10.667132
          ],
          [
            122.96055,
            10.667286
          ],
          [
            122.960187,
            10.667442
          ],
          [
            122.95939,
            10.667782
          ],
          [
            122.95927,
            10.667834
          ],
          [
            122.958493,
            10.668185
          ],
          [
            122.957805,
            10.668464
          ],
          [
            122.957661,
            10.668527
          ],
          [
            122.956887,
            10.668854
          ],
          [
            122.956697,
            10.668426
          ],
          [
            122.956512,
            10.668009
          ],
          [
            122.956317,
            10.66757
          ],
          [
            122.955664,
            10.667851
          ],
          [
            122.955481,
            10.66792
          ],
          [
            122.955048,
            10.668074
          ],
          [
            122.954339,
            10.668357
          ],
          [
            122.954646,
            10.669061
          ],
          [
            122.954887,
            10.669613
          ],
          [
            122.954909,
            10.669707
          ],
          [
            122.955033,
            10.669659
          ],
          [
            122.955176,
            10.66959
          ],
          [
            122.955531,
            10.669437
          ],
          [
            122.955585,
            10.669414
          ],
          [
            122.955635,
            10.669391
          ],
          [
            122.955671,
            10.669379
          ],
          [
            122.955773,
            10.669334
          ],
          [
            122.956072,
            10.669203
          ],
          [
            122.956424,
            10.669052
          ],
          [
            122.956763,
            10.668909
          ],
          [
            122.956887,
            10.668854
          ],
          [
            122.957661,
            10.668527
          ],
          [
            122.957805,
            10.668464
          ],
          [
            122.958493,
            10.668185
          ],
          [
            122.95927,
            10.667834
          ],
          [
            122.95939,
            10.667782
          ],
          [
            122.960187,
            10.667442
          ],
          [
            122.96055,
            10.667286
          ],
          [
            122.96091,
            10.667132
          ],
          [
            122.960977,
            10.667105
          ],
          [
            122.9612,
            10.667008
          ],
          [
            122.961522,
            10.66687
          ],
          [
            122.962212,
            10.666575
          ],
          [
            122.962699,
            10.666369
          ],
          [
            122.963187,
            10.666161
          ],
          [
            122.96333,
            10.666096
          ],
          [
            122.963701,
            10.665937
          ],
          [
            122.963837,
            10.665876
          ],
          [
            122.964172,
            10.665736
          ],
          [
            122.964497,
            10.665597
          ],
          [
            122.964659,
            10.665527
          ],
          [
            122.965149,
            10.665313
          ],
          [
            122.96653,
            10.664729
          ],
          [
            122.96689,
            10.664569
          ],
          [
            122.966928,
            10.664555
          ],
          [
            122.967035,
            10.66451
          ],
          [
            122.967101,
            10.664483
          ],
          [
            122.967214,
            10.664436
          ],
          [
            122.967367,
            10.664373
          ],
          [
            122.967553,
            10.664293
          ],
          [
            122.967701,
            10.664229
          ],
          [
            122.967889,
            10.66415
          ],
          [
            122.968242,
            10.663999
          ],
          [
            122.968782,
            10.663768
          ],
          [
            122.969226,
            10.663594
          ],
          [
            122.970009,
            10.663249
          ],
          [
            122.970306,
            10.663127
          ],
          [
            122.970372,
            10.663099
          ],
          [
            122.971279,
            10.662714
          ],
          [
            122.971892,
            10.66246
          ],
          [
            122.972017,
            10.662408
          ],
          [
            122.97234,
            10.662272
          ],
          [
            122.972406,
            10.662247
          ],
          [
            122.972638,
            10.662161
          ],
          [
            122.972815,
            10.662094
          ],
          [
            122.973014,
            10.662021
          ],
          [
            122.973104,
            10.661988
          ],
          [
            122.973182,
            10.661961
          ],
          [
            122.973664,
            10.661792
          ],
          [
            122.973717,
            10.661773
          ],
          [
            122.97455,
            10.661465
          ],
          [
            122.974832,
            10.661358
          ],
          [
            122.974952,
            10.661311
          ],
          [
            122.975273,
            10.661184
          ],
          [
            122.975554,
            10.661073
          ],
          [
            122.975729,
            10.661003
          ],
          [
            122.976084,
            10.660876
          ],
          [
            122.976186,
            10.660842
          ],
          [
            122.976415,
            10.660768
          ],
          [
            122.976479,
            10.66075
          ],
          [
            122.976548,
            10.660739
          ],
          [
            122.977197,
            10.660728
          ],
          [
            122.977299,
            10.66073
          ],
          [
            122.978331,
            10.660748
          ],
          [
            122.979175,
            10.660755
          ],
          [
            122.979224,
            10.660756
          ],
          [
            122.979346,
            10.660756
          ],
          [
            122.979476,
            10.660756
          ],
          [
            122.979535,
            10.660758
          ],
          [
            122.979676,
            10.660758
          ],
          [
            122.979796,
            10.660758
          ],
          [
            122.980049,
            10.660758
          ],
          [
            122.980549,
            10.660759
          ],
          [
            122.980634,
            10.660759
          ],
          [
            122.98095,
            10.660764
          ],
          [
            122.981831,
            10.66078
          ],
          [
            122.982539,
            10.660793
          ],
          [
            122.982897,
            10.660795
          ],
          [
            122.982958,
            10.660795
          ],
          [
            122.98309,
            10.660795
          ],
          [
            122.983454,
            10.6608
          ],
          [
            122.983651,
            10.660803
          ],
          [
            122.984213,
            10.660812
          ],
          [
            122.984684,
            10.66082
          ],
          [
            122.984825,
            10.660822
          ],
          [
            122.984855,
            10.660822
          ],
          [
            122.985155,
            10.660823
          ],
          [
            122.985222,
            10.660823
          ],
          [
            122.985447,
            10.660823
          ],
          [
            122.985742,
            10.660824
          ],
          [
            122.985809,
            10.660824
          ],
          [
            122.985963,
            10.660824
          ],
          [
            122.985963,
            10.662197
          ],
          [
            122.985988,
            10.663595
          ],
          [
            122.986013,
            10.663945
          ],
          [
            122.986013,
            10.664043
          ],
          [
            122.986021,
            10.66443
          ],
          [
            122.986017,
            10.66449
          ],
          [
            122.986012,
            10.664545
          ],
          [
            122.985995,
            10.664721
          ],
          [
            122.985902,
            10.665606
          ],
          [
            122.98588,
            10.666201
          ],
          [
            122.98588,
            10.666599
          ],
          [
            122.985876,
            10.666813
          ],
          [
            122.985865,
            10.667839
          ],
          [
            122.985874,
            10.668044
          ],
          [
            122.9859,
            10.668247
          ],
          [
            122.986004,
            10.668518
          ],
          [
            122.986074,
            10.668625
          ],
          [
            122.98614,
            10.66872
          ],
          [
            122.986287,
            10.668874
          ],
          [
            122.98649,
            10.669014
          ],
          [
            122.986851,
            10.669278
          ],
          [
            122.987095,
            10.669529
          ],
          [
            122.987223,
            10.66968
          ],
          [
            122.987355,
            10.669845
          ],
          [
            122.98744,
            10.67003
          ],
          [
            122.987547,
            10.670337
          ],
          [
            122.98764,
            10.67061
          ],
          [
            122.987732,
            10.670866
          ],
          [
            122.98776,
            10.67096
          ],
          [
            122.988232,
            10.670785
          ],
          [
            122.988266,
            10.670847
          ],
          [
            122.988327,
            10.670906
          ],
          [
            122.988475,
            10.671015
          ],
          [
            122.988559,
            10.671079
          ],
          [
            122.988668,
            10.671156
          ],
          [
            122.988746,
            10.67122
          ],
          [
            122.988803,
            10.671163
          ],
          [
            122.988875,
            10.671109
          ],
          [
            122.989015,
            10.671025
          ],
          [
            122.989446,
            10.670766
          ],
          [
            122.989543,
            10.670717
          ],
          [
            122.989424,
            10.67053
          ],
          [
            122.989307,
            10.670371
          ],
          [
            122.989253,
            10.670298
          ],
          [
            122.989049,
            10.670424
          ],
          [
            122.988899,
            10.670514
          ],
          [
            122.988778,
            10.670595
          ],
          [
            122.988615,
            10.670664
          ],
          [
            122.98854,
            10.670701
          ],
          [
            122.988389,
            10.670746
          ],
          [
            122.988232,
            10.670785
          ],
          [
            122.98776,
            10.67096
          ],
          [
            122.987732,
            10.670866
          ],
          [
            122.98764,
            10.67061
          ],
          [
            122.987547,
            10.670337
          ],
          [
            122.98744,
            10.67003
          ],
          [
            122.987355,
            10.669845
          ],
          [
            122.987223,
            10.66968
          ],
          [
            122.987095,
            10.669529
          ],
          [
            122.986851,
            10.669278
          ],
          [
            122.98649,
            10.669014
          ],
          [
            122.986287,
            10.668874
          ],
          [
            122.98614,
            10.66872
          ],
          [
            122.986074,
            10.668625
          ],
          [
            122.986004,
            10.668518
          ],
          [
            122.9859,
            10.668247
          ],
          [
            122.985874,
            10.668044
          ],
          [
            122.985865,
            10.667839
          ],
          [
            122.985876,
            10.666813
          ],
          [
            122.98588,
            10.666599
          ],
          [
            122.98588,
            10.666201
          ],
          [
            122.985902,
            10.665606
          ],
          [
            122.985995,
            10.664721
          ],
          [
            122.986012,
            10.664545
          ],
          [
            122.986017,
            10.66449
          ],
          [
            122.986021,
            10.66443
          ],
          [
            122.986013,
            10.664043
          ],
          [
            122.986013,
            10.663945
          ],
          [
            122.985988,
            10.663595
          ],
          [
            122.985963,
            10.662197
          ],
          [
            122.985963,
            10.660824
          ],
          [
            122.986064,
            10.660826
          ],
          [
            122.986332,
            10.660829
          ],
          [
            122.986872,
            10.660844
          ],
          [
            122.987023,
            10.660845
          ],
          [
            122.988169,
            10.660849
          ],
          [
            122.988988,
            10.660857
          ],
          [
            122.989377,
            10.660863
          ],
          [
            122.989413,
            10.660864
          ],
          [
            122.989454,
            10.660864
          ],
          [
            122.989951,
            10.660868
          ],
          [
            122.99068,
            10.660872
          ],
          [
            122.990932,
            10.660874
          ],
          [
            122.991109,
            10.660876
          ],
          [
            122.991759,
            10.660882
          ],
          [
            122.991807,
            10.660883
          ],
          [
            122.991935,
            10.660884
          ],
          [
            122.992204,
            10.660887
          ],
          [
            122.993592,
            10.660907
          ],
          [
            122.993709,
            10.660908
          ],
          [
            122.993939,
            10.660912
          ],
          [
            122.99421,
            10.660915
          ],
          [
            122.994399,
            10.660918
          ],
          [
            122.995156,
            10.660929
          ],
          [
            122.995704,
            10.660936
          ],
          [
            122.995686,
            10.661538
          ],
          [
            122.995673,
            10.661953
          ],
          [
            122.99566,
            10.66241
          ],
          [
            122.995646,
            10.662852
          ],
          [
            122.997303,
            10.662898
          ],
          [
            122.997375,
            10.663032
          ],
          [
            122.997404,
            10.663048
          ],
          [
            122.997427,
            10.66305
          ],
          [
            122.997461,
            10.663051
          ],
          [
            122.997484,
            10.663055
          ],
          [
            122.997522,
            10.663074
          ],
          [
            122.997552,
            10.663092
          ],
          [
            122.997583,
            10.663117
          ],
          [
            122.997613,
            10.663135
          ],
          [
            122.99763,
            10.663142
          ],
          [
            122.997649,
            10.663144
          ],
          [
            122.997702,
            10.663138
          ],
          [
            122.998011,
            10.663154
          ],
          [
            122.998225,
            10.663219
          ],
          [
            122.998335,
            10.663253
          ],
          [
            122.998405,
            10.663303
          ],
          [
            122.998416,
            10.66332
          ],
          [
            122.99845,
            10.663373
          ],
          [
            122.998465,
            10.663446
          ],
          [
            122.998452,
            10.663551
          ],
          [
            122.998397,
            10.663654
          ],
          [
            122.998285,
            10.663792
          ],
          [
            122.998248,
            10.663849
          ],
          [
            122.998239,
            10.663927
          ],
          [
            122.998319,
            10.664488
          ],
          [
            122.998386,
            10.664679
          ],
          [
            122.998402,
            10.664754
          ],
          [
            122.998417,
            10.664825
          ],
          [
            122.998472,
            10.665131
          ],
          [
            122.998597,
            10.665693
          ],
          [
            122.998721,
            10.666249
          ],
          [
            122.998752,
            10.666481
          ],
          [
            122.998822,
            10.666644
          ],
          [
            122.998858,
            10.666702
          ],
          [
            122.999225,
            10.667011
          ],
          [
            122.998858,
            10.666702
          ],
          [
            122.998822,
            10.666644
          ],
          [
            122.998752,
            10.666481
          ],
          [
            122.998721,
            10.666249
          ],
          [
            122.998597,
            10.665693
          ],
          [
            122.998472,
            10.665131
          ],
          [
            122.998417,
            10.664825
          ],
          [
            122.998402,
            10.664754
          ],
          [
            122.998386,
            10.664679
          ],
          [
            122.998319,
            10.664488
          ],
          [
            122.998239,
            10.663927
          ],
          [
            122.998248,
            10.663849
          ],
          [
            122.998285,
            10.663792
          ],
          [
            122.998397,
            10.663654
          ],
          [
            122.998452,
            10.663551
          ],
          [
            122.998465,
            10.663446
          ],
          [
            122.99845,
            10.663373
          ],
          [
            122.998405,
            10.663303
          ],
          [
            122.998335,
            10.663253
          ],
          [
            122.998225,
            10.663219
          ],
          [
            122.998011,
            10.663154
          ],
          [
            122.997702,
            10.663138
          ],
          [
            122.997649,
            10.663144
          ],
          [
            122.99763,
            10.663142
          ],
          [
            122.997613,
            10.663135
          ],
          [
            122.997583,
            10.663117
          ],
          [
            122.997552,
            10.663092
          ],
          [
            122.997522,
            10.663074
          ],
          [
            122.997484,
            10.663055
          ],
          [
            122.997461,
            10.663051
          ],
          [
            122.997427,
            10.66305
          ],
          [
            122.997404,
            10.663048
          ],
          [
            122.997375,
            10.663032
          ],
          [
            122.997303,
            10.662898
          ],
          [
            122.99734,
            10.662899
          ],
          [
            122.997384,
            10.662895
          ],
          [
            122.99742,
            10.662863
          ],
          [
            122.997433,
            10.662426
          ],
          [
            122.997406,
            10.661979
          ],
          [
            122.997408,
            10.661529
          ],
          [
            122.998973,
            10.661539
          ],
          [
            122.998995,
            10.660976
          ],
          [
            122.999277,
            10.66097
          ],
          [
            122.999558,
            10.661001
          ],
          [
            122.999786,
            10.66106
          ],
          [
            123.000898,
            10.661454
          ],
          [
            123.001015,
            10.661504
          ],
          [
            123.001261,
            10.661608
          ],
          [
            123.001365,
            10.661653
          ],
          [
            123.002731,
            10.662243
          ],
          [
            123.002812,
            10.662278
          ],
          [
            123.002847,
            10.662292
          ],
          [
            123.003933,
            10.662728
          ],
          [
            123.004855,
            10.663114
          ],
          [
            123.005043,
            10.663193
          ],
          [
            123.006313,
            10.663638
          ],
          [
            123.006387,
            10.663665
          ],
          [
            123.006523,
            10.663702
          ],
          [
            123.007128,
            10.663868
          ],
          [
            123.007924,
            10.664046
          ],
          [
            123.008307,
            10.664132
          ],
          [
            123.008864,
            10.664252
          ],
          [
            123.009938,
            10.664491
          ],
          [
            123.01004,
            10.66451
          ],
          [
            123.010764,
            10.664654
          ],
          [
            123.011407,
            10.664763
          ],
          [
            123.01265,
            10.664921
          ],
          [
            123.013124,
            10.664971
          ],
          [
            123.013174,
            10.664976
          ],
          [
            123.014727,
            10.665115
          ],
          [
            123.015536,
            10.665165
          ],
          [
            123.016094,
            10.665197
          ],
          [
            123.016933,
            10.665261
          ],
          [
            123.016989,
            10.665266
          ],
          [
            123.018063,
            10.665345
          ],
          [
            123.018908,
            10.665406
          ],
          [
            123.019012,
            10.665412
          ],
          [
            123.019687,
            10.665448
          ],
          [
            123.019655,
            10.665838
          ],
          [
            123.019624,
            10.666199
          ],
          [
            123.01961,
            10.66642
          ],
          [
            123.019596,
            10.666632
          ],
          [
            123.019582,
            10.666848
          ],
          [
            123.019568,
            10.667056
          ],
          [
            123.019554,
            10.667272
          ],
          [
            123.01954,
            10.667489
          ],
          [
            123.019526,
            10.667706
          ],
          [
            123.019511,
            10.667929
          ],
          [
            123.019508,
            10.667983
          ],
          [
            123.019498,
            10.668127
          ],
          [
            123.01948,
            10.668408
          ],
          [
            123.019293,
            10.668429
          ],
          [
            123.019216,
            10.668438
          ],
          [
            123.019047,
            10.668459
          ],
          [
            123.019129,
            10.668789
          ],
          [
            123.01914,
            10.66883
          ],
          [
            123.019442,
            10.669976
          ],
          [
            123.019681,
            10.669904
          ],
          [
            123.019394,
            10.668799
          ],
          [
            123.019293,
            10.668429
          ],
          [
            123.01948,
            10.668408
          ],
          [
            123.019498,
            10.668127
          ],
          [
            123.019508,
            10.667983
          ],
          [
            123.019511,
            10.667929
          ],
          [
            123.019526,
            10.667706
          ],
          [
            123.01954,
            10.667489
          ],
          [
            123.019554,
            10.667272
          ],
          [
            123.019568,
            10.667056
          ],
          [
            123.019582,
            10.666848
          ],
          [
            123.019596,
            10.666632
          ],
          [
            123.01961,
            10.66642
          ],
          [
            123.019624,
            10.666199
          ],
          [
            123.019655,
            10.665838
          ],
          [
            123.019687,
            10.665448
          ],
          [
            123.0198,
            10.665453
          ],
          [
            123.020959,
            10.66552
          ],
          [
            123.021137,
            10.665533
          ],
          [
            123.022319,
            10.665614
          ],
          [
            123.022627,
            10.665635
          ],
          [
            123.023022,
            10.665662
          ],
          [
            123.025726,
            10.665835
          ],
          [
            123.026067,
            10.665856
          ],
          [
            123.026402,
            10.665874
          ],
          [
            123.027759,
            10.665963
          ],
          [
            123.028436,
            10.666005
          ],
          [
            123.029111,
            10.666054
          ],
          [
            123.029636,
            10.666091
          ],
          [
            123.030793,
            10.666165
          ],
          [
            123.031181,
            10.666193
          ],
          [
            123.031461,
            10.6662
          ],
          [
            123.032048,
            10.666187
          ],
          [
            123.032461,
            10.666166
          ],
          [
            123.03324,
            10.666106
          ],
          [
            123.03388,
            10.666051
          ],
          [
            123.034539,
            10.665974
          ],
          [
            123.034999,
            10.665869
          ],
          [
            123.035556,
            10.665761
          ],
          [
            123.036388,
            10.665603
          ],
          [
            123.036219,
            10.664668
          ],
          [
            123.036043,
            10.663782
          ],
          [
            123.036002,
            10.663592
          ],
          [
            123.036016,
            10.663504
          ],
          [
            123.035999,
            10.663392
          ],
          [
            123.035958,
            10.663326
          ],
          [
            123.03589,
            10.663264
          ],
          [
            123.035706,
            10.663152
          ],
          [
            123.035667,
            10.663127
          ],
          [
            123.035635,
            10.663092
          ],
          [
            123.035622,
            10.663046
          ],
          [
            123.035629,
            10.662999
          ],
          [
            123.035638,
            10.662961
          ],
          [
            123.035688,
            10.662896
          ],
          [
            123.035819,
            10.662762
          ],
          [
            123.035888,
            10.662695
          ],
          [
            123.035942,
            10.662638
          ],
          [
            123.035988,
            10.662623
          ],
          [
            123.036061,
            10.662604
          ],
          [
            123.036137,
            10.662598
          ],
          [
            123.036186,
            10.662606
          ],
          [
            123.03626,
            10.662646
          ],
          [
            123.036568,
            10.66264
          ],
          [
            123.03682,
            10.662646
          ],
          [
            123.036845,
            10.662646
          ],
          [
            123.037098,
            10.662648
          ],
          [
            123.037325,
            10.66261
          ],
          [
            123.037379,
            10.66261
          ],
          [
            123.037593,
            10.66256
          ],
          [
            123.037659,
            10.662547
          ],
          [
            123.037827,
            10.662513
          ],
          [
            123.038058,
            10.662468
          ],
          [
            123.038171,
            10.662448
          ],
          [
            123.038298,
            10.662419
          ],
          [
            123.038422,
            10.662397
          ],
          [
            123.038542,
            10.662366
          ],
          [
            123.038758,
            10.662327
          ],
          [
            123.03898,
            10.662309
          ],
          [
            123.039059,
            10.662296
          ],
          [
            123.039121,
            10.662285
          ],
          [
            123.039231,
            10.662265
          ],
          [
            123.039268,
            10.662258
          ],
          [
            123.039454,
            10.662222
          ],
          [
            123.039539,
            10.662203
          ],
          [
            123.039683,
            10.662176
          ],
          [
            123.039816,
            10.662154
          ],
          [
            123.039936,
            10.66212
          ],
          [
            123.040096,
            10.662092
          ],
          [
            123.040158,
            10.662087
          ],
          [
            123.040295,
            10.662063
          ],
          [
            123.040402,
            10.662043
          ],
          [
            123.040619,
            10.661994
          ],
          [
            123.040864,
            10.661941
          ],
          [
            123.041107,
            10.661899
          ],
          [
            123.041348,
            10.661843
          ],
          [
            123.041582,
            10.661789
          ],
          [
            123.041808,
            10.661737
          ],
          [
            123.041959,
            10.661699
          ],
          [
            123.042034,
            10.66167
          ],
          [
            123.042162,
            10.661558
          ],
          [
            123.042197,
            10.661455
          ],
          [
            123.042225,
            10.661408
          ],
          [
            123.042268,
            10.661365
          ],
          [
            123.042333,
            10.661302
          ],
          [
            123.042405,
            10.661283
          ],
          [
            123.042726,
            10.66098
          ],
          [
            123.042763,
            10.660949
          ],
          [
            123.042817,
            10.660934
          ],
          [
            123.042856,
            10.660924
          ],
          [
            123.042889,
            10.660901
          ],
          [
            123.04294,
            10.660853
          ],
          [
            123.043056,
            10.660708
          ],
          [
            123.043155,
            10.660629
          ],
          [
            123.043277,
            10.660553
          ],
          [
            123.043421,
            10.660486
          ],
          [
            123.043577,
            10.660423
          ],
          [
            123.045529,
            10.659621
          ],
          [
            123.045352,
            10.659417
          ],
          [
            123.045282,
            10.659295
          ],
          [
            123.045258,
            10.659171
          ],
          [
            123.045392,
            10.6588
          ],
          [
            123.045744,
            10.658409
          ],
          [
            123.046276,
            10.658383
          ],
          [
            123.046549,
            10.658341
          ],
          [
            123.046707,
            10.658336
          ],
          [
            123.046937,
            10.658359
          ],
          [
            123.047058,
            10.658352
          ],
          [
            123.04726,
            10.658346
          ],
          [
            123.047466,
            10.658312
          ],
          [
            123.047627,
            10.658277
          ]
        ],
        "type": "LineString"
      }
    },
    {
      "type": "Feature",
      "properties": {
        "number": 19,
        "id": "alangilan-burgos",
        "name": "Alangilan \u2013 Burgos",
        "color": "#68731b",
        "status": "inferred_from_lptrp_anchors",
        "distance_km": 41.29,
        "anchors": [
          {
            "id": "alangilan",
            "name": "Alangilan",
            "lng": 123.07795,
            "lat": 10.66109
          },
          {
            "id": "granada",
            "name": "Granada",
            "lng": 123.04775,
            "lat": 10.65883
          },
          {
            "id": "san_dionisio",
            "name": "San Dionisio",
            "lng": 123.01914,
            "lat": 10.66883
          },
          {
            "id": "estefania",
            "name": "Estefania",
            "lng": 122.99832,
            "lat": 10.66338
          },
          {
            "id": "montalban",
            "name": "Montalban",
            "lng": 122.989,
            "lat": 10.671
          },
          {
            "id": "burgos_market",
            "name": "Burgos Market",
            "lng": 122.95498,
            "lat": 10.66892
          }
        ],
        "return_anchors": [],
        "mode": "uv_express"
      },
      "geometry": {
        "coordinates": [
          [
            123.077929,
            10.661226
          ],
          [
            123.077396,
            10.661146
          ],
          [
            123.077283,
            10.660711
          ],
          [
            123.076713,
            10.66066
          ],
          [
            123.076667,
            10.660657
          ],
          [
            123.076621,
            10.660657
          ],
          [
            123.07644,
            10.660658
          ],
          [
            123.076258,
            10.660697
          ],
          [
            123.076137,
            10.660753
          ],
          [
            123.07591,
            10.660891
          ],
          [
            123.075745,
            10.661007
          ],
          [
            123.075455,
            10.660859
          ],
          [
            123.075165,
            10.660771
          ],
          [
            123.074827,
            10.660702
          ],
          [
            123.07446,
            10.660623
          ],
          [
            123.074309,
            10.660596
          ],
          [
            123.074177,
            10.660534
          ],
          [
            123.074012,
            10.660489
          ],
          [
            123.073811,
            10.660431
          ],
          [
            123.073709,
            10.660388
          ],
          [
            123.073553,
            10.660352
          ],
          [
            123.073422,
            10.660354
          ],
          [
            123.07331,
            10.660357
          ],
          [
            123.073127,
            10.660408
          ],
          [
            123.07289,
            10.660439
          ],
          [
            123.072704,
            10.660446
          ],
          [
            123.07257,
            10.660446
          ],
          [
            123.072396,
            10.660455
          ],
          [
            123.072291,
            10.660472
          ],
          [
            123.071827,
            10.660601
          ],
          [
            123.070987,
            10.660841
          ],
          [
            123.070932,
            10.660692
          ],
          [
            123.07091,
            10.660526
          ],
          [
            123.070885,
            10.660161
          ],
          [
            123.070799,
            10.659707
          ],
          [
            123.070786,
            10.659664
          ],
          [
            123.070757,
            10.659631
          ],
          [
            123.07067,
            10.659594
          ],
          [
            123.070301,
            10.659516
          ],
          [
            123.069884,
            10.659455
          ],
          [
            123.069537,
            10.65939
          ],
          [
            123.068764,
            10.65927
          ],
          [
            123.068358,
            10.659211
          ],
          [
            123.067762,
            10.659093
          ],
          [
            123.06726,
            10.658975
          ],
          [
            123.066834,
            10.658856
          ],
          [
            123.06658,
            10.65878
          ],
          [
            123.066486,
            10.658748
          ],
          [
            123.066498,
            10.658659
          ],
          [
            123.066535,
            10.65851
          ],
          [
            123.066554,
            10.658409
          ],
          [
            123.066632,
            10.65824
          ],
          [
            123.066736,
            10.65811
          ],
          [
            123.066832,
            10.658006
          ],
          [
            123.066964,
            10.65785
          ],
          [
            123.067011,
            10.65772
          ],
          [
            123.067024,
            10.657629
          ],
          [
            123.067024,
            10.657498
          ],
          [
            123.066989,
            10.657147
          ],
          [
            123.066954,
            10.656862
          ],
          [
            123.066927,
            10.656801
          ],
          [
            123.06638,
            10.656322
          ],
          [
            123.066225,
            10.656164
          ],
          [
            123.066133,
            10.656041
          ],
          [
            123.0659,
            10.656079
          ],
          [
            123.06577,
            10.656115
          ],
          [
            123.06565,
            10.656179
          ],
          [
            123.06551,
            10.656219
          ],
          [
            123.065385,
            10.656219
          ],
          [
            123.065204,
            10.656204
          ],
          [
            123.064936,
            10.656201
          ],
          [
            123.064742,
            10.656204
          ],
          [
            123.064417,
            10.656171
          ],
          [
            123.064348,
            10.656173
          ],
          [
            123.064113,
            10.656179
          ],
          [
            123.063931,
            10.656181
          ],
          [
            123.063711,
            10.656212
          ],
          [
            123.063469,
            10.656288
          ],
          [
            123.063264,
            10.656309
          ],
          [
            123.063059,
            10.656283
          ],
          [
            123.062833,
            10.656253
          ],
          [
            123.062623,
            10.656255
          ],
          [
            123.062319,
            10.65636
          ],
          [
            123.062046,
            10.65651
          ],
          [
            123.061716,
            10.656617
          ],
          [
            123.061472,
            10.656671
          ],
          [
            123.060891,
            10.656732
          ],
          [
            123.060127,
            10.65688
          ],
          [
            123.059488,
            10.657074
          ],
          [
            123.059098,
            10.657129
          ],
          [
            123.0584,
            10.657268
          ],
          [
            123.058243,
            10.657273
          ],
          [
            123.057933,
            10.657299
          ],
          [
            123.057496,
            10.65732
          ],
          [
            123.057207,
            10.657358
          ],
          [
            123.057042,
            10.657384
          ],
          [
            123.056897,
            10.657459
          ],
          [
            123.056721,
            10.657561
          ],
          [
            123.056541,
            10.657648
          ],
          [
            123.056314,
            10.657755
          ],
          [
            123.056181,
            10.657806
          ],
          [
            123.055987,
            10.657877
          ],
          [
            123.055816,
            10.657946
          ],
          [
            123.055638,
            10.658009
          ],
          [
            123.05546,
            10.658072
          ],
          [
            123.055252,
            10.658173
          ],
          [
            123.05497,
            10.658293
          ],
          [
            123.05473,
            10.658382
          ],
          [
            123.054314,
            10.658462
          ],
          [
            123.054077,
            10.658481
          ],
          [
            123.053884,
            10.658547
          ],
          [
            123.053788,
            10.658536
          ],
          [
            123.053713,
            10.658514
          ],
          [
            123.053615,
            10.65849
          ],
          [
            123.053516,
            10.658469
          ],
          [
            123.053337,
            10.658461
          ],
          [
            123.053146,
            10.658457
          ],
          [
            123.053007,
            10.658463
          ],
          [
            123.052425,
            10.658463
          ],
          [
            123.051943,
            10.658462
          ],
          [
            123.051654,
            10.658468
          ],
          [
            123.051356,
            10.658495
          ],
          [
            123.051012,
            10.658519
          ],
          [
            123.05056,
            10.658511
          ],
          [
            123.050239,
            10.65853
          ],
          [
            123.050216,
            10.658514
          ],
          [
            123.050203,
            10.658487
          ],
          [
            123.049496,
            10.658417
          ],
          [
            123.049023,
            10.658375
          ],
          [
            123.04884,
            10.658335
          ],
          [
            123.048644,
            10.65833
          ],
          [
            123.048404,
            10.658319
          ],
          [
            123.048228,
            10.658284
          ],
          [
            123.048054,
            10.658226
          ],
          [
            123.0479,
            10.658222
          ],
          [
            123.047666,
            10.658269
          ],
          [
            123.047627,
            10.658277
          ],
          [
            123.047466,
            10.658312
          ],
          [
            123.04726,
            10.658346
          ],
          [
            123.047058,
            10.658352
          ],
          [
            123.046937,
            10.658359
          ],
          [
            123.046707,
            10.658336
          ],
          [
            123.046549,
            10.658341
          ],
          [
            123.046276,
            10.658383
          ],
          [
            123.045744,
            10.658409
          ],
          [
            123.045392,
            10.6588
          ],
          [
            123.045258,
            10.659171
          ],
          [
            123.045282,
            10.659295
          ],
          [
            123.045352,
            10.659417
          ],
          [
            123.045529,
            10.659621
          ],
          [
            123.043577,
            10.660423
          ],
          [
            123.043421,
            10.660486
          ],
          [
            123.043277,
            10.660553
          ],
          [
            123.043155,
            10.660629
          ],
          [
            123.043056,
            10.660708
          ],
          [
            123.04294,
            10.660853
          ],
          [
            123.042889,
            10.660901
          ],
          [
            123.042856,
            10.660924
          ],
          [
            123.042817,
            10.660934
          ],
          [
            123.042763,
            10.660949
          ],
          [
            123.042726,
            10.66098
          ],
          [
            123.042405,
            10.661283
          ],
          [
            123.042394,
            10.661357
          ],
          [
            123.042357,
            10.661407
          ],
          [
            123.04227,
            10.661493
          ],
          [
            123.042162,
            10.661558
          ],
          [
            123.042034,
            10.66167
          ],
          [
            123.041959,
            10.661699
          ],
          [
            123.041808,
            10.661737
          ],
          [
            123.041582,
            10.661789
          ],
          [
            123.041348,
            10.661843
          ],
          [
            123.041107,
            10.661899
          ],
          [
            123.040864,
            10.661941
          ],
          [
            123.040619,
            10.661994
          ],
          [
            123.040402,
            10.662043
          ],
          [
            123.040295,
            10.662063
          ],
          [
            123.040158,
            10.662087
          ],
          [
            123.040096,
            10.662092
          ],
          [
            123.039936,
            10.66212
          ],
          [
            123.039816,
            10.662154
          ],
          [
            123.039683,
            10.662176
          ],
          [
            123.039539,
            10.662203
          ],
          [
            123.039454,
            10.662222
          ],
          [
            123.039268,
            10.662258
          ],
          [
            123.039231,
            10.662265
          ],
          [
            123.039121,
            10.662285
          ],
          [
            123.039059,
            10.662296
          ],
          [
            123.03898,
            10.662309
          ],
          [
            123.038758,
            10.662327
          ],
          [
            123.038542,
            10.662366
          ],
          [
            123.038422,
            10.662397
          ],
          [
            123.038298,
            10.662419
          ],
          [
            123.038171,
            10.662448
          ],
          [
            123.038058,
            10.662468
          ],
          [
            123.037827,
            10.662513
          ],
          [
            123.037659,
            10.662547
          ],
          [
            123.037593,
            10.66256
          ],
          [
            123.037379,
            10.66261
          ],
          [
            123.037325,
            10.66261
          ],
          [
            123.037098,
            10.662648
          ],
          [
            123.036845,
            10.662646
          ],
          [
            123.03682,
            10.662646
          ],
          [
            123.036568,
            10.66264
          ],
          [
            123.03626,
            10.662646
          ],
          [
            123.036202,
            10.662679
          ],
          [
            123.036138,
            10.662696
          ],
          [
            123.036068,
            10.662705
          ],
          [
            123.035975,
            10.662721
          ],
          [
            123.035942,
            10.662713
          ],
          [
            123.035888,
            10.662695
          ],
          [
            123.035819,
            10.662762
          ],
          [
            123.035688,
            10.662896
          ],
          [
            123.035638,
            10.662961
          ],
          [
            123.035629,
            10.662999
          ],
          [
            123.035622,
            10.663046
          ],
          [
            123.035635,
            10.663092
          ],
          [
            123.035667,
            10.663127
          ],
          [
            123.035706,
            10.663152
          ],
          [
            123.03589,
            10.663264
          ],
          [
            123.035958,
            10.663326
          ],
          [
            123.035999,
            10.663392
          ],
          [
            123.036016,
            10.663504
          ],
          [
            123.036002,
            10.663592
          ],
          [
            123.036043,
            10.663782
          ],
          [
            123.036219,
            10.664668
          ],
          [
            123.036388,
            10.665603
          ],
          [
            123.035556,
            10.665761
          ],
          [
            123.034999,
            10.665869
          ],
          [
            123.034539,
            10.665974
          ],
          [
            123.03388,
            10.666051
          ],
          [
            123.03324,
            10.666106
          ],
          [
            123.032461,
            10.666166
          ],
          [
            123.032048,
            10.666187
          ],
          [
            123.031461,
            10.6662
          ],
          [
            123.031181,
            10.666193
          ],
          [
            123.030793,
            10.666165
          ],
          [
            123.029636,
            10.666091
          ],
          [
            123.029111,
            10.666054
          ],
          [
            123.028436,
            10.666005
          ],
          [
            123.027759,
            10.665963
          ],
          [
            123.026402,
            10.665874
          ],
          [
            123.026067,
            10.665856
          ],
          [
            123.025726,
            10.665835
          ],
          [
            123.023022,
            10.665662
          ],
          [
            123.022627,
            10.665635
          ],
          [
            123.022319,
            10.665614
          ],
          [
            123.021137,
            10.665533
          ],
          [
            123.020959,
            10.66552
          ],
          [
            123.0198,
            10.665453
          ],
          [
            123.019687,
            10.665448
          ],
          [
            123.019655,
            10.665838
          ],
          [
            123.019624,
            10.666199
          ],
          [
            123.01961,
            10.66642
          ],
          [
            123.019596,
            10.666632
          ],
          [
            123.019582,
            10.666848
          ],
          [
            123.019568,
            10.667056
          ],
          [
            123.019554,
            10.667272
          ],
          [
            123.01954,
            10.667489
          ],
          [
            123.019526,
            10.667706
          ],
          [
            123.019511,
            10.667929
          ],
          [
            123.019508,
            10.667983
          ],
          [
            123.019498,
            10.668127
          ],
          [
            123.01948,
            10.668408
          ],
          [
            123.019293,
            10.668429
          ],
          [
            123.019216,
            10.668438
          ],
          [
            123.019047,
            10.668459
          ],
          [
            123.019129,
            10.668789
          ],
          [
            123.01914,
            10.66883
          ],
          [
            123.019442,
            10.669976
          ],
          [
            123.019681,
            10.669904
          ],
          [
            123.019394,
            10.668799
          ],
          [
            123.019293,
            10.668429
          ],
          [
            123.01948,
            10.668408
          ],
          [
            123.019498,
            10.668127
          ],
          [
            123.019508,
            10.667983
          ],
          [
            123.019511,
            10.667929
          ],
          [
            123.019526,
            10.667706
          ],
          [
            123.01954,
            10.667489
          ],
          [
            123.019554,
            10.667272
          ],
          [
            123.019568,
            10.667056
          ],
          [
            123.019582,
            10.666848
          ],
          [
            123.019596,
            10.666632
          ],
          [
            123.01961,
            10.66642
          ],
          [
            123.019624,
            10.666199
          ],
          [
            123.019655,
            10.665838
          ],
          [
            123.019687,
            10.665448
          ],
          [
            123.019012,
            10.665412
          ],
          [
            123.018908,
            10.665406
          ],
          [
            123.018063,
            10.665345
          ],
          [
            123.016989,
            10.665266
          ],
          [
            123.016933,
            10.665261
          ],
          [
            123.016094,
            10.665197
          ],
          [
            123.015536,
            10.665165
          ],
          [
            123.014727,
            10.665115
          ],
          [
            123.013174,
            10.664976
          ],
          [
            123.013124,
            10.664971
          ],
          [
            123.01265,
            10.664921
          ],
          [
            123.011407,
            10.664763
          ],
          [
            123.010764,
            10.664654
          ],
          [
            123.01004,
            10.66451
          ],
          [
            123.009938,
            10.664491
          ],
          [
            123.008864,
            10.664252
          ],
          [
            123.008307,
            10.664132
          ],
          [
            123.007924,
            10.664046
          ],
          [
            123.007128,
            10.663868
          ],
          [
            123.006523,
            10.663702
          ],
          [
            123.006387,
            10.663665
          ],
          [
            123.006313,
            10.663638
          ],
          [
            123.005043,
            10.663193
          ],
          [
            123.004855,
            10.663114
          ],
          [
            123.003933,
            10.662728
          ],
          [
            123.002847,
            10.662292
          ],
          [
            123.002812,
            10.662278
          ],
          [
            123.002731,
            10.662243
          ],
          [
            123.001365,
            10.661653
          ],
          [
            123.001261,
            10.661608
          ],
          [
            123.001015,
            10.661504
          ],
          [
            123.000898,
            10.661454
          ],
          [
            122.999786,
            10.66106
          ],
          [
            122.999558,
            10.661001
          ],
          [
            122.999277,
            10.66097
          ],
          [
            122.998995,
            10.660976
          ],
          [
            122.998973,
            10.661539
          ],
          [
            122.997408,
            10.661529
          ],
          [
            122.997406,
            10.661979
          ],
          [
            122.997433,
            10.662426
          ],
          [
            122.99742,
            10.662863
          ],
          [
            122.997384,
            10.662895
          ],
          [
            122.99734,
            10.662899
          ],
          [
            122.997303,
            10.662898
          ],
          [
            122.997375,
            10.663032
          ],
          [
            122.997404,
            10.663048
          ],
          [
            122.997427,
            10.66305
          ],
          [
            122.997461,
            10.663051
          ],
          [
            122.997484,
            10.663055
          ],
          [
            122.997522,
            10.663074
          ],
          [
            122.997552,
            10.663092
          ],
          [
            122.997583,
            10.663117
          ],
          [
            122.997613,
            10.663135
          ],
          [
            122.99763,
            10.663142
          ],
          [
            122.997649,
            10.663144
          ],
          [
            122.997702,
            10.663138
          ],
          [
            122.998011,
            10.663154
          ],
          [
            122.998225,
            10.663219
          ],
          [
            122.998335,
            10.663253
          ],
          [
            122.998405,
            10.663303
          ],
          [
            122.998416,
            10.66332
          ],
          [
            122.99845,
            10.663373
          ],
          [
            122.998465,
            10.663446
          ],
          [
            122.998452,
            10.663551
          ],
          [
            122.998397,
            10.663654
          ],
          [
            122.998285,
            10.663792
          ],
          [
            122.998248,
            10.663849
          ],
          [
            122.998239,
            10.663927
          ],
          [
            122.998319,
            10.664488
          ],
          [
            122.998386,
            10.664679
          ],
          [
            122.998402,
            10.664754
          ],
          [
            122.998417,
            10.664825
          ],
          [
            122.998472,
            10.665131
          ],
          [
            122.998597,
            10.665693
          ],
          [
            122.998721,
            10.666249
          ],
          [
            122.998752,
            10.666481
          ],
          [
            122.998822,
            10.666644
          ],
          [
            122.998858,
            10.666702
          ],
          [
            122.999225,
            10.667011
          ],
          [
            122.998858,
            10.666702
          ],
          [
            122.998822,
            10.666644
          ],
          [
            122.998752,
            10.666481
          ],
          [
            122.998721,
            10.666249
          ],
          [
            122.998597,
            10.665693
          ],
          [
            122.998472,
            10.665131
          ],
          [
            122.998417,
            10.664825
          ],
          [
            122.998402,
            10.664754
          ],
          [
            122.998386,
            10.664679
          ],
          [
            122.998319,
            10.664488
          ],
          [
            122.998239,
            10.663927
          ],
          [
            122.998248,
            10.663849
          ],
          [
            122.998285,
            10.663792
          ],
          [
            122.998397,
            10.663654
          ],
          [
            122.998452,
            10.663551
          ],
          [
            122.998465,
            10.663446
          ],
          [
            122.99845,
            10.663373
          ],
          [
            122.998405,
            10.663303
          ],
          [
            122.998335,
            10.663253
          ],
          [
            122.998225,
            10.663219
          ],
          [
            122.998011,
            10.663154
          ],
          [
            122.997702,
            10.663138
          ],
          [
            122.997649,
            10.663144
          ],
          [
            122.99763,
            10.663142
          ],
          [
            122.997613,
            10.663135
          ],
          [
            122.997583,
            10.663117
          ],
          [
            122.997552,
            10.663092
          ],
          [
            122.997522,
            10.663074
          ],
          [
            122.997484,
            10.663055
          ],
          [
            122.997461,
            10.663051
          ],
          [
            122.997427,
            10.66305
          ],
          [
            122.997404,
            10.663048
          ],
          [
            122.997375,
            10.663032
          ],
          [
            122.997303,
            10.662898
          ],
          [
            122.995646,
            10.662852
          ],
          [
            122.99566,
            10.66241
          ],
          [
            122.995673,
            10.661953
          ],
          [
            122.995686,
            10.661538
          ],
          [
            122.995704,
            10.660936
          ],
          [
            122.995156,
            10.660929
          ],
          [
            122.994399,
            10.660918
          ],
          [
            122.99421,
            10.660915
          ],
          [
            122.993939,
            10.660912
          ],
          [
            122.993709,
            10.660908
          ],
          [
            122.993592,
            10.660907
          ],
          [
            122.992204,
            10.660887
          ],
          [
            122.991935,
            10.660884
          ],
          [
            122.991807,
            10.660883
          ],
          [
            122.991759,
            10.660882
          ],
          [
            122.991109,
            10.660876
          ],
          [
            122.990932,
            10.660874
          ],
          [
            122.99068,
            10.660872
          ],
          [
            122.989951,
            10.660868
          ],
          [
            122.989454,
            10.660864
          ],
          [
            122.989413,
            10.660864
          ],
          [
            122.989377,
            10.660863
          ],
          [
            122.988988,
            10.660857
          ],
          [
            122.988169,
            10.660849
          ],
          [
            122.987023,
            10.660845
          ],
          [
            122.986872,
            10.660844
          ],
          [
            122.986332,
            10.660829
          ],
          [
            122.986064,
            10.660826
          ],
          [
            122.985963,
            10.660824
          ],
          [
            122.985963,
            10.662197
          ],
          [
            122.985988,
            10.663595
          ],
          [
            122.986013,
            10.663945
          ],
          [
            122.986013,
            10.664043
          ],
          [
            122.986021,
            10.66443
          ],
          [
            122.986017,
            10.66449
          ],
          [
            122.986012,
            10.664545
          ],
          [
            122.985995,
            10.664721
          ],
          [
            122.985902,
            10.665606
          ],
          [
            122.98588,
            10.666201
          ],
          [
            122.98588,
            10.666599
          ],
          [
            122.985876,
            10.666813
          ],
          [
            122.985865,
            10.667839
          ],
          [
            122.985874,
            10.668044
          ],
          [
            122.9859,
            10.668247
          ],
          [
            122.986004,
            10.668518
          ],
          [
            122.986074,
            10.668625
          ],
          [
            122.98614,
            10.66872
          ],
          [
            122.986287,
            10.668874
          ],
          [
            122.98649,
            10.669014
          ],
          [
            122.986851,
            10.669278
          ],
          [
            122.987095,
            10.669529
          ],
          [
            122.987223,
            10.66968
          ],
          [
            122.987355,
            10.669845
          ],
          [
            122.98744,
            10.67003
          ],
          [
            122.987547,
            10.670337
          ],
          [
            122.98764,
            10.67061
          ],
          [
            122.987732,
            10.670866
          ],
          [
            122.98776,
            10.67096
          ],
          [
            122.988232,
            10.670785
          ],
          [
            122.988266,
            10.670847
          ],
          [
            122.988327,
            10.670906
          ],
          [
            122.988475,
            10.671015
          ],
          [
            122.988559,
            10.671079
          ],
          [
            122.988668,
            10.671156
          ],
          [
            122.988746,
            10.67122
          ],
          [
            122.988803,
            10.671163
          ],
          [
            122.988875,
            10.671109
          ],
          [
            122.989015,
            10.671025
          ],
          [
            122.989446,
            10.670766
          ],
          [
            122.989543,
            10.670717
          ],
          [
            122.989424,
            10.67053
          ],
          [
            122.989307,
            10.670371
          ],
          [
            122.989253,
            10.670298
          ],
          [
            122.989049,
            10.670424
          ],
          [
            122.988899,
            10.670514
          ],
          [
            122.988778,
            10.670595
          ],
          [
            122.988615,
            10.670664
          ],
          [
            122.98854,
            10.670701
          ],
          [
            122.988389,
            10.670746
          ],
          [
            122.988232,
            10.670785
          ],
          [
            122.98776,
            10.67096
          ],
          [
            122.987732,
            10.670866
          ],
          [
            122.98764,
            10.67061
          ],
          [
            122.987547,
            10.670337
          ],
          [
            122.98744,
            10.67003
          ],
          [
            122.987355,
            10.669845
          ],
          [
            122.987223,
            10.66968
          ],
          [
            122.987095,
            10.669529
          ],
          [
            122.986851,
            10.669278
          ],
          [
            122.98649,
            10.669014
          ],
          [
            122.986287,
            10.668874
          ],
          [
            122.98614,
            10.66872
          ],
          [
            122.986074,
            10.668625
          ],
          [
            122.986004,
            10.668518
          ],
          [
            122.9859,
            10.668247
          ],
          [
            122.985874,
            10.668044
          ],
          [
            122.985865,
            10.667839
          ],
          [
            122.985876,
            10.666813
          ],
          [
            122.98588,
            10.666599
          ],
          [
            122.98588,
            10.666201
          ],
          [
            122.985902,
            10.665606
          ],
          [
            122.985995,
            10.664721
          ],
          [
            122.986012,
            10.664545
          ],
          [
            122.986017,
            10.66449
          ],
          [
            122.986021,
            10.66443
          ],
          [
            122.986013,
            10.664043
          ],
          [
            122.986013,
            10.663945
          ],
          [
            122.985988,
            10.663595
          ],
          [
            122.985963,
            10.662197
          ],
          [
            122.985963,
            10.660824
          ],
          [
            122.985809,
            10.660824
          ],
          [
            122.985742,
            10.660824
          ],
          [
            122.985447,
            10.660823
          ],
          [
            122.985222,
            10.660823
          ],
          [
            122.985155,
            10.660823
          ],
          [
            122.984855,
            10.660822
          ],
          [
            122.984825,
            10.660822
          ],
          [
            122.984684,
            10.66082
          ],
          [
            122.984213,
            10.660812
          ],
          [
            122.983651,
            10.660803
          ],
          [
            122.983454,
            10.6608
          ],
          [
            122.98309,
            10.660795
          ],
          [
            122.982958,
            10.660795
          ],
          [
            122.982897,
            10.660795
          ],
          [
            122.982539,
            10.660793
          ],
          [
            122.981831,
            10.66078
          ],
          [
            122.98095,
            10.660764
          ],
          [
            122.980634,
            10.660759
          ],
          [
            122.980549,
            10.660759
          ],
          [
            122.980049,
            10.660758
          ],
          [
            122.979796,
            10.660758
          ],
          [
            122.979676,
            10.660758
          ],
          [
            122.979535,
            10.660758
          ],
          [
            122.979476,
            10.660756
          ],
          [
            122.979346,
            10.660756
          ],
          [
            122.979224,
            10.660756
          ],
          [
            122.979175,
            10.660755
          ],
          [
            122.978331,
            10.660748
          ],
          [
            122.977299,
            10.66073
          ],
          [
            122.977197,
            10.660728
          ],
          [
            122.976548,
            10.660739
          ],
          [
            122.976479,
            10.66075
          ],
          [
            122.976415,
            10.660768
          ],
          [
            122.976186,
            10.660842
          ],
          [
            122.976084,
            10.660876
          ],
          [
            122.975729,
            10.661003
          ],
          [
            122.975554,
            10.661073
          ],
          [
            122.975273,
            10.661184
          ],
          [
            122.974952,
            10.661311
          ],
          [
            122.974832,
            10.661358
          ],
          [
            122.97455,
            10.661465
          ],
          [
            122.973717,
            10.661773
          ],
          [
            122.973664,
            10.661792
          ],
          [
            122.973182,
            10.661961
          ],
          [
            122.973104,
            10.661988
          ],
          [
            122.973014,
            10.662021
          ],
          [
            122.972815,
            10.662094
          ],
          [
            122.972638,
            10.662161
          ],
          [
            122.972406,
            10.662247
          ],
          [
            122.97234,
            10.662272
          ],
          [
            122.972017,
            10.662408
          ],
          [
            122.971892,
            10.66246
          ],
          [
            122.971279,
            10.662714
          ],
          [
            122.970372,
            10.663099
          ],
          [
            122.970306,
            10.663127
          ],
          [
            122.970009,
            10.663249
          ],
          [
            122.969226,
            10.663594
          ],
          [
            122.968782,
            10.663768
          ],
          [
            122.968242,
            10.663999
          ],
          [
            122.967889,
            10.66415
          ],
          [
            122.967701,
            10.664229
          ],
          [
            122.967553,
            10.664293
          ],
          [
            122.967367,
            10.664373
          ],
          [
            122.967214,
            10.664436
          ],
          [
            122.967101,
            10.664483
          ],
          [
            122.967035,
            10.66451
          ],
          [
            122.966928,
            10.664555
          ],
          [
            122.96689,
            10.664569
          ],
          [
            122.96653,
            10.664729
          ],
          [
            122.965149,
            10.665313
          ],
          [
            122.964659,
            10.665527
          ],
          [
            122.964497,
            10.665597
          ],
          [
            122.964172,
            10.665736
          ],
          [
            122.963837,
            10.665876
          ],
          [
            122.963701,
            10.665937
          ],
          [
            122.96333,
            10.666096
          ],
          [
            122.963187,
            10.666161
          ],
          [
            122.962699,
            10.666369
          ],
          [
            122.962212,
            10.666575
          ],
          [
            122.961522,
            10.66687
          ],
          [
            122.9612,
            10.667008
          ],
          [
            122.960977,
            10.667105
          ],
          [
            122.96091,
            10.667132
          ],
          [
            122.96055,
            10.667286
          ],
          [
            122.960187,
            10.667442
          ],
          [
            122.95939,
            10.667782
          ],
          [
            122.95927,
            10.667834
          ],
          [
            122.958493,
            10.668185
          ],
          [
            122.957805,
            10.668464
          ],
          [
            122.957661,
            10.668527
          ],
          [
            122.956887,
            10.668854
          ],
          [
            122.956697,
            10.668426
          ],
          [
            122.956512,
            10.668009
          ],
          [
            122.956317,
            10.66757
          ],
          [
            122.955664,
            10.667851
          ],
          [
            122.955481,
            10.66792
          ],
          [
            122.955048,
            10.668074
          ],
          [
            122.954339,
            10.668357
          ],
          [
            122.954646,
            10.669061
          ],
          [
            122.954887,
            10.669613
          ],
          [
            122.954909,
            10.669707
          ],
          [
            122.955033,
            10.669659
          ],
          [
            122.955176,
            10.66959
          ],
          [
            122.955531,
            10.669437
          ],
          [
            122.955585,
            10.669414
          ],
          [
            122.955635,
            10.669391
          ],
          [
            122.955671,
            10.669379
          ],
          [
            122.955773,
            10.669334
          ],
          [
            122.956072,
            10.669203
          ],
          [
            122.956424,
            10.669052
          ],
          [
            122.956763,
            10.668909
          ],
          [
            122.956887,
            10.668854
          ],
          [
            122.957661,
            10.668527
          ],
          [
            122.957805,
            10.668464
          ],
          [
            122.958493,
            10.668185
          ],
          [
            122.95927,
            10.667834
          ],
          [
            122.95939,
            10.667782
          ],
          [
            122.960187,
            10.667442
          ],
          [
            122.96055,
            10.667286
          ],
          [
            122.96091,
            10.667132
          ],
          [
            122.960977,
            10.667105
          ],
          [
            122.9612,
            10.667008
          ],
          [
            122.961522,
            10.66687
          ],
          [
            122.962212,
            10.666575
          ],
          [
            122.962699,
            10.666369
          ],
          [
            122.963187,
            10.666161
          ],
          [
            122.96333,
            10.666096
          ],
          [
            122.963701,
            10.665937
          ],
          [
            122.963837,
            10.665876
          ],
          [
            122.964172,
            10.665736
          ],
          [
            122.964497,
            10.665597
          ],
          [
            122.964659,
            10.665527
          ],
          [
            122.965149,
            10.665313
          ],
          [
            122.96653,
            10.664729
          ],
          [
            122.96689,
            10.664569
          ],
          [
            122.966928,
            10.664555
          ],
          [
            122.967035,
            10.66451
          ],
          [
            122.967101,
            10.664483
          ],
          [
            122.967214,
            10.664436
          ],
          [
            122.967367,
            10.664373
          ],
          [
            122.967553,
            10.664293
          ],
          [
            122.967701,
            10.664229
          ],
          [
            122.967889,
            10.66415
          ],
          [
            122.968242,
            10.663999
          ],
          [
            122.968782,
            10.663768
          ],
          [
            122.969226,
            10.663594
          ],
          [
            122.970009,
            10.663249
          ],
          [
            122.970306,
            10.663127
          ],
          [
            122.970372,
            10.663099
          ],
          [
            122.971279,
            10.662714
          ],
          [
            122.971892,
            10.66246
          ],
          [
            122.972017,
            10.662408
          ],
          [
            122.97234,
            10.662272
          ],
          [
            122.972406,
            10.662247
          ],
          [
            122.972638,
            10.662161
          ],
          [
            122.972815,
            10.662094
          ],
          [
            122.973014,
            10.662021
          ],
          [
            122.973104,
            10.661988
          ],
          [
            122.973182,
            10.661961
          ],
          [
            122.973664,
            10.661792
          ],
          [
            122.973717,
            10.661773
          ],
          [
            122.97455,
            10.661465
          ],
          [
            122.974832,
            10.661358
          ],
          [
            122.974952,
            10.661311
          ],
          [
            122.975273,
            10.661184
          ],
          [
            122.975554,
            10.661073
          ],
          [
            122.975729,
            10.661003
          ],
          [
            122.976084,
            10.660876
          ],
          [
            122.976186,
            10.660842
          ],
          [
            122.976415,
            10.660768
          ],
          [
            122.976479,
            10.66075
          ],
          [
            122.976548,
            10.660739
          ],
          [
            122.977197,
            10.660728
          ],
          [
            122.977299,
            10.66073
          ],
          [
            122.978331,
            10.660748
          ],
          [
            122.979175,
            10.660755
          ],
          [
            122.979224,
            10.660756
          ],
          [
            122.979346,
            10.660756
          ],
          [
            122.979476,
            10.660756
          ],
          [
            122.979535,
            10.660758
          ],
          [
            122.979676,
            10.660758
          ],
          [
            122.979796,
            10.660758
          ],
          [
            122.980049,
            10.660758
          ],
          [
            122.980549,
            10.660759
          ],
          [
            122.980634,
            10.660759
          ],
          [
            122.98095,
            10.660764
          ],
          [
            122.981831,
            10.66078
          ],
          [
            122.982539,
            10.660793
          ],
          [
            122.982897,
            10.660795
          ],
          [
            122.982958,
            10.660795
          ],
          [
            122.98309,
            10.660795
          ],
          [
            122.983454,
            10.6608
          ],
          [
            122.983651,
            10.660803
          ],
          [
            122.984213,
            10.660812
          ],
          [
            122.984684,
            10.66082
          ],
          [
            122.984825,
            10.660822
          ],
          [
            122.984855,
            10.660822
          ],
          [
            122.985155,
            10.660823
          ],
          [
            122.985222,
            10.660823
          ],
          [
            122.985447,
            10.660823
          ],
          [
            122.985742,
            10.660824
          ],
          [
            122.985809,
            10.660824
          ],
          [
            122.985963,
            10.660824
          ],
          [
            122.985963,
            10.662197
          ],
          [
            122.985988,
            10.663595
          ],
          [
            122.986013,
            10.663945
          ],
          [
            122.986013,
            10.664043
          ],
          [
            122.986021,
            10.66443
          ],
          [
            122.986017,
            10.66449
          ],
          [
            122.986012,
            10.664545
          ],
          [
            122.985995,
            10.664721
          ],
          [
            122.985902,
            10.665606
          ],
          [
            122.98588,
            10.666201
          ],
          [
            122.98588,
            10.666599
          ],
          [
            122.985876,
            10.666813
          ],
          [
            122.985865,
            10.667839
          ],
          [
            122.985874,
            10.668044
          ],
          [
            122.9859,
            10.668247
          ],
          [
            122.986004,
            10.668518
          ],
          [
            122.986074,
            10.668625
          ],
          [
            122.98614,
            10.66872
          ],
          [
            122.986287,
            10.668874
          ],
          [
            122.98649,
            10.669014
          ],
          [
            122.986851,
            10.669278
          ],
          [
            122.987095,
            10.669529
          ],
          [
            122.987223,
            10.66968
          ],
          [
            122.987355,
            10.669845
          ],
          [
            122.98744,
            10.67003
          ],
          [
            122.987547,
            10.670337
          ],
          [
            122.98764,
            10.67061
          ],
          [
            122.987732,
            10.670866
          ],
          [
            122.98776,
            10.67096
          ],
          [
            122.988232,
            10.670785
          ],
          [
            122.988266,
            10.670847
          ],
          [
            122.988327,
            10.670906
          ],
          [
            122.988475,
            10.671015
          ],
          [
            122.988559,
            10.671079
          ],
          [
            122.988668,
            10.671156
          ],
          [
            122.988746,
            10.67122
          ],
          [
            122.988803,
            10.671163
          ],
          [
            122.988875,
            10.671109
          ],
          [
            122.989015,
            10.671025
          ],
          [
            122.989446,
            10.670766
          ],
          [
            122.989543,
            10.670717
          ],
          [
            122.989424,
            10.67053
          ],
          [
            122.989307,
            10.670371
          ],
          [
            122.989253,
            10.670298
          ],
          [
            122.989049,
            10.670424
          ],
          [
            122.988899,
            10.670514
          ],
          [
            122.988778,
            10.670595
          ],
          [
            122.988615,
            10.670664
          ],
          [
            122.98854,
            10.670701
          ],
          [
            122.988389,
            10.670746
          ],
          [
            122.988232,
            10.670785
          ],
          [
            122.98776,
            10.67096
          ],
          [
            122.987732,
            10.670866
          ],
          [
            122.98764,
            10.67061
          ],
          [
            122.987547,
            10.670337
          ],
          [
            122.98744,
            10.67003
          ],
          [
            122.987355,
            10.669845
          ],
          [
            122.987223,
            10.66968
          ],
          [
            122.987095,
            10.669529
          ],
          [
            122.986851,
            10.669278
          ],
          [
            122.98649,
            10.669014
          ],
          [
            122.986287,
            10.668874
          ],
          [
            122.98614,
            10.66872
          ],
          [
            122.986074,
            10.668625
          ],
          [
            122.986004,
            10.668518
          ],
          [
            122.9859,
            10.668247
          ],
          [
            122.985874,
            10.668044
          ],
          [
            122.985865,
            10.667839
          ],
          [
            122.985876,
            10.666813
          ],
          [
            122.98588,
            10.666599
          ],
          [
            122.98588,
            10.666201
          ],
          [
            122.985902,
            10.665606
          ],
          [
            122.985995,
            10.664721
          ],
          [
            122.986012,
            10.664545
          ],
          [
            122.986017,
            10.66449
          ],
          [
            122.986021,
            10.66443
          ],
          [
            122.986013,
            10.664043
          ],
          [
            122.986013,
            10.663945
          ],
          [
            122.985988,
            10.663595
          ],
          [
            122.985963,
            10.662197
          ],
          [
            122.985963,
            10.660824
          ],
          [
            122.986064,
            10.660826
          ],
          [
            122.986332,
            10.660829
          ],
          [
            122.986872,
            10.660844
          ],
          [
            122.987023,
            10.660845
          ],
          [
            122.988169,
            10.660849
          ],
          [
            122.988988,
            10.660857
          ],
          [
            122.989377,
            10.660863
          ],
          [
            122.989413,
            10.660864
          ],
          [
            122.989454,
            10.660864
          ],
          [
            122.989951,
            10.660868
          ],
          [
            122.99068,
            10.660872
          ],
          [
            122.990932,
            10.660874
          ],
          [
            122.991109,
            10.660876
          ],
          [
            122.991759,
            10.660882
          ],
          [
            122.991807,
            10.660883
          ],
          [
            122.991935,
            10.660884
          ],
          [
            122.992204,
            10.660887
          ],
          [
            122.993592,
            10.660907
          ],
          [
            122.993709,
            10.660908
          ],
          [
            122.993939,
            10.660912
          ],
          [
            122.99421,
            10.660915
          ],
          [
            122.994399,
            10.660918
          ],
          [
            122.995156,
            10.660929
          ],
          [
            122.995704,
            10.660936
          ],
          [
            122.995686,
            10.661538
          ],
          [
            122.995673,
            10.661953
          ],
          [
            122.99566,
            10.66241
          ],
          [
            122.995646,
            10.662852
          ],
          [
            122.997303,
            10.662898
          ],
          [
            122.997375,
            10.663032
          ],
          [
            122.997404,
            10.663048
          ],
          [
            122.997427,
            10.66305
          ],
          [
            122.997461,
            10.663051
          ],
          [
            122.997484,
            10.663055
          ],
          [
            122.997522,
            10.663074
          ],
          [
            122.997552,
            10.663092
          ],
          [
            122.997583,
            10.663117
          ],
          [
            122.997613,
            10.663135
          ],
          [
            122.99763,
            10.663142
          ],
          [
            122.997649,
            10.663144
          ],
          [
            122.997702,
            10.663138
          ],
          [
            122.998011,
            10.663154
          ],
          [
            122.998225,
            10.663219
          ],
          [
            122.998335,
            10.663253
          ],
          [
            122.998405,
            10.663303
          ],
          [
            122.998416,
            10.66332
          ],
          [
            122.99845,
            10.663373
          ],
          [
            122.998465,
            10.663446
          ],
          [
            122.998452,
            10.663551
          ],
          [
            122.998397,
            10.663654
          ],
          [
            122.998285,
            10.663792
          ],
          [
            122.998248,
            10.663849
          ],
          [
            122.998239,
            10.663927
          ],
          [
            122.998319,
            10.664488
          ],
          [
            122.998386,
            10.664679
          ],
          [
            122.998402,
            10.664754
          ],
          [
            122.998417,
            10.664825
          ],
          [
            122.998472,
            10.665131
          ],
          [
            122.998597,
            10.665693
          ],
          [
            122.998721,
            10.666249
          ],
          [
            122.998752,
            10.666481
          ],
          [
            122.998822,
            10.666644
          ],
          [
            122.998858,
            10.666702
          ],
          [
            122.999225,
            10.667011
          ],
          [
            122.998858,
            10.666702
          ],
          [
            122.998822,
            10.666644
          ],
          [
            122.998752,
            10.666481
          ],
          [
            122.998721,
            10.666249
          ],
          [
            122.998597,
            10.665693
          ],
          [
            122.998472,
            10.665131
          ],
          [
            122.998417,
            10.664825
          ],
          [
            122.998402,
            10.664754
          ],
          [
            122.998386,
            10.664679
          ],
          [
            122.998319,
            10.664488
          ],
          [
            122.998239,
            10.663927
          ],
          [
            122.998248,
            10.663849
          ],
          [
            122.998285,
            10.663792
          ],
          [
            122.998397,
            10.663654
          ],
          [
            122.998452,
            10.663551
          ],
          [
            122.998465,
            10.663446
          ],
          [
            122.99845,
            10.663373
          ],
          [
            122.998405,
            10.663303
          ],
          [
            122.998335,
            10.663253
          ],
          [
            122.998225,
            10.663219
          ],
          [
            122.998011,
            10.663154
          ],
          [
            122.997702,
            10.663138
          ],
          [
            122.997649,
            10.663144
          ],
          [
            122.99763,
            10.663142
          ],
          [
            122.997613,
            10.663135
          ],
          [
            122.997583,
            10.663117
          ],
          [
            122.997552,
            10.663092
          ],
          [
            122.997522,
            10.663074
          ],
          [
            122.997484,
            10.663055
          ],
          [
            122.997461,
            10.663051
          ],
          [
            122.997427,
            10.66305
          ],
          [
            122.997404,
            10.663048
          ],
          [
            122.997375,
            10.663032
          ],
          [
            122.997303,
            10.662898
          ],
          [
            122.99734,
            10.662899
          ],
          [
            122.997384,
            10.662895
          ],
          [
            122.99742,
            10.662863
          ],
          [
            122.997433,
            10.662426
          ],
          [
            122.997406,
            10.661979
          ],
          [
            122.997408,
            10.661529
          ],
          [
            122.998973,
            10.661539
          ],
          [
            122.998995,
            10.660976
          ],
          [
            122.999277,
            10.66097
          ],
          [
            122.999558,
            10.661001
          ],
          [
            122.999786,
            10.66106
          ],
          [
            123.000898,
            10.661454
          ],
          [
            123.001015,
            10.661504
          ],
          [
            123.001261,
            10.661608
          ],
          [
            123.001365,
            10.661653
          ],
          [
            123.002731,
            10.662243
          ],
          [
            123.002812,
            10.662278
          ],
          [
            123.002847,
            10.662292
          ],
          [
            123.003933,
            10.662728
          ],
          [
            123.004855,
            10.663114
          ],
          [
            123.005043,
            10.663193
          ],
          [
            123.006313,
            10.663638
          ],
          [
            123.006387,
            10.663665
          ],
          [
            123.006523,
            10.663702
          ],
          [
            123.007128,
            10.663868
          ],
          [
            123.007924,
            10.664046
          ],
          [
            123.008307,
            10.664132
          ],
          [
            123.008864,
            10.664252
          ],
          [
            123.009938,
            10.664491
          ],
          [
            123.01004,
            10.66451
          ],
          [
            123.010764,
            10.664654
          ],
          [
            123.011407,
            10.664763
          ],
          [
            123.01265,
            10.664921
          ],
          [
            123.013124,
            10.664971
          ],
          [
            123.013174,
            10.664976
          ],
          [
            123.014727,
            10.665115
          ],
          [
            123.015536,
            10.665165
          ],
          [
            123.016094,
            10.665197
          ],
          [
            123.016933,
            10.665261
          ],
          [
            123.016989,
            10.665266
          ],
          [
            123.018063,
            10.665345
          ],
          [
            123.018908,
            10.665406
          ],
          [
            123.019012,
            10.665412
          ],
          [
            123.019687,
            10.665448
          ],
          [
            123.019655,
            10.665838
          ],
          [
            123.019624,
            10.666199
          ],
          [
            123.01961,
            10.66642
          ],
          [
            123.019596,
            10.666632
          ],
          [
            123.019582,
            10.666848
          ],
          [
            123.019568,
            10.667056
          ],
          [
            123.019554,
            10.667272
          ],
          [
            123.01954,
            10.667489
          ],
          [
            123.019526,
            10.667706
          ],
          [
            123.019511,
            10.667929
          ],
          [
            123.019508,
            10.667983
          ],
          [
            123.019498,
            10.668127
          ],
          [
            123.01948,
            10.668408
          ],
          [
            123.019293,
            10.668429
          ],
          [
            123.019216,
            10.668438
          ],
          [
            123.019047,
            10.668459
          ],
          [
            123.019129,
            10.668789
          ],
          [
            123.01914,
            10.66883
          ],
          [
            123.019442,
            10.669976
          ],
          [
            123.019681,
            10.669904
          ],
          [
            123.019394,
            10.668799
          ],
          [
            123.019293,
            10.668429
          ],
          [
            123.01948,
            10.668408
          ],
          [
            123.019498,
            10.668127
          ],
          [
            123.019508,
            10.667983
          ],
          [
            123.019511,
            10.667929
          ],
          [
            123.019526,
            10.667706
          ],
          [
            123.01954,
            10.667489
          ],
          [
            123.019554,
            10.667272
          ],
          [
            123.019568,
            10.667056
          ],
          [
            123.019582,
            10.666848
          ],
          [
            123.019596,
            10.666632
          ],
          [
            123.01961,
            10.66642
          ],
          [
            123.019624,
            10.666199
          ],
          [
            123.019655,
            10.665838
          ],
          [
            123.019687,
            10.665448
          ],
          [
            123.0198,
            10.665453
          ],
          [
            123.020959,
            10.66552
          ],
          [
            123.021137,
            10.665533
          ],
          [
            123.022319,
            10.665614
          ],
          [
            123.022627,
            10.665635
          ],
          [
            123.023022,
            10.665662
          ],
          [
            123.025726,
            10.665835
          ],
          [
            123.026067,
            10.665856
          ],
          [
            123.026402,
            10.665874
          ],
          [
            123.027759,
            10.665963
          ],
          [
            123.028436,
            10.666005
          ],
          [
            123.029111,
            10.666054
          ],
          [
            123.029636,
            10.666091
          ],
          [
            123.030793,
            10.666165
          ],
          [
            123.031181,
            10.666193
          ],
          [
            123.031461,
            10.6662
          ],
          [
            123.032048,
            10.666187
          ],
          [
            123.032461,
            10.666166
          ],
          [
            123.03324,
            10.666106
          ],
          [
            123.03388,
            10.666051
          ],
          [
            123.034539,
            10.665974
          ],
          [
            123.034999,
            10.665869
          ],
          [
            123.035556,
            10.665761
          ],
          [
            123.036388,
            10.665603
          ],
          [
            123.036219,
            10.664668
          ],
          [
            123.036043,
            10.663782
          ],
          [
            123.036002,
            10.663592
          ],
          [
            123.036016,
            10.663504
          ],
          [
            123.035999,
            10.663392
          ],
          [
            123.035958,
            10.663326
          ],
          [
            123.03589,
            10.663264
          ],
          [
            123.035706,
            10.663152
          ],
          [
            123.035667,
            10.663127
          ],
          [
            123.035635,
            10.663092
          ],
          [
            123.035622,
            10.663046
          ],
          [
            123.035629,
            10.662999
          ],
          [
            123.035638,
            10.662961
          ],
          [
            123.035688,
            10.662896
          ],
          [
            123.035819,
            10.662762
          ],
          [
            123.035888,
            10.662695
          ],
          [
            123.035942,
            10.662638
          ],
          [
            123.035988,
            10.662623
          ],
          [
            123.036061,
            10.662604
          ],
          [
            123.036137,
            10.662598
          ],
          [
            123.036186,
            10.662606
          ],
          [
            123.03626,
            10.662646
          ],
          [
            123.036568,
            10.66264
          ],
          [
            123.03682,
            10.662646
          ],
          [
            123.036845,
            10.662646
          ],
          [
            123.037098,
            10.662648
          ],
          [
            123.037325,
            10.66261
          ],
          [
            123.037379,
            10.66261
          ],
          [
            123.037593,
            10.66256
          ],
          [
            123.037659,
            10.662547
          ],
          [
            123.037827,
            10.662513
          ],
          [
            123.038058,
            10.662468
          ],
          [
            123.038171,
            10.662448
          ],
          [
            123.038298,
            10.662419
          ],
          [
            123.038422,
            10.662397
          ],
          [
            123.038542,
            10.662366
          ],
          [
            123.038758,
            10.662327
          ],
          [
            123.03898,
            10.662309
          ],
          [
            123.039059,
            10.662296
          ],
          [
            123.039121,
            10.662285
          ],
          [
            123.039231,
            10.662265
          ],
          [
            123.039268,
            10.662258
          ],
          [
            123.039454,
            10.662222
          ],
          [
            123.039539,
            10.662203
          ],
          [
            123.039683,
            10.662176
          ],
          [
            123.039816,
            10.662154
          ],
          [
            123.039936,
            10.66212
          ],
          [
            123.040096,
            10.662092
          ],
          [
            123.040158,
            10.662087
          ],
          [
            123.040295,
            10.662063
          ],
          [
            123.040402,
            10.662043
          ],
          [
            123.040619,
            10.661994
          ],
          [
            123.040864,
            10.661941
          ],
          [
            123.041107,
            10.661899
          ],
          [
            123.041348,
            10.661843
          ],
          [
            123.041582,
            10.661789
          ],
          [
            123.041808,
            10.661737
          ],
          [
            123.041959,
            10.661699
          ],
          [
            123.042034,
            10.66167
          ],
          [
            123.042162,
            10.661558
          ],
          [
            123.042197,
            10.661455
          ],
          [
            123.042225,
            10.661408
          ],
          [
            123.042268,
            10.661365
          ],
          [
            123.042333,
            10.661302
          ],
          [
            123.042405,
            10.661283
          ],
          [
            123.042726,
            10.66098
          ],
          [
            123.042763,
            10.660949
          ],
          [
            123.042817,
            10.660934
          ],
          [
            123.042856,
            10.660924
          ],
          [
            123.042889,
            10.660901
          ],
          [
            123.04294,
            10.660853
          ],
          [
            123.043056,
            10.660708
          ],
          [
            123.043155,
            10.660629
          ],
          [
            123.043277,
            10.660553
          ],
          [
            123.043421,
            10.660486
          ],
          [
            123.043577,
            10.660423
          ],
          [
            123.045529,
            10.659621
          ],
          [
            123.045352,
            10.659417
          ],
          [
            123.045282,
            10.659295
          ],
          [
            123.045258,
            10.659171
          ],
          [
            123.045392,
            10.6588
          ],
          [
            123.045744,
            10.658409
          ],
          [
            123.046276,
            10.658383
          ],
          [
            123.046549,
            10.658341
          ],
          [
            123.046707,
            10.658336
          ],
          [
            123.046937,
            10.658359
          ],
          [
            123.047058,
            10.658352
          ],
          [
            123.04726,
            10.658346
          ],
          [
            123.047466,
            10.658312
          ],
          [
            123.047627,
            10.658277
          ],
          [
            123.047666,
            10.658269
          ],
          [
            123.0479,
            10.658222
          ],
          [
            123.048054,
            10.658226
          ],
          [
            123.048228,
            10.658284
          ],
          [
            123.048404,
            10.658319
          ],
          [
            123.048644,
            10.65833
          ],
          [
            123.04884,
            10.658335
          ],
          [
            123.049023,
            10.658375
          ],
          [
            123.049496,
            10.658417
          ],
          [
            123.050203,
            10.658487
          ],
          [
            123.050216,
            10.658514
          ],
          [
            123.050239,
            10.65853
          ],
          [
            123.05056,
            10.658511
          ],
          [
            123.051012,
            10.658519
          ],
          [
            123.051356,
            10.658495
          ],
          [
            123.051654,
            10.658468
          ],
          [
            123.051943,
            10.658462
          ],
          [
            123.052425,
            10.658463
          ],
          [
            123.053007,
            10.658463
          ],
          [
            123.053146,
            10.658457
          ],
          [
            123.053337,
            10.658461
          ],
          [
            123.053516,
            10.658469
          ],
          [
            123.053615,
            10.65849
          ],
          [
            123.053713,
            10.658514
          ],
          [
            123.053788,
            10.658536
          ],
          [
            123.053884,
            10.658547
          ],
          [
            123.054077,
            10.658481
          ],
          [
            123.054314,
            10.658462
          ],
          [
            123.05473,
            10.658382
          ],
          [
            123.05497,
            10.658293
          ],
          [
            123.055252,
            10.658173
          ],
          [
            123.05546,
            10.658072
          ],
          [
            123.055638,
            10.658009
          ],
          [
            123.055816,
            10.657946
          ],
          [
            123.055987,
            10.657877
          ],
          [
            123.056181,
            10.657806
          ],
          [
            123.056314,
            10.657755
          ],
          [
            123.056541,
            10.657648
          ],
          [
            123.056721,
            10.657561
          ],
          [
            123.056897,
            10.657459
          ],
          [
            123.057042,
            10.657384
          ],
          [
            123.057207,
            10.657358
          ],
          [
            123.057496,
            10.65732
          ],
          [
            123.057933,
            10.657299
          ],
          [
            123.058243,
            10.657273
          ],
          [
            123.0584,
            10.657268
          ],
          [
            123.059098,
            10.657129
          ],
          [
            123.059488,
            10.657074
          ],
          [
            123.060127,
            10.65688
          ],
          [
            123.060891,
            10.656732
          ],
          [
            123.061472,
            10.656671
          ],
          [
            123.061716,
            10.656617
          ],
          [
            123.062046,
            10.65651
          ],
          [
            123.062319,
            10.65636
          ],
          [
            123.062623,
            10.656255
          ],
          [
            123.062833,
            10.656253
          ],
          [
            123.063059,
            10.656283
          ],
          [
            123.063264,
            10.656309
          ],
          [
            123.063469,
            10.656288
          ],
          [
            123.063711,
            10.656212
          ],
          [
            123.063931,
            10.656181
          ],
          [
            123.064113,
            10.656179
          ],
          [
            123.064348,
            10.656173
          ],
          [
            123.064417,
            10.656171
          ],
          [
            123.064742,
            10.656204
          ],
          [
            123.064936,
            10.656201
          ],
          [
            123.065204,
            10.656204
          ],
          [
            123.065385,
            10.656219
          ],
          [
            123.06551,
            10.656219
          ],
          [
            123.06565,
            10.656179
          ],
          [
            123.06577,
            10.656115
          ],
          [
            123.0659,
            10.656079
          ],
          [
            123.066133,
            10.656041
          ],
          [
            123.066225,
            10.656164
          ],
          [
            123.06638,
            10.656322
          ],
          [
            123.066927,
            10.656801
          ],
          [
            123.066954,
            10.656862
          ],
          [
            123.066989,
            10.657147
          ],
          [
            123.067024,
            10.657498
          ],
          [
            123.067024,
            10.657629
          ],
          [
            123.067011,
            10.65772
          ],
          [
            123.066964,
            10.65785
          ],
          [
            123.066832,
            10.658006
          ],
          [
            123.066736,
            10.65811
          ],
          [
            123.066632,
            10.65824
          ],
          [
            123.066554,
            10.658409
          ],
          [
            123.066535,
            10.65851
          ],
          [
            123.066498,
            10.658659
          ],
          [
            123.066486,
            10.658748
          ],
          [
            123.06658,
            10.65878
          ],
          [
            123.066834,
            10.658856
          ],
          [
            123.06726,
            10.658975
          ],
          [
            123.067762,
            10.659093
          ],
          [
            123.068358,
            10.659211
          ],
          [
            123.068764,
            10.65927
          ],
          [
            123.069537,
            10.65939
          ],
          [
            123.069884,
            10.659455
          ],
          [
            123.070301,
            10.659516
          ],
          [
            123.07067,
            10.659594
          ],
          [
            123.070757,
            10.659631
          ],
          [
            123.070786,
            10.659664
          ],
          [
            123.070799,
            10.659707
          ],
          [
            123.070885,
            10.660161
          ],
          [
            123.07091,
            10.660526
          ],
          [
            123.070932,
            10.660692
          ],
          [
            123.070987,
            10.660841
          ],
          [
            123.071827,
            10.660601
          ],
          [
            123.072291,
            10.660472
          ],
          [
            123.072396,
            10.660455
          ],
          [
            123.07257,
            10.660446
          ],
          [
            123.072704,
            10.660446
          ],
          [
            123.07289,
            10.660439
          ],
          [
            123.073127,
            10.660408
          ],
          [
            123.07331,
            10.660357
          ],
          [
            123.073422,
            10.660354
          ],
          [
            123.073553,
            10.660352
          ],
          [
            123.073709,
            10.660388
          ],
          [
            123.073811,
            10.660431
          ],
          [
            123.074012,
            10.660489
          ],
          [
            123.074177,
            10.660534
          ],
          [
            123.074309,
            10.660596
          ],
          [
            123.07446,
            10.660623
          ],
          [
            123.074827,
            10.660702
          ],
          [
            123.075165,
            10.660771
          ],
          [
            123.075455,
            10.660859
          ],
          [
            123.075745,
            10.661007
          ],
          [
            123.07591,
            10.660891
          ],
          [
            123.076137,
            10.660753
          ],
          [
            123.076258,
            10.660697
          ],
          [
            123.07644,
            10.660658
          ],
          [
            123.076621,
            10.660657
          ],
          [
            123.076667,
            10.660657
          ],
          [
            123.076713,
            10.66066
          ],
          [
            123.077283,
            10.660711
          ],
          [
            123.077396,
            10.661146
          ],
          [
            123.077929,
            10.661226
          ]
        ],
        "type": "LineString"
      }
    },
    {
      "type": "Feature",
      "properties": {
        "number": 20,
        "id": "san-dionisio-central-market",
        "name": "San Dionisio \u2013 Central Market Loop",
        "color": "#159a9c",
        "status": "inferred_from_lptrp_anchors",
        "distance_km": 27.34,
        "anchors": [
          {
            "id": "san_dionisio",
            "name": "San Dionisio",
            "lng": 123.01914,
            "lat": 10.66883
          },
          {
            "id": "estefania",
            "name": "Estefania",
            "lng": 122.99832,
            "lat": 10.66338
          },
          {
            "id": "montalban",
            "name": "Montalban",
            "lng": 122.989,
            "lat": 10.671
          },
          {
            "id": "burgos_market",
            "name": "Burgos Market",
            "lng": 122.95498,
            "lat": 10.66892
          },
          {
            "id": "central_market",
            "name": "Central Market",
            "lng": 122.94719,
            "lat": 10.66761
          }
        ],
        "return_anchors": [],
        "mode": "jeepney"
      },
      "geometry": {
        "coordinates": [
          [
            123.01914,
            10.66883
          ],
          [
            123.019129,
            10.668789
          ],
          [
            123.019047,
            10.668459
          ],
          [
            123.019216,
            10.668438
          ],
          [
            123.019293,
            10.668429
          ],
          [
            123.01948,
            10.668408
          ],
          [
            123.019498,
            10.668127
          ],
          [
            123.019508,
            10.667983
          ],
          [
            123.019511,
            10.667929
          ],
          [
            123.019526,
            10.667706
          ],
          [
            123.01954,
            10.667489
          ],
          [
            123.019554,
            10.667272
          ],
          [
            123.019568,
            10.667056
          ],
          [
            123.019582,
            10.666848
          ],
          [
            123.019596,
            10.666632
          ],
          [
            123.01961,
            10.66642
          ],
          [
            123.019624,
            10.666199
          ],
          [
            123.019655,
            10.665838
          ],
          [
            123.019687,
            10.665448
          ],
          [
            123.019012,
            10.665412
          ],
          [
            123.018908,
            10.665406
          ],
          [
            123.018063,
            10.665345
          ],
          [
            123.016989,
            10.665266
          ],
          [
            123.016933,
            10.665261
          ],
          [
            123.016094,
            10.665197
          ],
          [
            123.015536,
            10.665165
          ],
          [
            123.014727,
            10.665115
          ],
          [
            123.013174,
            10.664976
          ],
          [
            123.013124,
            10.664971
          ],
          [
            123.01265,
            10.664921
          ],
          [
            123.011407,
            10.664763
          ],
          [
            123.010764,
            10.664654
          ],
          [
            123.01004,
            10.66451
          ],
          [
            123.009938,
            10.664491
          ],
          [
            123.008864,
            10.664252
          ],
          [
            123.008307,
            10.664132
          ],
          [
            123.007924,
            10.664046
          ],
          [
            123.007128,
            10.663868
          ],
          [
            123.006523,
            10.663702
          ],
          [
            123.006387,
            10.663665
          ],
          [
            123.006313,
            10.663638
          ],
          [
            123.005043,
            10.663193
          ],
          [
            123.004855,
            10.663114
          ],
          [
            123.003933,
            10.662728
          ],
          [
            123.002847,
            10.662292
          ],
          [
            123.002812,
            10.662278
          ],
          [
            123.002731,
            10.662243
          ],
          [
            123.001365,
            10.661653
          ],
          [
            123.001261,
            10.661608
          ],
          [
            123.001015,
            10.661504
          ],
          [
            123.000898,
            10.661454
          ],
          [
            122.999786,
            10.66106
          ],
          [
            122.999558,
            10.661001
          ],
          [
            122.999277,
            10.66097
          ],
          [
            122.998995,
            10.660976
          ],
          [
            122.998973,
            10.661539
          ],
          [
            122.997408,
            10.661529
          ],
          [
            122.997406,
            10.661979
          ],
          [
            122.997433,
            10.662426
          ],
          [
            122.99742,
            10.662863
          ],
          [
            122.997384,
            10.662895
          ],
          [
            122.99734,
            10.662899
          ],
          [
            122.997303,
            10.662898
          ],
          [
            122.997375,
            10.663032
          ],
          [
            122.997404,
            10.663048
          ],
          [
            122.997427,
            10.66305
          ],
          [
            122.997461,
            10.663051
          ],
          [
            122.997484,
            10.663055
          ],
          [
            122.997522,
            10.663074
          ],
          [
            122.997552,
            10.663092
          ],
          [
            122.997583,
            10.663117
          ],
          [
            122.997613,
            10.663135
          ],
          [
            122.99763,
            10.663142
          ],
          [
            122.997649,
            10.663144
          ],
          [
            122.997702,
            10.663138
          ],
          [
            122.998011,
            10.663154
          ],
          [
            122.998225,
            10.663219
          ],
          [
            122.998335,
            10.663253
          ],
          [
            122.998405,
            10.663303
          ],
          [
            122.998416,
            10.66332
          ],
          [
            122.99845,
            10.663373
          ],
          [
            122.998465,
            10.663446
          ],
          [
            122.998452,
            10.663551
          ],
          [
            122.998397,
            10.663654
          ],
          [
            122.998285,
            10.663792
          ],
          [
            122.998248,
            10.663849
          ],
          [
            122.998239,
            10.663927
          ],
          [
            122.998319,
            10.664488
          ],
          [
            122.998386,
            10.664679
          ],
          [
            122.998402,
            10.664754
          ],
          [
            122.998417,
            10.664825
          ],
          [
            122.998472,
            10.665131
          ],
          [
            122.998597,
            10.665693
          ],
          [
            122.998721,
            10.666249
          ],
          [
            122.998752,
            10.666481
          ],
          [
            122.998822,
            10.666644
          ],
          [
            122.998858,
            10.666702
          ],
          [
            122.999225,
            10.667011
          ],
          [
            122.998858,
            10.666702
          ],
          [
            122.998822,
            10.666644
          ],
          [
            122.998752,
            10.666481
          ],
          [
            122.998721,
            10.666249
          ],
          [
            122.998597,
            10.665693
          ],
          [
            122.998472,
            10.665131
          ],
          [
            122.998417,
            10.664825
          ],
          [
            122.998402,
            10.664754
          ],
          [
            122.998386,
            10.664679
          ],
          [
            122.998319,
            10.664488
          ],
          [
            122.998239,
            10.663927
          ],
          [
            122.998248,
            10.663849
          ],
          [
            122.998285,
            10.663792
          ],
          [
            122.998397,
            10.663654
          ],
          [
            122.998452,
            10.663551
          ],
          [
            122.998465,
            10.663446
          ],
          [
            122.99845,
            10.663373
          ],
          [
            122.998405,
            10.663303
          ],
          [
            122.998335,
            10.663253
          ],
          [
            122.998225,
            10.663219
          ],
          [
            122.998011,
            10.663154
          ],
          [
            122.997702,
            10.663138
          ],
          [
            122.997649,
            10.663144
          ],
          [
            122.99763,
            10.663142
          ],
          [
            122.997613,
            10.663135
          ],
          [
            122.997583,
            10.663117
          ],
          [
            122.997552,
            10.663092
          ],
          [
            122.997522,
            10.663074
          ],
          [
            122.997484,
            10.663055
          ],
          [
            122.997461,
            10.663051
          ],
          [
            122.997427,
            10.66305
          ],
          [
            122.997404,
            10.663048
          ],
          [
            122.997375,
            10.663032
          ],
          [
            122.997303,
            10.662898
          ],
          [
            122.995646,
            10.662852
          ],
          [
            122.99566,
            10.66241
          ],
          [
            122.995673,
            10.661953
          ],
          [
            122.995686,
            10.661538
          ],
          [
            122.995704,
            10.660936
          ],
          [
            122.995156,
            10.660929
          ],
          [
            122.994399,
            10.660918
          ],
          [
            122.99421,
            10.660915
          ],
          [
            122.993939,
            10.660912
          ],
          [
            122.993709,
            10.660908
          ],
          [
            122.993592,
            10.660907
          ],
          [
            122.992204,
            10.660887
          ],
          [
            122.991935,
            10.660884
          ],
          [
            122.991807,
            10.660883
          ],
          [
            122.991759,
            10.660882
          ],
          [
            122.991109,
            10.660876
          ],
          [
            122.990932,
            10.660874
          ],
          [
            122.99068,
            10.660872
          ],
          [
            122.989951,
            10.660868
          ],
          [
            122.989454,
            10.660864
          ],
          [
            122.989413,
            10.660864
          ],
          [
            122.989377,
            10.660863
          ],
          [
            122.988988,
            10.660857
          ],
          [
            122.988169,
            10.660849
          ],
          [
            122.987023,
            10.660845
          ],
          [
            122.986872,
            10.660844
          ],
          [
            122.986332,
            10.660829
          ],
          [
            122.986064,
            10.660826
          ],
          [
            122.985963,
            10.660824
          ],
          [
            122.985963,
            10.662197
          ],
          [
            122.985988,
            10.663595
          ],
          [
            122.986013,
            10.663945
          ],
          [
            122.986013,
            10.664043
          ],
          [
            122.986021,
            10.66443
          ],
          [
            122.986017,
            10.66449
          ],
          [
            122.986012,
            10.664545
          ],
          [
            122.985995,
            10.664721
          ],
          [
            122.985902,
            10.665606
          ],
          [
            122.98588,
            10.666201
          ],
          [
            122.98588,
            10.666599
          ],
          [
            122.985876,
            10.666813
          ],
          [
            122.985865,
            10.667839
          ],
          [
            122.985874,
            10.668044
          ],
          [
            122.9859,
            10.668247
          ],
          [
            122.986004,
            10.668518
          ],
          [
            122.986074,
            10.668625
          ],
          [
            122.98614,
            10.66872
          ],
          [
            122.986287,
            10.668874
          ],
          [
            122.98649,
            10.669014
          ],
          [
            122.986851,
            10.669278
          ],
          [
            122.987095,
            10.669529
          ],
          [
            122.987223,
            10.66968
          ],
          [
            122.987355,
            10.669845
          ],
          [
            122.98744,
            10.67003
          ],
          [
            122.987547,
            10.670337
          ],
          [
            122.98764,
            10.67061
          ],
          [
            122.987732,
            10.670866
          ],
          [
            122.98776,
            10.67096
          ],
          [
            122.988232,
            10.670785
          ],
          [
            122.988266,
            10.670847
          ],
          [
            122.988327,
            10.670906
          ],
          [
            122.988475,
            10.671015
          ],
          [
            122.988559,
            10.671079
          ],
          [
            122.988668,
            10.671156
          ],
          [
            122.988746,
            10.67122
          ],
          [
            122.988803,
            10.671163
          ],
          [
            122.988875,
            10.671109
          ],
          [
            122.989015,
            10.671025
          ],
          [
            122.989446,
            10.670766
          ],
          [
            122.989543,
            10.670717
          ],
          [
            122.989424,
            10.67053
          ],
          [
            122.989307,
            10.670371
          ],
          [
            122.989253,
            10.670298
          ],
          [
            122.989049,
            10.670424
          ],
          [
            122.988899,
            10.670514
          ],
          [
            122.988778,
            10.670595
          ],
          [
            122.988615,
            10.670664
          ],
          [
            122.98854,
            10.670701
          ],
          [
            122.988389,
            10.670746
          ],
          [
            122.988232,
            10.670785
          ],
          [
            122.98776,
            10.67096
          ],
          [
            122.987732,
            10.670866
          ],
          [
            122.98764,
            10.67061
          ],
          [
            122.987547,
            10.670337
          ],
          [
            122.98744,
            10.67003
          ],
          [
            122.987355,
            10.669845
          ],
          [
            122.987223,
            10.66968
          ],
          [
            122.987095,
            10.669529
          ],
          [
            122.986851,
            10.669278
          ],
          [
            122.98649,
            10.669014
          ],
          [
            122.986287,
            10.668874
          ],
          [
            122.98614,
            10.66872
          ],
          [
            122.986074,
            10.668625
          ],
          [
            122.986004,
            10.668518
          ],
          [
            122.9859,
            10.668247
          ],
          [
            122.985874,
            10.668044
          ],
          [
            122.985865,
            10.667839
          ],
          [
            122.985876,
            10.666813
          ],
          [
            122.98588,
            10.666599
          ],
          [
            122.98588,
            10.666201
          ],
          [
            122.985902,
            10.665606
          ],
          [
            122.985995,
            10.664721
          ],
          [
            122.986012,
            10.664545
          ],
          [
            122.986017,
            10.66449
          ],
          [
            122.986021,
            10.66443
          ],
          [
            122.986013,
            10.664043
          ],
          [
            122.986013,
            10.663945
          ],
          [
            122.985988,
            10.663595
          ],
          [
            122.985963,
            10.662197
          ],
          [
            122.985963,
            10.660824
          ],
          [
            122.985809,
            10.660824
          ],
          [
            122.985742,
            10.660824
          ],
          [
            122.985447,
            10.660823
          ],
          [
            122.985222,
            10.660823
          ],
          [
            122.985155,
            10.660823
          ],
          [
            122.984855,
            10.660822
          ],
          [
            122.984825,
            10.660822
          ],
          [
            122.984684,
            10.66082
          ],
          [
            122.984213,
            10.660812
          ],
          [
            122.983651,
            10.660803
          ],
          [
            122.983454,
            10.6608
          ],
          [
            122.98309,
            10.660795
          ],
          [
            122.982958,
            10.660795
          ],
          [
            122.982897,
            10.660795
          ],
          [
            122.982539,
            10.660793
          ],
          [
            122.981831,
            10.66078
          ],
          [
            122.98095,
            10.660764
          ],
          [
            122.980634,
            10.660759
          ],
          [
            122.980549,
            10.660759
          ],
          [
            122.980049,
            10.660758
          ],
          [
            122.979796,
            10.660758
          ],
          [
            122.979676,
            10.660758
          ],
          [
            122.979535,
            10.660758
          ],
          [
            122.979476,
            10.660756
          ],
          [
            122.979346,
            10.660756
          ],
          [
            122.979224,
            10.660756
          ],
          [
            122.979175,
            10.660755
          ],
          [
            122.978331,
            10.660748
          ],
          [
            122.977299,
            10.66073
          ],
          [
            122.977197,
            10.660728
          ],
          [
            122.976548,
            10.660739
          ],
          [
            122.976479,
            10.66075
          ],
          [
            122.976415,
            10.660768
          ],
          [
            122.976186,
            10.660842
          ],
          [
            122.976084,
            10.660876
          ],
          [
            122.975729,
            10.661003
          ],
          [
            122.975554,
            10.661073
          ],
          [
            122.975273,
            10.661184
          ],
          [
            122.974952,
            10.661311
          ],
          [
            122.974832,
            10.661358
          ],
          [
            122.97455,
            10.661465
          ],
          [
            122.973717,
            10.661773
          ],
          [
            122.973664,
            10.661792
          ],
          [
            122.973182,
            10.661961
          ],
          [
            122.973104,
            10.661988
          ],
          [
            122.973014,
            10.662021
          ],
          [
            122.972815,
            10.662094
          ],
          [
            122.972638,
            10.662161
          ],
          [
            122.972406,
            10.662247
          ],
          [
            122.97234,
            10.662272
          ],
          [
            122.972017,
            10.662408
          ],
          [
            122.971892,
            10.66246
          ],
          [
            122.971279,
            10.662714
          ],
          [
            122.970372,
            10.663099
          ],
          [
            122.970306,
            10.663127
          ],
          [
            122.970009,
            10.663249
          ],
          [
            122.969226,
            10.663594
          ],
          [
            122.968782,
            10.663768
          ],
          [
            122.968242,
            10.663999
          ],
          [
            122.967889,
            10.66415
          ],
          [
            122.967701,
            10.664229
          ],
          [
            122.967553,
            10.664293
          ],
          [
            122.967367,
            10.664373
          ],
          [
            122.967214,
            10.664436
          ],
          [
            122.967101,
            10.664483
          ],
          [
            122.967035,
            10.66451
          ],
          [
            122.966928,
            10.664555
          ],
          [
            122.96689,
            10.664569
          ],
          [
            122.96653,
            10.664729
          ],
          [
            122.965149,
            10.665313
          ],
          [
            122.964659,
            10.665527
          ],
          [
            122.964497,
            10.665597
          ],
          [
            122.964172,
            10.665736
          ],
          [
            122.963837,
            10.665876
          ],
          [
            122.963701,
            10.665937
          ],
          [
            122.96333,
            10.666096
          ],
          [
            122.963187,
            10.666161
          ],
          [
            122.962699,
            10.666369
          ],
          [
            122.962212,
            10.666575
          ],
          [
            122.961522,
            10.66687
          ],
          [
            122.9612,
            10.667008
          ],
          [
            122.960977,
            10.667105
          ],
          [
            122.96091,
            10.667132
          ],
          [
            122.96055,
            10.667286
          ],
          [
            122.960187,
            10.667442
          ],
          [
            122.95939,
            10.667782
          ],
          [
            122.95927,
            10.667834
          ],
          [
            122.958493,
            10.668185
          ],
          [
            122.957805,
            10.668464
          ],
          [
            122.957661,
            10.668527
          ],
          [
            122.956887,
            10.668854
          ],
          [
            122.956763,
            10.668909
          ],
          [
            122.956424,
            10.669052
          ],
          [
            122.956072,
            10.669203
          ],
          [
            122.955773,
            10.669334
          ],
          [
            122.955671,
            10.669379
          ],
          [
            122.955635,
            10.669391
          ],
          [
            122.955585,
            10.669414
          ],
          [
            122.955531,
            10.669437
          ],
          [
            122.955176,
            10.66959
          ],
          [
            122.955033,
            10.669659
          ],
          [
            122.954909,
            10.669707
          ],
          [
            122.954887,
            10.669613
          ],
          [
            122.954646,
            10.669061
          ],
          [
            122.954339,
            10.668357
          ],
          [
            122.95305,
            10.668824
          ],
          [
            122.952433,
            10.66739
          ],
          [
            122.952186,
            10.666825
          ],
          [
            122.951959,
            10.666266
          ],
          [
            122.951654,
            10.666398
          ],
          [
            122.951095,
            10.666631
          ],
          [
            122.950758,
            10.666776
          ],
          [
            122.949919,
            10.667147
          ],
          [
            122.949421,
            10.667348
          ],
          [
            122.948197,
            10.667838
          ],
          [
            122.947809,
            10.667983
          ],
          [
            122.947732,
            10.668016
          ],
          [
            122.947401,
            10.668143
          ],
          [
            122.947112,
            10.668254
          ],
          [
            122.947073,
            10.66827
          ],
          [
            122.94702,
            10.668259
          ],
          [
            122.946999,
            10.668237
          ],
          [
            122.946963,
            10.668206
          ],
          [
            122.946944,
            10.668165
          ],
          [
            122.946949,
            10.668175
          ],
          [
            122.946535,
            10.667212
          ],
          [
            122.947339,
            10.666873
          ],
          [
            122.947583,
            10.667449
          ],
          [
            122.947809,
            10.667983
          ],
          [
            122.947732,
            10.668016
          ],
          [
            122.947401,
            10.668143
          ],
          [
            122.947112,
            10.668254
          ],
          [
            122.947073,
            10.66827
          ],
          [
            122.947059,
            10.668294
          ],
          [
            122.947053,
            10.668312
          ],
          [
            122.947041,
            10.668368
          ],
          [
            122.94704,
            10.668407
          ],
          [
            122.947041,
            10.668461
          ],
          [
            122.94704,
            10.668514
          ],
          [
            122.947047,
            10.668568
          ],
          [
            122.947249,
            10.669006
          ],
          [
            122.947302,
            10.669132
          ],
          [
            122.947416,
            10.669383
          ],
          [
            122.947492,
            10.669567
          ],
          [
            122.947564,
            10.669734
          ],
          [
            122.947759,
            10.670147
          ],
          [
            122.948148,
            10.670986
          ],
          [
            122.94865,
            10.670728
          ],
          [
            122.948805,
            10.67065
          ],
          [
            122.949096,
            10.670498
          ],
          [
            122.949253,
            10.670415
          ],
          [
            122.950444,
            10.669823
          ],
          [
            122.951043,
            10.669595
          ],
          [
            122.951118,
            10.669568
          ],
          [
            122.951366,
            10.66947
          ],
          [
            122.951526,
            10.669409
          ],
          [
            122.951825,
            10.669294
          ],
          [
            122.951978,
            10.669238
          ],
          [
            122.952192,
            10.669154
          ],
          [
            122.952605,
            10.668982
          ],
          [
            122.95305,
            10.668824
          ],
          [
            122.954339,
            10.668357
          ],
          [
            122.954646,
            10.669061
          ],
          [
            122.954887,
            10.669613
          ],
          [
            122.954909,
            10.669707
          ],
          [
            122.955033,
            10.669659
          ],
          [
            122.955176,
            10.66959
          ],
          [
            122.955531,
            10.669437
          ],
          [
            122.955585,
            10.669414
          ],
          [
            122.955635,
            10.669391
          ],
          [
            122.955671,
            10.669379
          ],
          [
            122.955773,
            10.669334
          ],
          [
            122.956072,
            10.669203
          ],
          [
            122.956424,
            10.669052
          ],
          [
            122.956763,
            10.668909
          ],
          [
            122.956887,
            10.668854
          ],
          [
            122.957661,
            10.668527
          ],
          [
            122.957805,
            10.668464
          ],
          [
            122.958493,
            10.668185
          ],
          [
            122.95927,
            10.667834
          ],
          [
            122.95939,
            10.667782
          ],
          [
            122.960187,
            10.667442
          ],
          [
            122.96055,
            10.667286
          ],
          [
            122.96091,
            10.667132
          ],
          [
            122.960977,
            10.667105
          ],
          [
            122.9612,
            10.667008
          ],
          [
            122.961522,
            10.66687
          ],
          [
            122.962212,
            10.666575
          ],
          [
            122.962699,
            10.666369
          ],
          [
            122.963187,
            10.666161
          ],
          [
            122.96333,
            10.666096
          ],
          [
            122.963701,
            10.665937
          ],
          [
            122.963837,
            10.665876
          ],
          [
            122.964172,
            10.665736
          ],
          [
            122.964497,
            10.665597
          ],
          [
            122.964659,
            10.665527
          ],
          [
            122.965149,
            10.665313
          ],
          [
            122.96653,
            10.664729
          ],
          [
            122.96689,
            10.664569
          ],
          [
            122.966928,
            10.664555
          ],
          [
            122.967035,
            10.66451
          ],
          [
            122.967101,
            10.664483
          ],
          [
            122.967214,
            10.664436
          ],
          [
            122.967367,
            10.664373
          ],
          [
            122.967553,
            10.664293
          ],
          [
            122.967701,
            10.664229
          ],
          [
            122.967889,
            10.66415
          ],
          [
            122.968242,
            10.663999
          ],
          [
            122.968782,
            10.663768
          ],
          [
            122.969226,
            10.663594
          ],
          [
            122.970009,
            10.663249
          ],
          [
            122.970306,
            10.663127
          ],
          [
            122.970372,
            10.663099
          ],
          [
            122.971279,
            10.662714
          ],
          [
            122.971892,
            10.66246
          ],
          [
            122.972017,
            10.662408
          ],
          [
            122.97234,
            10.662272
          ],
          [
            122.972406,
            10.662247
          ],
          [
            122.972638,
            10.662161
          ],
          [
            122.972815,
            10.662094
          ],
          [
            122.973014,
            10.662021
          ],
          [
            122.973104,
            10.661988
          ],
          [
            122.973182,
            10.661961
          ],
          [
            122.973664,
            10.661792
          ],
          [
            122.973717,
            10.661773
          ],
          [
            122.97455,
            10.661465
          ],
          [
            122.974832,
            10.661358
          ],
          [
            122.974952,
            10.661311
          ],
          [
            122.975273,
            10.661184
          ],
          [
            122.975554,
            10.661073
          ],
          [
            122.975729,
            10.661003
          ],
          [
            122.976084,
            10.660876
          ],
          [
            122.976186,
            10.660842
          ],
          [
            122.976415,
            10.660768
          ],
          [
            122.976479,
            10.66075
          ],
          [
            122.976548,
            10.660739
          ],
          [
            122.977197,
            10.660728
          ],
          [
            122.977299,
            10.66073
          ],
          [
            122.978331,
            10.660748
          ],
          [
            122.979175,
            10.660755
          ],
          [
            122.979224,
            10.660756
          ],
          [
            122.979346,
            10.660756
          ],
          [
            122.979476,
            10.660756
          ],
          [
            122.979535,
            10.660758
          ],
          [
            122.979676,
            10.660758
          ],
          [
            122.979796,
            10.660758
          ],
          [
            122.980049,
            10.660758
          ],
          [
            122.980549,
            10.660759
          ],
          [
            122.980634,
            10.660759
          ],
          [
            122.98095,
            10.660764
          ],
          [
            122.981831,
            10.66078
          ],
          [
            122.982539,
            10.660793
          ],
          [
            122.982897,
            10.660795
          ],
          [
            122.982958,
            10.660795
          ],
          [
            122.98309,
            10.660795
          ],
          [
            122.983454,
            10.6608
          ],
          [
            122.983651,
            10.660803
          ],
          [
            122.984213,
            10.660812
          ],
          [
            122.984684,
            10.66082
          ],
          [
            122.984825,
            10.660822
          ],
          [
            122.984855,
            10.660822
          ],
          [
            122.985155,
            10.660823
          ],
          [
            122.985222,
            10.660823
          ],
          [
            122.985447,
            10.660823
          ],
          [
            122.985742,
            10.660824
          ],
          [
            122.985809,
            10.660824
          ],
          [
            122.985963,
            10.660824
          ],
          [
            122.985963,
            10.662197
          ],
          [
            122.985988,
            10.663595
          ],
          [
            122.986013,
            10.663945
          ],
          [
            122.986013,
            10.664043
          ],
          [
            122.986021,
            10.66443
          ],
          [
            122.986017,
            10.66449
          ],
          [
            122.986012,
            10.664545
          ],
          [
            122.985995,
            10.664721
          ],
          [
            122.985902,
            10.665606
          ],
          [
            122.98588,
            10.666201
          ],
          [
            122.98588,
            10.666599
          ],
          [
            122.985876,
            10.666813
          ],
          [
            122.985865,
            10.667839
          ],
          [
            122.985874,
            10.668044
          ],
          [
            122.9859,
            10.668247
          ],
          [
            122.986004,
            10.668518
          ],
          [
            122.986074,
            10.668625
          ],
          [
            122.98614,
            10.66872
          ],
          [
            122.986287,
            10.668874
          ],
          [
            122.98649,
            10.669014
          ],
          [
            122.986851,
            10.669278
          ],
          [
            122.987095,
            10.669529
          ],
          [
            122.987223,
            10.66968
          ],
          [
            122.987355,
            10.669845
          ],
          [
            122.98744,
            10.67003
          ],
          [
            122.987547,
            10.670337
          ],
          [
            122.98764,
            10.67061
          ],
          [
            122.987732,
            10.670866
          ],
          [
            122.98776,
            10.67096
          ],
          [
            122.988232,
            10.670785
          ],
          [
            122.988266,
            10.670847
          ],
          [
            122.988327,
            10.670906
          ],
          [
            122.988475,
            10.671015
          ],
          [
            122.988559,
            10.671079
          ],
          [
            122.988668,
            10.671156
          ],
          [
            122.988746,
            10.67122
          ],
          [
            122.988803,
            10.671163
          ],
          [
            122.988875,
            10.671109
          ],
          [
            122.989015,
            10.671025
          ],
          [
            122.989446,
            10.670766
          ],
          [
            122.989543,
            10.670717
          ],
          [
            122.989424,
            10.67053
          ],
          [
            122.989307,
            10.670371
          ],
          [
            122.989253,
            10.670298
          ],
          [
            122.989049,
            10.670424
          ],
          [
            122.988899,
            10.670514
          ],
          [
            122.988778,
            10.670595
          ],
          [
            122.988615,
            10.670664
          ],
          [
            122.98854,
            10.670701
          ],
          [
            122.988389,
            10.670746
          ],
          [
            122.988232,
            10.670785
          ],
          [
            122.98776,
            10.67096
          ],
          [
            122.987732,
            10.670866
          ],
          [
            122.98764,
            10.67061
          ],
          [
            122.987547,
            10.670337
          ],
          [
            122.98744,
            10.67003
          ],
          [
            122.987355,
            10.669845
          ],
          [
            122.987223,
            10.66968
          ],
          [
            122.987095,
            10.669529
          ],
          [
            122.986851,
            10.669278
          ],
          [
            122.98649,
            10.669014
          ],
          [
            122.986287,
            10.668874
          ],
          [
            122.98614,
            10.66872
          ],
          [
            122.986074,
            10.668625
          ],
          [
            122.986004,
            10.668518
          ],
          [
            122.9859,
            10.668247
          ],
          [
            122.985874,
            10.668044
          ],
          [
            122.985865,
            10.667839
          ],
          [
            122.985876,
            10.666813
          ],
          [
            122.98588,
            10.666599
          ],
          [
            122.98588,
            10.666201
          ],
          [
            122.985902,
            10.665606
          ],
          [
            122.985995,
            10.664721
          ],
          [
            122.986012,
            10.664545
          ],
          [
            122.986017,
            10.66449
          ],
          [
            122.986021,
            10.66443
          ],
          [
            122.986013,
            10.664043
          ],
          [
            122.986013,
            10.663945
          ],
          [
            122.985988,
            10.663595
          ],
          [
            122.985963,
            10.662197
          ],
          [
            122.985963,
            10.660824
          ],
          [
            122.986064,
            10.660826
          ],
          [
            122.986332,
            10.660829
          ],
          [
            122.986872,
            10.660844
          ],
          [
            122.987023,
            10.660845
          ],
          [
            122.988169,
            10.660849
          ],
          [
            122.988988,
            10.660857
          ],
          [
            122.989377,
            10.660863
          ],
          [
            122.989413,
            10.660864
          ],
          [
            122.989454,
            10.660864
          ],
          [
            122.989951,
            10.660868
          ],
          [
            122.99068,
            10.660872
          ],
          [
            122.990932,
            10.660874
          ],
          [
            122.991109,
            10.660876
          ],
          [
            122.991759,
            10.660882
          ],
          [
            122.991807,
            10.660883
          ],
          [
            122.991935,
            10.660884
          ],
          [
            122.992204,
            10.660887
          ],
          [
            122.993592,
            10.660907
          ],
          [
            122.993709,
            10.660908
          ],
          [
            122.993939,
            10.660912
          ],
          [
            122.99421,
            10.660915
          ],
          [
            122.994399,
            10.660918
          ],
          [
            122.995156,
            10.660929
          ],
          [
            122.995704,
            10.660936
          ],
          [
            122.995686,
            10.661538
          ],
          [
            122.995673,
            10.661953
          ],
          [
            122.99566,
            10.66241
          ],
          [
            122.995646,
            10.662852
          ],
          [
            122.997303,
            10.662898
          ],
          [
            122.997375,
            10.663032
          ],
          [
            122.997404,
            10.663048
          ],
          [
            122.997427,
            10.66305
          ],
          [
            122.997461,
            10.663051
          ],
          [
            122.997484,
            10.663055
          ],
          [
            122.997522,
            10.663074
          ],
          [
            122.997552,
            10.663092
          ],
          [
            122.997583,
            10.663117
          ],
          [
            122.997613,
            10.663135
          ],
          [
            122.99763,
            10.663142
          ],
          [
            122.997649,
            10.663144
          ],
          [
            122.997702,
            10.663138
          ],
          [
            122.998011,
            10.663154
          ],
          [
            122.998225,
            10.663219
          ],
          [
            122.998335,
            10.663253
          ],
          [
            122.998405,
            10.663303
          ],
          [
            122.998416,
            10.66332
          ],
          [
            122.99845,
            10.663373
          ],
          [
            122.998465,
            10.663446
          ],
          [
            122.998452,
            10.663551
          ],
          [
            122.998397,
            10.663654
          ],
          [
            122.998285,
            10.663792
          ],
          [
            122.998248,
            10.663849
          ],
          [
            122.998239,
            10.663927
          ],
          [
            122.998319,
            10.664488
          ],
          [
            122.998386,
            10.664679
          ],
          [
            122.998402,
            10.664754
          ],
          [
            122.998417,
            10.664825
          ],
          [
            122.998472,
            10.665131
          ],
          [
            122.998597,
            10.665693
          ],
          [
            122.998721,
            10.666249
          ],
          [
            122.998752,
            10.666481
          ],
          [
            122.998822,
            10.666644
          ],
          [
            122.998858,
            10.666702
          ],
          [
            122.999225,
            10.667011
          ],
          [
            122.998858,
            10.666702
          ],
          [
            122.998822,
            10.666644
          ],
          [
            122.998752,
            10.666481
          ],
          [
            122.998721,
            10.666249
          ],
          [
            122.998597,
            10.665693
          ],
          [
            122.998472,
            10.665131
          ],
          [
            122.998417,
            10.664825
          ],
          [
            122.998402,
            10.664754
          ],
          [
            122.998386,
            10.664679
          ],
          [
            122.998319,
            10.664488
          ],
          [
            122.998239,
            10.663927
          ],
          [
            122.998248,
            10.663849
          ],
          [
            122.998285,
            10.663792
          ],
          [
            122.998397,
            10.663654
          ],
          [
            122.998452,
            10.663551
          ],
          [
            122.998465,
            10.663446
          ],
          [
            122.99845,
            10.663373
          ],
          [
            122.998405,
            10.663303
          ],
          [
            122.998335,
            10.663253
          ],
          [
            122.998225,
            10.663219
          ],
          [
            122.998011,
            10.663154
          ],
          [
            122.997702,
            10.663138
          ],
          [
            122.997649,
            10.663144
          ],
          [
            122.99763,
            10.663142
          ],
          [
            122.997613,
            10.663135
          ],
          [
            122.997583,
            10.663117
          ],
          [
            122.997552,
            10.663092
          ],
          [
            122.997522,
            10.663074
          ],
          [
            122.997484,
            10.663055
          ],
          [
            122.997461,
            10.663051
          ],
          [
            122.997427,
            10.66305
          ],
          [
            122.997404,
            10.663048
          ],
          [
            122.997375,
            10.663032
          ],
          [
            122.997303,
            10.662898
          ],
          [
            122.99734,
            10.662899
          ],
          [
            122.997384,
            10.662895
          ],
          [
            122.99742,
            10.662863
          ],
          [
            122.997433,
            10.662426
          ],
          [
            122.997406,
            10.661979
          ],
          [
            122.997408,
            10.661529
          ],
          [
            122.998973,
            10.661539
          ],
          [
            122.998995,
            10.660976
          ],
          [
            122.999277,
            10.66097
          ],
          [
            122.999558,
            10.661001
          ],
          [
            122.999786,
            10.66106
          ],
          [
            123.000898,
            10.661454
          ],
          [
            123.001015,
            10.661504
          ],
          [
            123.001261,
            10.661608
          ],
          [
            123.001365,
            10.661653
          ],
          [
            123.002731,
            10.662243
          ],
          [
            123.002812,
            10.662278
          ],
          [
            123.002847,
            10.662292
          ],
          [
            123.003933,
            10.662728
          ],
          [
            123.004855,
            10.663114
          ],
          [
            123.005043,
            10.663193
          ],
          [
            123.006313,
            10.663638
          ],
          [
            123.006387,
            10.663665
          ],
          [
            123.006523,
            10.663702
          ],
          [
            123.007128,
            10.663868
          ],
          [
            123.007924,
            10.664046
          ],
          [
            123.008307,
            10.664132
          ],
          [
            123.008864,
            10.664252
          ],
          [
            123.009938,
            10.664491
          ],
          [
            123.01004,
            10.66451
          ],
          [
            123.010764,
            10.664654
          ],
          [
            123.011407,
            10.664763
          ],
          [
            123.01265,
            10.664921
          ],
          [
            123.013124,
            10.664971
          ],
          [
            123.013174,
            10.664976
          ],
          [
            123.014727,
            10.665115
          ],
          [
            123.015536,
            10.665165
          ],
          [
            123.016094,
            10.665197
          ],
          [
            123.016933,
            10.665261
          ],
          [
            123.016989,
            10.665266
          ],
          [
            123.018063,
            10.665345
          ],
          [
            123.018908,
            10.665406
          ],
          [
            123.019012,
            10.665412
          ],
          [
            123.019687,
            10.665448
          ],
          [
            123.019655,
            10.665838
          ],
          [
            123.019624,
            10.666199
          ],
          [
            123.01961,
            10.66642
          ],
          [
            123.019596,
            10.666632
          ],
          [
            123.019582,
            10.666848
          ],
          [
            123.019568,
            10.667056
          ],
          [
            123.019554,
            10.667272
          ],
          [
            123.01954,
            10.667489
          ],
          [
            123.019526,
            10.667706
          ],
          [
            123.019511,
            10.667929
          ],
          [
            123.019508,
            10.667983
          ],
          [
            123.019498,
            10.668127
          ],
          [
            123.01948,
            10.668408
          ],
          [
            123.019293,
            10.668429
          ],
          [
            123.019216,
            10.668438
          ],
          [
            123.019047,
            10.668459
          ],
          [
            123.019129,
            10.668789
          ],
          [
            123.01914,
            10.66883
          ]
        ],
        "type": "LineString"
      }
    },
    {
      "type": "Feature",
      "properties": {
        "number": 21,
        "id": "homesite-central-market",
        "name": "PHHC (Homesite) \u2013 Central Market Loop",
        "color": "#168ec2",
        "status": "inferred_from_lptrp_anchors",
        "distance_km": 7.14,
        "anchors": [
          {
            "id": "homesite",
            "name": "Homesite",
            "lng": 122.97015,
            "lat": 10.66912
          },
          {
            "id": "burgos_market",
            "name": "Burgos Market",
            "lng": 122.95498,
            "lat": 10.66892
          },
          {
            "id": "central_market",
            "name": "Central Market",
            "lng": 122.94719,
            "lat": 10.66761
          }
        ],
        "return_anchors": [],
        "mode": "jeepney"
      },
      "geometry": {
        "coordinates": [
          [
            122.969867,
            10.669252
          ],
          [
            122.969845,
            10.669206
          ],
          [
            122.969698,
            10.668866
          ],
          [
            122.969533,
            10.668427
          ],
          [
            122.969423,
            10.668146
          ],
          [
            122.969354,
            10.667969
          ],
          [
            122.968967,
            10.667069
          ],
          [
            122.968693,
            10.666452
          ],
          [
            122.968517,
            10.666056
          ],
          [
            122.968402,
            10.665795
          ],
          [
            122.968305,
            10.665576
          ],
          [
            122.968079,
            10.665072
          ],
          [
            122.967882,
            10.664631
          ],
          [
            122.967867,
            10.664598
          ],
          [
            122.967799,
            10.664449
          ],
          [
            122.967761,
            10.664363
          ],
          [
            122.96774,
            10.664315
          ],
          [
            122.967701,
            10.664229
          ],
          [
            122.967553,
            10.664293
          ],
          [
            122.967367,
            10.664373
          ],
          [
            122.967214,
            10.664436
          ],
          [
            122.967101,
            10.664483
          ],
          [
            122.967035,
            10.66451
          ],
          [
            122.966928,
            10.664555
          ],
          [
            122.96689,
            10.664569
          ],
          [
            122.96653,
            10.664729
          ],
          [
            122.965149,
            10.665313
          ],
          [
            122.964659,
            10.665527
          ],
          [
            122.964497,
            10.665597
          ],
          [
            122.964172,
            10.665736
          ],
          [
            122.963837,
            10.665876
          ],
          [
            122.963701,
            10.665937
          ],
          [
            122.96333,
            10.666096
          ],
          [
            122.963187,
            10.666161
          ],
          [
            122.962699,
            10.666369
          ],
          [
            122.962212,
            10.666575
          ],
          [
            122.961522,
            10.66687
          ],
          [
            122.9612,
            10.667008
          ],
          [
            122.960977,
            10.667105
          ],
          [
            122.96091,
            10.667132
          ],
          [
            122.96055,
            10.667286
          ],
          [
            122.960187,
            10.667442
          ],
          [
            122.95939,
            10.667782
          ],
          [
            122.95927,
            10.667834
          ],
          [
            122.958493,
            10.668185
          ],
          [
            122.957805,
            10.668464
          ],
          [
            122.957661,
            10.668527
          ],
          [
            122.956887,
            10.668854
          ],
          [
            122.956763,
            10.668909
          ],
          [
            122.956424,
            10.669052
          ],
          [
            122.956072,
            10.669203
          ],
          [
            122.955773,
            10.669334
          ],
          [
            122.955671,
            10.669379
          ],
          [
            122.955635,
            10.669391
          ],
          [
            122.955585,
            10.669414
          ],
          [
            122.955531,
            10.669437
          ],
          [
            122.955176,
            10.66959
          ],
          [
            122.955033,
            10.669659
          ],
          [
            122.954909,
            10.669707
          ],
          [
            122.954887,
            10.669613
          ],
          [
            122.954646,
            10.669061
          ],
          [
            122.954339,
            10.668357
          ],
          [
            122.95305,
            10.668824
          ],
          [
            122.952433,
            10.66739
          ],
          [
            122.952186,
            10.666825
          ],
          [
            122.951959,
            10.666266
          ],
          [
            122.951654,
            10.666398
          ],
          [
            122.951095,
            10.666631
          ],
          [
            122.950758,
            10.666776
          ],
          [
            122.949919,
            10.667147
          ],
          [
            122.949421,
            10.667348
          ],
          [
            122.948197,
            10.667838
          ],
          [
            122.947809,
            10.667983
          ],
          [
            122.947732,
            10.668016
          ],
          [
            122.947401,
            10.668143
          ],
          [
            122.947112,
            10.668254
          ],
          [
            122.947073,
            10.66827
          ],
          [
            122.94702,
            10.668259
          ],
          [
            122.946999,
            10.668237
          ],
          [
            122.946963,
            10.668206
          ],
          [
            122.946944,
            10.668165
          ],
          [
            122.946949,
            10.668175
          ],
          [
            122.946535,
            10.667212
          ],
          [
            122.947339,
            10.666873
          ],
          [
            122.947583,
            10.667449
          ],
          [
            122.947809,
            10.667983
          ],
          [
            122.947732,
            10.668016
          ],
          [
            122.947401,
            10.668143
          ],
          [
            122.947112,
            10.668254
          ],
          [
            122.947073,
            10.66827
          ],
          [
            122.947059,
            10.668294
          ],
          [
            122.947053,
            10.668312
          ],
          [
            122.947041,
            10.668368
          ],
          [
            122.94704,
            10.668407
          ],
          [
            122.947041,
            10.668461
          ],
          [
            122.94704,
            10.668514
          ],
          [
            122.947047,
            10.668568
          ],
          [
            122.947249,
            10.669006
          ],
          [
            122.947302,
            10.669132
          ],
          [
            122.947416,
            10.669383
          ],
          [
            122.947492,
            10.669567
          ],
          [
            122.947564,
            10.669734
          ],
          [
            122.947759,
            10.670147
          ],
          [
            122.948148,
            10.670986
          ],
          [
            122.94865,
            10.670728
          ],
          [
            122.948805,
            10.67065
          ],
          [
            122.949096,
            10.670498
          ],
          [
            122.949253,
            10.670415
          ],
          [
            122.950444,
            10.669823
          ],
          [
            122.951043,
            10.669595
          ],
          [
            122.951118,
            10.669568
          ],
          [
            122.951366,
            10.66947
          ],
          [
            122.951526,
            10.669409
          ],
          [
            122.951825,
            10.669294
          ],
          [
            122.951978,
            10.669238
          ],
          [
            122.952192,
            10.669154
          ],
          [
            122.952605,
            10.668982
          ],
          [
            122.95305,
            10.668824
          ],
          [
            122.954339,
            10.668357
          ],
          [
            122.954646,
            10.669061
          ],
          [
            122.954887,
            10.669613
          ],
          [
            122.954909,
            10.669707
          ],
          [
            122.955033,
            10.669659
          ],
          [
            122.955176,
            10.66959
          ],
          [
            122.955531,
            10.669437
          ],
          [
            122.955585,
            10.669414
          ],
          [
            122.955635,
            10.669391
          ],
          [
            122.955671,
            10.669379
          ],
          [
            122.955773,
            10.669334
          ],
          [
            122.956072,
            10.669203
          ],
          [
            122.956424,
            10.669052
          ],
          [
            122.956763,
            10.668909
          ],
          [
            122.956887,
            10.668854
          ],
          [
            122.957661,
            10.668527
          ],
          [
            122.957805,
            10.668464
          ],
          [
            122.958493,
            10.668185
          ],
          [
            122.95927,
            10.667834
          ],
          [
            122.95939,
            10.667782
          ],
          [
            122.960187,
            10.667442
          ],
          [
            122.96055,
            10.667286
          ],
          [
            122.96091,
            10.667132
          ],
          [
            122.960977,
            10.667105
          ],
          [
            122.9612,
            10.667008
          ],
          [
            122.961522,
            10.66687
          ],
          [
            122.962212,
            10.666575
          ],
          [
            122.962699,
            10.666369
          ],
          [
            122.963187,
            10.666161
          ],
          [
            122.96333,
            10.666096
          ],
          [
            122.963701,
            10.665937
          ],
          [
            122.963837,
            10.665876
          ],
          [
            122.964172,
            10.665736
          ],
          [
            122.964497,
            10.665597
          ],
          [
            122.964659,
            10.665527
          ],
          [
            122.965149,
            10.665313
          ],
          [
            122.96653,
            10.664729
          ],
          [
            122.96689,
            10.664569
          ],
          [
            122.966928,
            10.664555
          ],
          [
            122.967035,
            10.66451
          ],
          [
            122.967101,
            10.664483
          ],
          [
            122.967214,
            10.664436
          ],
          [
            122.967367,
            10.664373
          ],
          [
            122.967553,
            10.664293
          ],
          [
            122.967701,
            10.664229
          ],
          [
            122.96774,
            10.664315
          ],
          [
            122.967761,
            10.664363
          ],
          [
            122.967799,
            10.664449
          ],
          [
            122.967867,
            10.664598
          ],
          [
            122.967882,
            10.664631
          ],
          [
            122.968079,
            10.665072
          ],
          [
            122.968305,
            10.665576
          ],
          [
            122.968402,
            10.665795
          ],
          [
            122.968517,
            10.666056
          ],
          [
            122.968693,
            10.666452
          ],
          [
            122.968967,
            10.667069
          ],
          [
            122.969354,
            10.667969
          ],
          [
            122.969423,
            10.668146
          ],
          [
            122.969533,
            10.668427
          ],
          [
            122.969698,
            10.668866
          ],
          [
            122.969845,
            10.669206
          ],
          [
            122.969867,
            10.669252
          ]
        ],
        "type": "LineString"
      }
    },
    {
      "type": "Feature",
      "properties": {
        "number": 22,
        "id": "dona-juliana-central-market",
        "name": "Do\u00f1a Juliana \u2013 Central Market Loop",
        "color": "#eab084",
        "status": "inferred_from_lptrp_anchors",
        "distance_km": 13.04,
        "anchors": [
          {
            "id": "dona_juliana",
            "name": "Dona Juliana",
            "lng": 122.982,
            "lat": 10.65
          },
          {
            "id": "bgc",
            "name": "Bgc",
            "lng": 122.96658,
            "lat": 10.65885
          },
          {
            "id": "burgos_market",
            "name": "Burgos Market",
            "lng": 122.95498,
            "lat": 10.66892
          },
          {
            "id": "central_market",
            "name": "Central Market",
            "lng": 122.94719,
            "lat": 10.66761
          }
        ],
        "return_anchors": [],
        "mode": "jeepney"
      },
      "geometry": {
        "coordinates": [
          [
            122.982011,
            10.650043
          ],
          [
            122.981748,
            10.650106
          ],
          [
            122.981852,
            10.650544
          ],
          [
            122.980773,
            10.650807
          ],
          [
            122.980291,
            10.650918
          ],
          [
            122.980397,
            10.651333
          ],
          [
            122.980482,
            10.651664
          ],
          [
            122.980531,
            10.651855
          ],
          [
            122.979345,
            10.652132
          ],
          [
            122.979053,
            10.652204
          ],
          [
            122.978645,
            10.652297
          ],
          [
            122.977991,
            10.652437
          ],
          [
            122.977129,
            10.652623
          ],
          [
            122.976961,
            10.652662
          ],
          [
            122.976781,
            10.652729
          ],
          [
            122.976687,
            10.652803
          ],
          [
            122.976625,
            10.652886
          ],
          [
            122.976545,
            10.653027
          ],
          [
            122.976507,
            10.65314
          ],
          [
            122.976349,
            10.653512
          ],
          [
            122.97632,
            10.653592
          ],
          [
            122.976177,
            10.653907
          ],
          [
            122.976047,
            10.654137
          ],
          [
            122.975968,
            10.654232
          ],
          [
            122.975884,
            10.65431
          ],
          [
            122.975772,
            10.654379
          ],
          [
            122.975641,
            10.654421
          ],
          [
            122.975426,
            10.654482
          ],
          [
            122.97518,
            10.65453
          ],
          [
            122.974959,
            10.654591
          ],
          [
            122.974874,
            10.654624
          ],
          [
            122.974783,
            10.654677
          ],
          [
            122.974733,
            10.65473
          ],
          [
            122.974679,
            10.654817
          ],
          [
            122.974648,
            10.654883
          ],
          [
            122.974621,
            10.654959
          ],
          [
            122.974578,
            10.655069
          ],
          [
            122.974444,
            10.65549
          ],
          [
            122.974282,
            10.655953
          ],
          [
            122.974221,
            10.656118
          ],
          [
            122.97416,
            10.656281
          ],
          [
            122.974099,
            10.656418
          ],
          [
            122.974035,
            10.65653
          ],
          [
            122.973953,
            10.656648
          ],
          [
            122.973872,
            10.656746
          ],
          [
            122.973766,
            10.656839
          ],
          [
            122.973628,
            10.65694
          ],
          [
            122.973532,
            10.657003
          ],
          [
            122.973415,
            10.657071
          ],
          [
            122.973296,
            10.65713
          ],
          [
            122.973162,
            10.657184
          ],
          [
            122.972958,
            10.65726
          ],
          [
            122.972474,
            10.657441
          ],
          [
            122.970535,
            10.658194
          ],
          [
            122.970311,
            10.658291
          ],
          [
            122.970105,
            10.658386
          ],
          [
            122.969991,
            10.65845
          ],
          [
            122.969863,
            10.65852
          ],
          [
            122.969676,
            10.658626
          ],
          [
            122.969379,
            10.658791
          ],
          [
            122.969161,
            10.658909
          ],
          [
            122.968596,
            10.659217
          ],
          [
            122.968142,
            10.658566
          ],
          [
            122.967461,
            10.658986
          ],
          [
            122.967235,
            10.659125
          ],
          [
            122.967035,
            10.659246
          ],
          [
            122.966778,
            10.659401
          ],
          [
            122.966465,
            10.659596
          ],
          [
            122.966107,
            10.659806
          ],
          [
            122.966022,
            10.659857
          ],
          [
            122.965502,
            10.660183
          ],
          [
            122.965428,
            10.660071
          ],
          [
            122.965366,
            10.659956
          ],
          [
            122.965336,
            10.659875
          ],
          [
            122.965312,
            10.659804
          ],
          [
            122.965289,
            10.659725
          ],
          [
            122.965277,
            10.659646
          ],
          [
            122.965265,
            10.659557
          ],
          [
            122.965263,
            10.659482
          ],
          [
            122.965286,
            10.658741
          ],
          [
            122.965306,
            10.65874
          ],
          [
            122.965343,
            10.658736
          ],
          [
            122.965383,
            10.658721
          ],
          [
            122.965422,
            10.658703
          ],
          [
            122.965771,
            10.658492
          ],
          [
            122.966535,
            10.658007
          ],
          [
            122.966741,
            10.658332
          ],
          [
            122.966758,
            10.658359
          ],
          [
            122.966821,
            10.658461
          ],
          [
            122.966877,
            10.658551
          ],
          [
            122.966924,
            10.658626
          ],
          [
            122.966983,
            10.65872
          ],
          [
            122.967022,
            10.658783
          ],
          [
            122.966749,
            10.658928
          ],
          [
            122.966734,
            10.658948
          ],
          [
            122.966734,
            10.658948
          ],
          [
            122.966737,
            10.658969
          ],
          [
            122.966799,
            10.659086
          ],
          [
            122.966818,
            10.659095
          ],
          [
            122.966841,
            10.659092
          ],
          [
            122.96711,
            10.658925
          ],
          [
            122.967186,
            10.659047
          ],
          [
            122.967235,
            10.659125
          ],
          [
            122.967035,
            10.659246
          ],
          [
            122.966778,
            10.659401
          ],
          [
            122.966465,
            10.659596
          ],
          [
            122.966107,
            10.659806
          ],
          [
            122.966022,
            10.659857
          ],
          [
            122.965502,
            10.660183
          ],
          [
            122.965893,
            10.660807
          ],
          [
            122.96603,
            10.661015
          ],
          [
            122.966249,
            10.661364
          ],
          [
            122.966659,
            10.662022
          ],
          [
            122.966763,
            10.662193
          ],
          [
            122.966854,
            10.662352
          ],
          [
            122.966938,
            10.662514
          ],
          [
            122.96705,
            10.662732
          ],
          [
            122.967089,
            10.662862
          ],
          [
            122.967154,
            10.663007
          ],
          [
            122.967323,
            10.663384
          ],
          [
            122.967442,
            10.663651
          ],
          [
            122.967496,
            10.66377
          ],
          [
            122.967515,
            10.663814
          ],
          [
            122.967646,
            10.664106
          ],
          [
            122.967701,
            10.664229
          ],
          [
            122.967553,
            10.664293
          ],
          [
            122.967367,
            10.664373
          ],
          [
            122.967214,
            10.664436
          ],
          [
            122.967101,
            10.664483
          ],
          [
            122.967035,
            10.66451
          ],
          [
            122.966928,
            10.664555
          ],
          [
            122.96689,
            10.664569
          ],
          [
            122.96653,
            10.664729
          ],
          [
            122.965149,
            10.665313
          ],
          [
            122.964659,
            10.665527
          ],
          [
            122.964497,
            10.665597
          ],
          [
            122.964172,
            10.665736
          ],
          [
            122.963837,
            10.665876
          ],
          [
            122.963701,
            10.665937
          ],
          [
            122.96333,
            10.666096
          ],
          [
            122.963187,
            10.666161
          ],
          [
            122.962699,
            10.666369
          ],
          [
            122.962212,
            10.666575
          ],
          [
            122.961522,
            10.66687
          ],
          [
            122.9612,
            10.667008
          ],
          [
            122.960977,
            10.667105
          ],
          [
            122.96091,
            10.667132
          ],
          [
            122.96055,
            10.667286
          ],
          [
            122.960187,
            10.667442
          ],
          [
            122.95939,
            10.667782
          ],
          [
            122.95927,
            10.667834
          ],
          [
            122.958493,
            10.668185
          ],
          [
            122.957805,
            10.668464
          ],
          [
            122.957661,
            10.668527
          ],
          [
            122.956887,
            10.668854
          ],
          [
            122.956763,
            10.668909
          ],
          [
            122.956424,
            10.669052
          ],
          [
            122.956072,
            10.669203
          ],
          [
            122.955773,
            10.669334
          ],
          [
            122.955671,
            10.669379
          ],
          [
            122.955635,
            10.669391
          ],
          [
            122.955585,
            10.669414
          ],
          [
            122.955531,
            10.669437
          ],
          [
            122.955176,
            10.66959
          ],
          [
            122.955033,
            10.669659
          ],
          [
            122.954909,
            10.669707
          ],
          [
            122.954887,
            10.669613
          ],
          [
            122.954646,
            10.669061
          ],
          [
            122.954339,
            10.668357
          ],
          [
            122.95305,
            10.668824
          ],
          [
            122.952433,
            10.66739
          ],
          [
            122.952186,
            10.666825
          ],
          [
            122.951959,
            10.666266
          ],
          [
            122.951654,
            10.666398
          ],
          [
            122.951095,
            10.666631
          ],
          [
            122.950758,
            10.666776
          ],
          [
            122.949919,
            10.667147
          ],
          [
            122.949421,
            10.667348
          ],
          [
            122.948197,
            10.667838
          ],
          [
            122.947809,
            10.667983
          ],
          [
            122.947732,
            10.668016
          ],
          [
            122.947401,
            10.668143
          ],
          [
            122.947112,
            10.668254
          ],
          [
            122.947073,
            10.66827
          ],
          [
            122.94702,
            10.668259
          ],
          [
            122.946999,
            10.668237
          ],
          [
            122.946963,
            10.668206
          ],
          [
            122.946944,
            10.668165
          ],
          [
            122.946949,
            10.668175
          ],
          [
            122.946535,
            10.667212
          ],
          [
            122.947339,
            10.666873
          ],
          [
            122.947583,
            10.667449
          ],
          [
            122.947809,
            10.667983
          ],
          [
            122.947732,
            10.668016
          ],
          [
            122.947401,
            10.668143
          ],
          [
            122.947112,
            10.668254
          ],
          [
            122.947073,
            10.66827
          ],
          [
            122.947059,
            10.668294
          ],
          [
            122.947053,
            10.668312
          ],
          [
            122.947041,
            10.668368
          ],
          [
            122.94704,
            10.668407
          ],
          [
            122.947041,
            10.668461
          ],
          [
            122.94704,
            10.668514
          ],
          [
            122.947047,
            10.668568
          ],
          [
            122.947249,
            10.669006
          ],
          [
            122.947302,
            10.669132
          ],
          [
            122.947416,
            10.669383
          ],
          [
            122.947492,
            10.669567
          ],
          [
            122.947564,
            10.669734
          ],
          [
            122.947759,
            10.670147
          ],
          [
            122.948148,
            10.670986
          ],
          [
            122.94865,
            10.670728
          ],
          [
            122.948805,
            10.67065
          ],
          [
            122.949096,
            10.670498
          ],
          [
            122.949253,
            10.670415
          ],
          [
            122.950444,
            10.669823
          ],
          [
            122.951043,
            10.669595
          ],
          [
            122.951118,
            10.669568
          ],
          [
            122.951366,
            10.66947
          ],
          [
            122.951526,
            10.669409
          ],
          [
            122.951825,
            10.669294
          ],
          [
            122.951978,
            10.669238
          ],
          [
            122.952192,
            10.669154
          ],
          [
            122.952605,
            10.668982
          ],
          [
            122.95305,
            10.668824
          ],
          [
            122.954339,
            10.668357
          ],
          [
            122.954646,
            10.669061
          ],
          [
            122.954887,
            10.669613
          ],
          [
            122.954909,
            10.669707
          ],
          [
            122.955033,
            10.669659
          ],
          [
            122.955176,
            10.66959
          ],
          [
            122.955531,
            10.669437
          ],
          [
            122.955585,
            10.669414
          ],
          [
            122.955635,
            10.669391
          ],
          [
            122.955671,
            10.669379
          ],
          [
            122.955773,
            10.669334
          ],
          [
            122.956072,
            10.669203
          ],
          [
            122.956424,
            10.669052
          ],
          [
            122.956763,
            10.668909
          ],
          [
            122.956887,
            10.668854
          ],
          [
            122.957661,
            10.668527
          ],
          [
            122.957805,
            10.668464
          ],
          [
            122.958493,
            10.668185
          ],
          [
            122.95927,
            10.667834
          ],
          [
            122.95939,
            10.667782
          ],
          [
            122.960187,
            10.667442
          ],
          [
            122.96055,
            10.667286
          ],
          [
            122.96091,
            10.667132
          ],
          [
            122.960977,
            10.667105
          ],
          [
            122.9612,
            10.667008
          ],
          [
            122.961522,
            10.66687
          ],
          [
            122.962212,
            10.666575
          ],
          [
            122.962699,
            10.666369
          ],
          [
            122.963187,
            10.666161
          ],
          [
            122.96333,
            10.666096
          ],
          [
            122.963701,
            10.665937
          ],
          [
            122.963837,
            10.665876
          ],
          [
            122.964172,
            10.665736
          ],
          [
            122.964497,
            10.665597
          ],
          [
            122.964659,
            10.665527
          ],
          [
            122.965149,
            10.665313
          ],
          [
            122.96653,
            10.664729
          ],
          [
            122.96689,
            10.664569
          ],
          [
            122.966928,
            10.664555
          ],
          [
            122.967035,
            10.66451
          ],
          [
            122.967101,
            10.664483
          ],
          [
            122.967214,
            10.664436
          ],
          [
            122.967367,
            10.664373
          ],
          [
            122.967553,
            10.664293
          ],
          [
            122.967701,
            10.664229
          ],
          [
            122.967646,
            10.664106
          ],
          [
            122.967515,
            10.663814
          ],
          [
            122.967496,
            10.66377
          ],
          [
            122.967442,
            10.663651
          ],
          [
            122.967323,
            10.663384
          ],
          [
            122.967154,
            10.663007
          ],
          [
            122.967089,
            10.662862
          ],
          [
            122.96705,
            10.662732
          ],
          [
            122.966938,
            10.662514
          ],
          [
            122.966854,
            10.662352
          ],
          [
            122.966763,
            10.662193
          ],
          [
            122.966659,
            10.662022
          ],
          [
            122.966249,
            10.661364
          ],
          [
            122.96603,
            10.661015
          ],
          [
            122.965893,
            10.660807
          ],
          [
            122.965502,
            10.660183
          ],
          [
            122.965428,
            10.660071
          ],
          [
            122.965366,
            10.659956
          ],
          [
            122.965336,
            10.659875
          ],
          [
            122.965312,
            10.659804
          ],
          [
            122.965289,
            10.659725
          ],
          [
            122.965277,
            10.659646
          ],
          [
            122.965265,
            10.659557
          ],
          [
            122.965263,
            10.659482
          ],
          [
            122.965286,
            10.658741
          ],
          [
            122.965306,
            10.65874
          ],
          [
            122.965343,
            10.658736
          ],
          [
            122.965383,
            10.658721
          ],
          [
            122.965422,
            10.658703
          ],
          [
            122.965771,
            10.658492
          ],
          [
            122.966535,
            10.658007
          ],
          [
            122.966741,
            10.658332
          ],
          [
            122.966758,
            10.658359
          ],
          [
            122.966821,
            10.658461
          ],
          [
            122.966877,
            10.658551
          ],
          [
            122.966924,
            10.658626
          ],
          [
            122.966983,
            10.65872
          ],
          [
            122.967022,
            10.658783
          ],
          [
            122.966749,
            10.658928
          ],
          [
            122.966734,
            10.658948
          ],
          [
            122.966734,
            10.658948
          ],
          [
            122.966737,
            10.658969
          ],
          [
            122.966799,
            10.659086
          ],
          [
            122.966818,
            10.659095
          ],
          [
            122.966841,
            10.659092
          ],
          [
            122.96711,
            10.658925
          ],
          [
            122.967186,
            10.659047
          ],
          [
            122.967235,
            10.659125
          ],
          [
            122.967035,
            10.659246
          ],
          [
            122.966778,
            10.659401
          ],
          [
            122.966865,
            10.659541
          ],
          [
            122.967218,
            10.660126
          ],
          [
            122.967468,
            10.659955
          ],
          [
            122.967655,
            10.659841
          ],
          [
            122.967902,
            10.65969
          ],
          [
            122.968596,
            10.659217
          ],
          [
            122.969161,
            10.658909
          ],
          [
            122.969379,
            10.658791
          ],
          [
            122.969676,
            10.658626
          ],
          [
            122.969863,
            10.65852
          ],
          [
            122.969991,
            10.65845
          ],
          [
            122.970105,
            10.658386
          ],
          [
            122.970311,
            10.658291
          ],
          [
            122.970535,
            10.658194
          ],
          [
            122.972474,
            10.657441
          ],
          [
            122.972958,
            10.65726
          ],
          [
            122.973162,
            10.657184
          ],
          [
            122.973296,
            10.65713
          ],
          [
            122.973415,
            10.657071
          ],
          [
            122.973532,
            10.657003
          ],
          [
            122.973628,
            10.65694
          ],
          [
            122.973766,
            10.656839
          ],
          [
            122.973872,
            10.656746
          ],
          [
            122.973953,
            10.656648
          ],
          [
            122.974035,
            10.65653
          ],
          [
            122.974099,
            10.656418
          ],
          [
            122.97416,
            10.656281
          ],
          [
            122.974221,
            10.656118
          ],
          [
            122.974282,
            10.655953
          ],
          [
            122.974444,
            10.65549
          ],
          [
            122.974578,
            10.655069
          ],
          [
            122.974621,
            10.654959
          ],
          [
            122.974648,
            10.654883
          ],
          [
            122.974679,
            10.654817
          ],
          [
            122.974733,
            10.65473
          ],
          [
            122.974783,
            10.654677
          ],
          [
            122.974874,
            10.654624
          ],
          [
            122.974959,
            10.654591
          ],
          [
            122.97518,
            10.65453
          ],
          [
            122.975426,
            10.654482
          ],
          [
            122.975641,
            10.654421
          ],
          [
            122.975772,
            10.654379
          ],
          [
            122.975884,
            10.65431
          ],
          [
            122.975968,
            10.654232
          ],
          [
            122.976047,
            10.654137
          ],
          [
            122.976177,
            10.653907
          ],
          [
            122.97632,
            10.653592
          ],
          [
            122.976349,
            10.653512
          ],
          [
            122.976507,
            10.65314
          ],
          [
            122.976545,
            10.653027
          ],
          [
            122.976625,
            10.652886
          ],
          [
            122.976687,
            10.652803
          ],
          [
            122.976781,
            10.652729
          ],
          [
            122.976961,
            10.652662
          ],
          [
            122.977129,
            10.652623
          ],
          [
            122.977991,
            10.652437
          ],
          [
            122.978645,
            10.652297
          ],
          [
            122.979053,
            10.652204
          ],
          [
            122.979345,
            10.652132
          ],
          [
            122.980531,
            10.651855
          ],
          [
            122.980482,
            10.651664
          ],
          [
            122.980397,
            10.651333
          ],
          [
            122.980291,
            10.650918
          ],
          [
            122.980773,
            10.650807
          ],
          [
            122.981852,
            10.650544
          ],
          [
            122.981748,
            10.650106
          ],
          [
            122.982011,
            10.650043
          ]
        ],
        "type": "LineString"
      }
    },
    {
      "type": "Feature",
      "properties": {
        "number": 23,
        "id": "bredco-northbound",
        "name": "BREDCO Port \u2013 Northbound Terminal via San Juan St. Loop",
        "color": "#20b994",
        "status": "inferred_from_lptrp_anchors",
        "distance_km": 20.39,
        "anchors": [
          {
            "id": "bredco",
            "name": "Bredco",
            "lng": 122.94202,
            "lat": 10.67774
          },
          {
            "id": "sm",
            "name": "Sm",
            "lng": 122.94436,
            "lat": 10.67221
          },
          {
            "id": "central_market",
            "name": "Central Market",
            "lng": 122.94719,
            "lat": 10.66761
          },
          {
            "id": "ayala",
            "name": "Ayala",
            "lng": 122.94955,
            "lat": 10.67702
          },
          {
            "id": "lacson_north",
            "name": "Lacson North",
            "lng": 122.963,
            "lat": 10.692
          },
          {
            "id": "north_terminal",
            "name": "North Terminal",
            "lng": 122.96312,
            "lat": 10.70655
          }
        ],
        "return_anchors": [],
        "mode": "jeepney"
      },
      "geometry": {
        "coordinates": [
          [
            122.942528,
            10.677535
          ],
          [
            122.942906,
            10.67844
          ],
          [
            122.943042,
            10.678766
          ],
          [
            122.943889,
            10.678433
          ],
          [
            122.944094,
            10.678351
          ],
          [
            122.945111,
            10.677942
          ],
          [
            122.946101,
            10.677543
          ],
          [
            122.947006,
            10.677192
          ],
          [
            122.947322,
            10.677066
          ],
          [
            122.947575,
            10.67694
          ],
          [
            122.947716,
            10.67676
          ],
          [
            122.94774,
            10.676645
          ],
          [
            122.94774,
            10.676512
          ],
          [
            122.947365,
            10.675613
          ],
          [
            122.946885,
            10.674446
          ],
          [
            122.946399,
            10.673312
          ],
          [
            122.946174,
            10.672749
          ],
          [
            122.946107,
            10.672585
          ],
          [
            122.945927,
            10.672136
          ],
          [
            122.945689,
            10.671542
          ],
          [
            122.945253,
            10.670564
          ],
          [
            122.944814,
            10.670743
          ],
          [
            122.9447,
            10.670789
          ],
          [
            122.94476,
            10.670953
          ],
          [
            122.944795,
            10.671028
          ],
          [
            122.944837,
            10.671096
          ],
          [
            122.944422,
            10.671248
          ],
          [
            122.944271,
            10.671304
          ],
          [
            122.944282,
            10.671299
          ],
          [
            122.944042,
            10.671389
          ],
          [
            122.944015,
            10.671399
          ],
          [
            122.943889,
            10.671448
          ],
          [
            122.94366,
            10.671539
          ],
          [
            122.943571,
            10.671574
          ],
          [
            122.943494,
            10.671604
          ],
          [
            122.943056,
            10.671774
          ],
          [
            122.942941,
            10.671497
          ],
          [
            122.942522,
            10.671655
          ],
          [
            122.942335,
            10.671217
          ],
          [
            122.941588,
            10.669452
          ],
          [
            122.941555,
            10.669364
          ],
          [
            122.942098,
            10.669149
          ],
          [
            122.942276,
            10.669083
          ],
          [
            122.943295,
            10.668656
          ],
          [
            122.943463,
            10.668587
          ],
          [
            122.94365,
            10.668505
          ],
          [
            122.943748,
            10.66846
          ],
          [
            122.943866,
            10.668389
          ],
          [
            122.94405,
            10.668281
          ],
          [
            122.944136,
            10.66823
          ],
          [
            122.94421,
            10.668191
          ],
          [
            122.944322,
            10.668141
          ],
          [
            122.944475,
            10.668071
          ],
          [
            122.945179,
            10.667774
          ],
          [
            122.945518,
            10.667627
          ],
          [
            122.946535,
            10.667212
          ],
          [
            122.947339,
            10.666873
          ],
          [
            122.947583,
            10.667449
          ],
          [
            122.947809,
            10.667983
          ],
          [
            122.947732,
            10.668016
          ],
          [
            122.947401,
            10.668143
          ],
          [
            122.947112,
            10.668254
          ],
          [
            122.947073,
            10.66827
          ],
          [
            122.947059,
            10.668294
          ],
          [
            122.947053,
            10.668312
          ],
          [
            122.947041,
            10.668368
          ],
          [
            122.94704,
            10.668407
          ],
          [
            122.947041,
            10.668461
          ],
          [
            122.94704,
            10.668514
          ],
          [
            122.947047,
            10.668568
          ],
          [
            122.947249,
            10.669006
          ],
          [
            122.947302,
            10.669132
          ],
          [
            122.947416,
            10.669383
          ],
          [
            122.947492,
            10.669567
          ],
          [
            122.947564,
            10.669734
          ],
          [
            122.947759,
            10.670147
          ],
          [
            122.948148,
            10.670986
          ],
          [
            122.948207,
            10.671108
          ],
          [
            122.94832,
            10.671356
          ],
          [
            122.948384,
            10.67149
          ],
          [
            122.948433,
            10.671597
          ],
          [
            122.948717,
            10.672212
          ],
          [
            122.948767,
            10.67233
          ],
          [
            122.948061,
            10.672617
          ],
          [
            122.947811,
            10.672739
          ],
          [
            122.947925,
            10.67295
          ],
          [
            122.947951,
            10.673039
          ],
          [
            122.947976,
            10.673158
          ],
          [
            122.948098,
            10.674481
          ],
          [
            122.948167,
            10.67522
          ],
          [
            122.948216,
            10.675873
          ],
          [
            122.948244,
            10.676171
          ],
          [
            122.948267,
            10.676297
          ],
          [
            122.948282,
            10.676379
          ],
          [
            122.948307,
            10.676458
          ],
          [
            122.948373,
            10.676641
          ],
          [
            122.948451,
            10.676856
          ],
          [
            122.948499,
            10.676991
          ],
          [
            122.948526,
            10.677063
          ],
          [
            122.948711,
            10.677576
          ],
          [
            122.948733,
            10.677634
          ],
          [
            122.948911,
            10.678125
          ],
          [
            122.949048,
            10.678073
          ],
          [
            122.949179,
            10.678019
          ],
          [
            122.949124,
            10.67787
          ],
          [
            122.949103,
            10.677808
          ],
          [
            122.94909,
            10.677774
          ],
          [
            122.949076,
            10.677731
          ],
          [
            122.949071,
            10.677691
          ],
          [
            122.949077,
            10.677656
          ],
          [
            122.949087,
            10.677631
          ],
          [
            122.949106,
            10.677607
          ],
          [
            122.94913,
            10.677593
          ],
          [
            122.949166,
            10.677582
          ],
          [
            122.949195,
            10.677583
          ],
          [
            122.949228,
            10.677603
          ],
          [
            122.949276,
            10.677595
          ],
          [
            122.949276,
            10.677595
          ],
          [
            122.949228,
            10.677603
          ],
          [
            122.949195,
            10.677583
          ],
          [
            122.949166,
            10.677582
          ],
          [
            122.94913,
            10.677593
          ],
          [
            122.949106,
            10.677607
          ],
          [
            122.949087,
            10.677631
          ],
          [
            122.949077,
            10.677656
          ],
          [
            122.949071,
            10.677691
          ],
          [
            122.949076,
            10.677731
          ],
          [
            122.94909,
            10.677774
          ],
          [
            122.949103,
            10.677808
          ],
          [
            122.949124,
            10.67787
          ],
          [
            122.949179,
            10.678019
          ],
          [
            122.949527,
            10.677884
          ],
          [
            122.950421,
            10.67754
          ],
          [
            122.950787,
            10.677408
          ],
          [
            122.950958,
            10.677346
          ],
          [
            122.951122,
            10.677274
          ],
          [
            122.951637,
            10.67708
          ],
          [
            122.951768,
            10.677029
          ],
          [
            122.952176,
            10.676866
          ],
          [
            122.952675,
            10.676668
          ],
          [
            122.95309,
            10.676503
          ],
          [
            122.953185,
            10.676466
          ],
          [
            122.953217,
            10.676544
          ],
          [
            122.953344,
            10.67685
          ],
          [
            122.953369,
            10.676911
          ],
          [
            122.953422,
            10.677037
          ],
          [
            122.953487,
            10.677194
          ],
          [
            122.953537,
            10.677312
          ],
          [
            122.953616,
            10.677505
          ],
          [
            122.953639,
            10.677564
          ],
          [
            122.953672,
            10.67764
          ],
          [
            122.95375,
            10.67783
          ],
          [
            122.953783,
            10.677907
          ],
          [
            122.953813,
            10.677979
          ],
          [
            122.953996,
            10.678419
          ],
          [
            122.954023,
            10.678485
          ],
          [
            122.954188,
            10.678882
          ],
          [
            122.954221,
            10.678961
          ],
          [
            122.954274,
            10.679091
          ],
          [
            122.954428,
            10.679464
          ],
          [
            122.954448,
            10.679513
          ],
          [
            122.954627,
            10.67995
          ],
          [
            122.954648,
            10.679995
          ],
          [
            122.954823,
            10.680426
          ],
          [
            122.954841,
            10.680469
          ],
          [
            122.955024,
            10.680913
          ],
          [
            122.955279,
            10.681533
          ],
          [
            122.955495,
            10.682058
          ],
          [
            122.955691,
            10.682534
          ],
          [
            122.95572,
            10.682606
          ],
          [
            122.955839,
            10.682896
          ],
          [
            122.955888,
            10.683014
          ],
          [
            122.955942,
            10.683138
          ],
          [
            122.956095,
            10.683516
          ],
          [
            122.956178,
            10.683703
          ],
          [
            122.956244,
            10.683867
          ],
          [
            122.956294,
            10.683975
          ],
          [
            122.956322,
            10.68403
          ],
          [
            122.956345,
            10.684075
          ],
          [
            122.956547,
            10.684567
          ],
          [
            122.956608,
            10.684716
          ],
          [
            122.956703,
            10.684957
          ],
          [
            122.956747,
            10.685064
          ],
          [
            122.956805,
            10.685199
          ],
          [
            122.956825,
            10.685246
          ],
          [
            122.956904,
            10.685445
          ],
          [
            122.956942,
            10.685532
          ],
          [
            122.956977,
            10.685612
          ],
          [
            122.957092,
            10.685896
          ],
          [
            122.957145,
            10.686025
          ],
          [
            122.957167,
            10.686076
          ],
          [
            122.957238,
            10.686214
          ],
          [
            122.957297,
            10.686354
          ],
          [
            122.957367,
            10.686525
          ],
          [
            122.957505,
            10.686878
          ],
          [
            122.957596,
            10.687092
          ],
          [
            122.957733,
            10.687422
          ],
          [
            122.957793,
            10.687575
          ],
          [
            122.957923,
            10.687887
          ],
          [
            122.958135,
            10.688415
          ],
          [
            122.958181,
            10.688526
          ],
          [
            122.958239,
            10.688687
          ],
          [
            122.958326,
            10.688905
          ],
          [
            122.958493,
            10.689305
          ],
          [
            122.958691,
            10.689794
          ],
          [
            122.95875,
            10.68995
          ],
          [
            122.958804,
            10.690085
          ],
          [
            122.958897,
            10.690318
          ],
          [
            122.958953,
            10.690459
          ],
          [
            122.959188,
            10.691035
          ],
          [
            122.959232,
            10.691146
          ],
          [
            122.959391,
            10.69153
          ],
          [
            122.959443,
            10.691671
          ],
          [
            122.959498,
            10.691799
          ],
          [
            122.95954,
            10.691906
          ],
          [
            122.959579,
            10.692007
          ],
          [
            122.959706,
            10.692311
          ],
          [
            122.959791,
            10.69252
          ],
          [
            122.959937,
            10.692883
          ],
          [
            122.960096,
            10.693265
          ],
          [
            122.96015,
            10.693404
          ],
          [
            122.960271,
            10.693712
          ],
          [
            122.960315,
            10.693821
          ],
          [
            122.960481,
            10.694227
          ],
          [
            122.960533,
            10.694345
          ],
          [
            122.960602,
            10.694533
          ],
          [
            122.960646,
            10.694651
          ],
          [
            122.960785,
            10.694984
          ],
          [
            122.960845,
            10.695143
          ],
          [
            122.960952,
            10.695398
          ],
          [
            122.961098,
            10.695766
          ],
          [
            122.961169,
            10.69594
          ],
          [
            122.961404,
            10.695851
          ],
          [
            122.962303,
            10.695497
          ],
          [
            122.96244,
            10.695443
          ],
          [
            122.963035,
            10.695197
          ],
          [
            122.963695,
            10.694922
          ],
          [
            122.964108,
            10.694763
          ],
          [
            122.964955,
            10.694435
          ],
          [
            122.96524,
            10.694321
          ],
          [
            122.965148,
            10.694114
          ],
          [
            122.964976,
            10.693744
          ],
          [
            122.96494,
            10.693492
          ],
          [
            122.964947,
            10.693323
          ],
          [
            122.964879,
            10.693139
          ],
          [
            122.964851,
            10.693053
          ],
          [
            122.964766,
            10.692804
          ],
          [
            122.964695,
            10.692568
          ],
          [
            122.964617,
            10.69236
          ],
          [
            122.964536,
            10.692174
          ],
          [
            122.964115,
            10.691149
          ],
          [
            122.96399,
            10.690851
          ],
          [
            122.963881,
            10.690509
          ],
          [
            122.96399,
            10.690851
          ],
          [
            122.964115,
            10.691149
          ],
          [
            122.964259,
            10.691501
          ],
          [
            122.964536,
            10.692174
          ],
          [
            122.964617,
            10.69236
          ],
          [
            122.964695,
            10.692568
          ],
          [
            122.964766,
            10.692804
          ],
          [
            122.964851,
            10.693053
          ],
          [
            122.964879,
            10.693139
          ],
          [
            122.964947,
            10.693323
          ],
          [
            122.96494,
            10.693492
          ],
          [
            122.964976,
            10.693744
          ],
          [
            122.965148,
            10.694114
          ],
          [
            122.96524,
            10.694321
          ],
          [
            122.964955,
            10.694435
          ],
          [
            122.964108,
            10.694763
          ],
          [
            122.963695,
            10.694922
          ],
          [
            122.963035,
            10.695197
          ],
          [
            122.96244,
            10.695443
          ],
          [
            122.962303,
            10.695497
          ],
          [
            122.961404,
            10.695851
          ],
          [
            122.961169,
            10.69594
          ],
          [
            122.961193,
            10.696003
          ],
          [
            122.961216,
            10.696053
          ],
          [
            122.961324,
            10.69633
          ],
          [
            122.961434,
            10.696612
          ],
          [
            122.961528,
            10.696862
          ],
          [
            122.961585,
            10.697006
          ],
          [
            122.961668,
            10.697215
          ],
          [
            122.961745,
            10.69741
          ],
          [
            122.961764,
            10.697453
          ],
          [
            122.961872,
            10.697741
          ],
          [
            122.961966,
            10.69802
          ],
          [
            122.962029,
            10.69826
          ],
          [
            122.96205,
            10.69833
          ],
          [
            122.962107,
            10.698626
          ],
          [
            122.962155,
            10.698954
          ],
          [
            122.962176,
            10.699146
          ],
          [
            122.962186,
            10.699255
          ],
          [
            122.962188,
            10.699418
          ],
          [
            122.96219,
            10.699528
          ],
          [
            122.962205,
            10.700096
          ],
          [
            122.962209,
            10.700331
          ],
          [
            122.962212,
            10.700448
          ],
          [
            122.96222,
            10.700788
          ],
          [
            122.962232,
            10.701223
          ],
          [
            122.962233,
            10.70144
          ],
          [
            122.96224,
            10.701671
          ],
          [
            122.962251,
            10.702108
          ],
          [
            122.962252,
            10.70223
          ],
          [
            122.962252,
            10.702388
          ],
          [
            122.962259,
            10.702507
          ],
          [
            122.962266,
            10.702932
          ],
          [
            122.96234,
            10.703271
          ],
          [
            122.962352,
            10.703556
          ],
          [
            122.962351,
            10.703829
          ],
          [
            122.962353,
            10.70415
          ],
          [
            122.962365,
            10.70443
          ],
          [
            122.96238,
            10.704718
          ],
          [
            122.96238,
            10.705056
          ],
          [
            122.962394,
            10.705806
          ],
          [
            122.962456,
            10.705836
          ],
          [
            122.962677,
            10.705923
          ],
          [
            122.962878,
            10.705923
          ],
          [
            122.963093,
            10.705922
          ],
          [
            122.963288,
            10.705926
          ],
          [
            122.963284,
            10.706091
          ],
          [
            122.96328,
            10.706551
          ],
          [
            122.963278,
            10.706714
          ],
          [
            122.96326,
            10.706788
          ],
          [
            122.96321,
            10.706844
          ],
          [
            122.963124,
            10.706883
          ],
          [
            122.962862,
            10.70689
          ],
          [
            122.962789,
            10.706878
          ],
          [
            122.962738,
            10.706854
          ],
          [
            122.962634,
            10.706796
          ],
          [
            122.962542,
            10.706767
          ],
          [
            122.962457,
            10.706757
          ],
          [
            122.962411,
            10.706768
          ],
          [
            122.962404,
            10.706878
          ],
          [
            122.962403,
            10.707411
          ],
          [
            122.962394,
            10.707861
          ],
          [
            122.962381,
            10.708103
          ],
          [
            122.962363,
            10.708383
          ],
          [
            122.96233,
            10.708758
          ],
          [
            122.96231,
            10.708963
          ],
          [
            122.962155,
            10.70895
          ],
          [
            122.962179,
            10.708743
          ],
          [
            122.962216,
            10.708369
          ],
          [
            122.962235,
            10.708105
          ],
          [
            122.962251,
            10.707859
          ],
          [
            122.962287,
            10.707395
          ],
          [
            122.96229,
            10.707119
          ],
          [
            122.962288,
            10.706887
          ],
          [
            122.962344,
            10.706591
          ],
          [
            122.962343,
            10.706331
          ],
          [
            122.962338,
            10.706085
          ],
          [
            122.962285,
            10.703624
          ],
          [
            122.962266,
            10.702932
          ],
          [
            122.962259,
            10.702507
          ],
          [
            122.962252,
            10.702388
          ],
          [
            122.962252,
            10.70223
          ],
          [
            122.962251,
            10.702108
          ],
          [
            122.96224,
            10.701671
          ],
          [
            122.962233,
            10.70144
          ],
          [
            122.962232,
            10.701223
          ],
          [
            122.96222,
            10.700788
          ],
          [
            122.962212,
            10.700448
          ],
          [
            122.962209,
            10.700331
          ],
          [
            122.962205,
            10.700096
          ],
          [
            122.96219,
            10.699528
          ],
          [
            122.962188,
            10.699418
          ],
          [
            122.962186,
            10.699255
          ],
          [
            122.962176,
            10.699146
          ],
          [
            122.962155,
            10.698954
          ],
          [
            122.962107,
            10.698626
          ],
          [
            122.96205,
            10.69833
          ],
          [
            122.962029,
            10.69826
          ],
          [
            122.961966,
            10.69802
          ],
          [
            122.961872,
            10.697741
          ],
          [
            122.961764,
            10.697453
          ],
          [
            122.961745,
            10.69741
          ],
          [
            122.961668,
            10.697215
          ],
          [
            122.961585,
            10.697006
          ],
          [
            122.961528,
            10.696862
          ],
          [
            122.961434,
            10.696612
          ],
          [
            122.961324,
            10.69633
          ],
          [
            122.961216,
            10.696053
          ],
          [
            122.961193,
            10.696003
          ],
          [
            122.961169,
            10.69594
          ],
          [
            122.961404,
            10.695851
          ],
          [
            122.962303,
            10.695497
          ],
          [
            122.96244,
            10.695443
          ],
          [
            122.963035,
            10.695197
          ],
          [
            122.963695,
            10.694922
          ],
          [
            122.964108,
            10.694763
          ],
          [
            122.964955,
            10.694435
          ],
          [
            122.96524,
            10.694321
          ],
          [
            122.965148,
            10.694114
          ],
          [
            122.964976,
            10.693744
          ],
          [
            122.96494,
            10.693492
          ],
          [
            122.964947,
            10.693323
          ],
          [
            122.964879,
            10.693139
          ],
          [
            122.964851,
            10.693053
          ],
          [
            122.964766,
            10.692804
          ],
          [
            122.964695,
            10.692568
          ],
          [
            122.964617,
            10.69236
          ],
          [
            122.964536,
            10.692174
          ],
          [
            122.964115,
            10.691149
          ],
          [
            122.96399,
            10.690851
          ],
          [
            122.963881,
            10.690509
          ],
          [
            122.96399,
            10.690851
          ],
          [
            122.964115,
            10.691149
          ],
          [
            122.964259,
            10.691501
          ],
          [
            122.964536,
            10.692174
          ],
          [
            122.964617,
            10.69236
          ],
          [
            122.964695,
            10.692568
          ],
          [
            122.964766,
            10.692804
          ],
          [
            122.964851,
            10.693053
          ],
          [
            122.964879,
            10.693139
          ],
          [
            122.964947,
            10.693323
          ],
          [
            122.96494,
            10.693492
          ],
          [
            122.964976,
            10.693744
          ],
          [
            122.965148,
            10.694114
          ],
          [
            122.96524,
            10.694321
          ],
          [
            122.964955,
            10.694435
          ],
          [
            122.964108,
            10.694763
          ],
          [
            122.963695,
            10.694922
          ],
          [
            122.963035,
            10.695197
          ],
          [
            122.96244,
            10.695443
          ],
          [
            122.962303,
            10.695497
          ],
          [
            122.961404,
            10.695851
          ],
          [
            122.961169,
            10.69594
          ],
          [
            122.961098,
            10.695766
          ],
          [
            122.960952,
            10.695398
          ],
          [
            122.960845,
            10.695143
          ],
          [
            122.960785,
            10.694984
          ],
          [
            122.960646,
            10.694651
          ],
          [
            122.960602,
            10.694533
          ],
          [
            122.960533,
            10.694345
          ],
          [
            122.960481,
            10.694227
          ],
          [
            122.960315,
            10.693821
          ],
          [
            122.960271,
            10.693712
          ],
          [
            122.96015,
            10.693404
          ],
          [
            122.960096,
            10.693265
          ],
          [
            122.959937,
            10.692883
          ],
          [
            122.959791,
            10.69252
          ],
          [
            122.959706,
            10.692311
          ],
          [
            122.959579,
            10.692007
          ],
          [
            122.95954,
            10.691906
          ],
          [
            122.959498,
            10.691799
          ],
          [
            122.959443,
            10.691671
          ],
          [
            122.959391,
            10.69153
          ],
          [
            122.959232,
            10.691146
          ],
          [
            122.959188,
            10.691035
          ],
          [
            122.958953,
            10.690459
          ],
          [
            122.958897,
            10.690318
          ],
          [
            122.958804,
            10.690085
          ],
          [
            122.95875,
            10.68995
          ],
          [
            122.958691,
            10.689794
          ],
          [
            122.958493,
            10.689305
          ],
          [
            122.958326,
            10.688905
          ],
          [
            122.958239,
            10.688687
          ],
          [
            122.958181,
            10.688526
          ],
          [
            122.958135,
            10.688415
          ],
          [
            122.957923,
            10.687887
          ],
          [
            122.957793,
            10.687575
          ],
          [
            122.957733,
            10.687422
          ],
          [
            122.957596,
            10.687092
          ],
          [
            122.957505,
            10.686878
          ],
          [
            122.957367,
            10.686525
          ],
          [
            122.957297,
            10.686354
          ],
          [
            122.957238,
            10.686214
          ],
          [
            122.957167,
            10.686076
          ],
          [
            122.957145,
            10.686025
          ],
          [
            122.957092,
            10.685896
          ],
          [
            122.956977,
            10.685612
          ],
          [
            122.956942,
            10.685532
          ],
          [
            122.956904,
            10.685445
          ],
          [
            122.956825,
            10.685246
          ],
          [
            122.956805,
            10.685199
          ],
          [
            122.956747,
            10.685064
          ],
          [
            122.956703,
            10.684957
          ],
          [
            122.956608,
            10.684716
          ],
          [
            122.956547,
            10.684567
          ],
          [
            122.956345,
            10.684075
          ],
          [
            122.956322,
            10.68403
          ],
          [
            122.956294,
            10.683975
          ],
          [
            122.956244,
            10.683867
          ],
          [
            122.956178,
            10.683703
          ],
          [
            122.956095,
            10.683516
          ],
          [
            122.955942,
            10.683138
          ],
          [
            122.955888,
            10.683014
          ],
          [
            122.955839,
            10.682896
          ],
          [
            122.95572,
            10.682606
          ],
          [
            122.955691,
            10.682534
          ],
          [
            122.955495,
            10.682058
          ],
          [
            122.955279,
            10.681533
          ],
          [
            122.955024,
            10.680913
          ],
          [
            122.954841,
            10.680469
          ],
          [
            122.954823,
            10.680426
          ],
          [
            122.954648,
            10.679995
          ],
          [
            122.954627,
            10.67995
          ],
          [
            122.954448,
            10.679513
          ],
          [
            122.954428,
            10.679464
          ],
          [
            122.954274,
            10.679091
          ],
          [
            122.954221,
            10.678961
          ],
          [
            122.954188,
            10.678882
          ],
          [
            122.954023,
            10.678485
          ],
          [
            122.953996,
            10.678419
          ],
          [
            122.953813,
            10.677979
          ],
          [
            122.953783,
            10.677907
          ],
          [
            122.95375,
            10.67783
          ],
          [
            122.953672,
            10.67764
          ],
          [
            122.953639,
            10.677564
          ],
          [
            122.953616,
            10.677505
          ],
          [
            122.953537,
            10.677312
          ],
          [
            122.953487,
            10.677194
          ],
          [
            122.953422,
            10.677037
          ],
          [
            122.953369,
            10.676911
          ],
          [
            122.953344,
            10.67685
          ],
          [
            122.953217,
            10.676544
          ],
          [
            122.953185,
            10.676466
          ],
          [
            122.95309,
            10.676503
          ],
          [
            122.952675,
            10.676668
          ],
          [
            122.952176,
            10.676866
          ],
          [
            122.951768,
            10.677029
          ],
          [
            122.951637,
            10.67708
          ],
          [
            122.951122,
            10.677274
          ],
          [
            122.950958,
            10.677346
          ],
          [
            122.950787,
            10.677408
          ],
          [
            122.950421,
            10.67754
          ],
          [
            122.949527,
            10.677884
          ],
          [
            122.949179,
            10.678019
          ],
          [
            122.949124,
            10.67787
          ],
          [
            122.949103,
            10.677808
          ],
          [
            122.94909,
            10.677774
          ],
          [
            122.949076,
            10.677731
          ],
          [
            122.949071,
            10.677691
          ],
          [
            122.949077,
            10.677656
          ],
          [
            122.949087,
            10.677631
          ],
          [
            122.949106,
            10.677607
          ],
          [
            122.94913,
            10.677593
          ],
          [
            122.949166,
            10.677582
          ],
          [
            122.949195,
            10.677583
          ],
          [
            122.949228,
            10.677603
          ],
          [
            122.949276,
            10.677595
          ],
          [
            122.949276,
            10.677595
          ],
          [
            122.949228,
            10.677603
          ],
          [
            122.949195,
            10.677583
          ],
          [
            122.949166,
            10.677582
          ],
          [
            122.94913,
            10.677593
          ],
          [
            122.949106,
            10.677607
          ],
          [
            122.949087,
            10.677631
          ],
          [
            122.949077,
            10.677656
          ],
          [
            122.949071,
            10.677691
          ],
          [
            122.949076,
            10.677731
          ],
          [
            122.94909,
            10.677774
          ],
          [
            122.949103,
            10.677808
          ],
          [
            122.949124,
            10.67787
          ],
          [
            122.949179,
            10.678019
          ],
          [
            122.949048,
            10.678073
          ],
          [
            122.948911,
            10.678125
          ],
          [
            122.948733,
            10.677634
          ],
          [
            122.948711,
            10.677576
          ],
          [
            122.948526,
            10.677063
          ],
          [
            122.948499,
            10.676991
          ],
          [
            122.948451,
            10.676856
          ],
          [
            122.948373,
            10.676641
          ],
          [
            122.948307,
            10.676458
          ],
          [
            122.948282,
            10.676379
          ],
          [
            122.948267,
            10.676297
          ],
          [
            122.948244,
            10.676171
          ],
          [
            122.948216,
            10.675873
          ],
          [
            122.948167,
            10.67522
          ],
          [
            122.948098,
            10.674481
          ],
          [
            122.947976,
            10.673158
          ],
          [
            122.947951,
            10.673039
          ],
          [
            122.947925,
            10.67295
          ],
          [
            122.947811,
            10.672739
          ],
          [
            122.947505,
            10.672293
          ],
          [
            122.947432,
            10.672189
          ],
          [
            122.947384,
            10.672123
          ],
          [
            122.947032,
            10.671609
          ],
          [
            122.946886,
            10.67141
          ],
          [
            122.946573,
            10.670931
          ],
          [
            122.946448,
            10.67074
          ],
          [
            122.946063,
            10.670207
          ],
          [
            122.945966,
            10.670085
          ],
          [
            122.945882,
            10.669971
          ],
          [
            122.945774,
            10.669821
          ],
          [
            122.945683,
            10.6697
          ],
          [
            122.945422,
            10.669346
          ],
          [
            122.945283,
            10.669183
          ],
          [
            122.945471,
            10.669076
          ],
          [
            122.946029,
            10.66882
          ],
          [
            122.946129,
            10.668773
          ],
          [
            122.946227,
            10.668733
          ],
          [
            122.946808,
            10.668477
          ],
          [
            122.94684,
            10.668463
          ],
          [
            122.9469,
            10.668423
          ],
          [
            122.946917,
            10.6684
          ],
          [
            122.946932,
            10.668379
          ],
          [
            122.946945,
            10.668358
          ],
          [
            122.946958,
            10.668331
          ],
          [
            122.946965,
            10.668302
          ],
          [
            122.946966,
            10.668274
          ],
          [
            122.946963,
            10.668206
          ],
          [
            122.946944,
            10.668165
          ],
          [
            122.946949,
            10.668175
          ],
          [
            122.946535,
            10.667212
          ],
          [
            122.947339,
            10.666873
          ],
          [
            122.947583,
            10.667449
          ],
          [
            122.947809,
            10.667983
          ],
          [
            122.947732,
            10.668016
          ],
          [
            122.947401,
            10.668143
          ],
          [
            122.947112,
            10.668254
          ],
          [
            122.947073,
            10.66827
          ],
          [
            122.947059,
            10.668294
          ],
          [
            122.947053,
            10.668312
          ],
          [
            122.947041,
            10.668368
          ],
          [
            122.94704,
            10.668407
          ],
          [
            122.947041,
            10.668461
          ],
          [
            122.94704,
            10.668514
          ],
          [
            122.947047,
            10.668568
          ],
          [
            122.947249,
            10.669006
          ],
          [
            122.947302,
            10.669132
          ],
          [
            122.947416,
            10.669383
          ],
          [
            122.947492,
            10.669567
          ],
          [
            122.946895,
            10.669826
          ],
          [
            122.946656,
            10.669936
          ],
          [
            122.946445,
            10.670032
          ],
          [
            122.946063,
            10.670207
          ],
          [
            122.945253,
            10.670564
          ],
          [
            122.944814,
            10.670743
          ],
          [
            122.9447,
            10.670789
          ],
          [
            122.94476,
            10.670953
          ],
          [
            122.944795,
            10.671028
          ],
          [
            122.944837,
            10.671096
          ],
          [
            122.944422,
            10.671248
          ],
          [
            122.944271,
            10.671304
          ],
          [
            122.944282,
            10.671299
          ],
          [
            122.944042,
            10.671389
          ],
          [
            122.944015,
            10.671399
          ],
          [
            122.943889,
            10.671448
          ],
          [
            122.94366,
            10.671539
          ],
          [
            122.943571,
            10.671574
          ],
          [
            122.943494,
            10.671604
          ],
          [
            122.943056,
            10.671774
          ],
          [
            122.942941,
            10.671497
          ],
          [
            122.942522,
            10.671655
          ],
          [
            122.943095,
            10.673062
          ],
          [
            122.943278,
            10.673516
          ],
          [
            122.943328,
            10.67364
          ],
          [
            122.94335,
            10.673694
          ],
          [
            122.943477,
            10.674005
          ],
          [
            122.943646,
            10.674418
          ],
          [
            122.942813,
            10.674764
          ],
          [
            122.942773,
            10.674783
          ],
          [
            122.9422,
            10.675053
          ],
          [
            122.942074,
            10.675238
          ],
          [
            122.941985,
            10.675349
          ],
          [
            122.941816,
            10.675764
          ],
          [
            122.941966,
            10.67619
          ],
          [
            122.942071,
            10.67644
          ],
          [
            122.942197,
            10.676743
          ],
          [
            122.942285,
            10.676952
          ],
          [
            122.942528,
            10.677535
          ]
        ],
        "type": "LineString"
      }
    },
    {
      "type": "Feature",
      "properties": {
        "number": 24,
        "id": "pahanocoy-bgc",
        "name": "Pahanocoy (CEGASCO) \u2013 Bacolod Government Center via Circumferential Rd. Loop",
        "color": "#d681d8",
        "status": "inferred_from_lptrp_anchors",
        "distance_km": 16.66,
        "anchors": [
          {
            "id": "pahanocoy",
            "name": "Pahanocoy",
            "lng": 122.93246,
            "lat": 10.61251
          },
          {
            "id": "bgc",
            "name": "Bgc",
            "lng": 122.96658,
            "lat": 10.65885
          }
        ],
        "return_anchors": [],
        "mode": "jeepney"
      },
      "geometry": {
        "coordinates": [
          [
            122.932712,
            10.612445
          ],
          [
            122.932834,
            10.612905
          ],
          [
            122.932913,
            10.613234
          ],
          [
            122.932994,
            10.613572
          ],
          [
            122.933084,
            10.613948
          ],
          [
            122.933415,
            10.613866
          ],
          [
            122.933988,
            10.613725
          ],
          [
            122.934558,
            10.61359
          ],
          [
            122.934937,
            10.613502
          ],
          [
            122.935697,
            10.613321
          ],
          [
            122.936152,
            10.613212
          ],
          [
            122.936567,
            10.613114
          ],
          [
            122.936642,
            10.613088
          ],
          [
            122.936737,
            10.613052
          ],
          [
            122.936902,
            10.612977
          ],
          [
            122.937579,
            10.612618
          ],
          [
            122.938156,
            10.612312
          ],
          [
            122.938277,
            10.612275
          ],
          [
            122.938572,
            10.612209
          ],
          [
            122.938816,
            10.612153
          ],
          [
            122.939046,
            10.612086
          ],
          [
            122.939375,
            10.61199
          ],
          [
            122.940418,
            10.611559
          ],
          [
            122.941293,
            10.611155
          ],
          [
            122.941927,
            10.61088
          ],
          [
            122.942118,
            10.6108
          ],
          [
            122.942171,
            10.610786
          ],
          [
            122.942441,
            10.610711
          ],
          [
            122.942457,
            10.610708
          ],
          [
            122.942615,
            10.610672
          ],
          [
            122.94281,
            10.610645
          ],
          [
            122.943078,
            10.610647
          ],
          [
            122.943872,
            10.610781
          ],
          [
            122.944021,
            10.610807
          ],
          [
            122.94426,
            10.610831
          ],
          [
            122.944797,
            10.610796
          ],
          [
            122.945187,
            10.610784
          ],
          [
            122.945917,
            10.610732
          ],
          [
            122.946263,
            10.610708
          ],
          [
            122.946532,
            10.610681
          ],
          [
            122.946768,
            10.610647
          ],
          [
            122.947,
            10.610607
          ],
          [
            122.947225,
            10.610557
          ],
          [
            122.947597,
            10.61047
          ],
          [
            122.947994,
            10.610377
          ],
          [
            122.948176,
            10.610333
          ],
          [
            122.948359,
            10.610297
          ],
          [
            122.948508,
            10.610276
          ],
          [
            122.948655,
            10.610262
          ],
          [
            122.948815,
            10.610249
          ],
          [
            122.949027,
            10.610236
          ],
          [
            122.949263,
            10.610221
          ],
          [
            122.949529,
            10.610203
          ],
          [
            122.949725,
            10.610181
          ],
          [
            122.949961,
            10.610146
          ],
          [
            122.950138,
            10.610117
          ],
          [
            122.950311,
            10.610088
          ],
          [
            122.950528,
            10.610051
          ],
          [
            122.950546,
            10.610175
          ],
          [
            122.950575,
            10.610318
          ],
          [
            122.950608,
            10.610453
          ],
          [
            122.950648,
            10.610589
          ],
          [
            122.95073,
            10.610862
          ],
          [
            122.950829,
            10.61119
          ],
          [
            122.950875,
            10.611345
          ],
          [
            122.950903,
            10.611437
          ],
          [
            122.950985,
            10.611708
          ],
          [
            122.951047,
            10.611909
          ],
          [
            122.951119,
            10.612134
          ],
          [
            122.951216,
            10.612458
          ],
          [
            122.951252,
            10.612586
          ],
          [
            122.951275,
            10.612711
          ],
          [
            122.951306,
            10.612928
          ],
          [
            122.951383,
            10.613533
          ],
          [
            122.951459,
            10.614121
          ],
          [
            122.951509,
            10.614531
          ],
          [
            122.951623,
            10.615664
          ],
          [
            122.951626,
            10.615697
          ],
          [
            122.951634,
            10.615768
          ],
          [
            122.951881,
            10.618014
          ],
          [
            122.951904,
            10.618175
          ],
          [
            122.951984,
            10.618406
          ],
          [
            122.952153,
            10.618828
          ],
          [
            122.952246,
            10.619049
          ],
          [
            122.95239,
            10.619374
          ],
          [
            122.95249,
            10.619619
          ],
          [
            122.952733,
            10.620214
          ],
          [
            122.952837,
            10.62044
          ],
          [
            122.95287,
            10.620527
          ],
          [
            122.953047,
            10.621019
          ],
          [
            122.953169,
            10.621383
          ],
          [
            122.953288,
            10.621837
          ],
          [
            122.953505,
            10.622646
          ],
          [
            122.95369,
            10.623385
          ],
          [
            122.953936,
            10.62434
          ],
          [
            122.954181,
            10.62529
          ],
          [
            122.954349,
            10.625863
          ],
          [
            122.954557,
            10.626751
          ],
          [
            122.954697,
            10.627225
          ],
          [
            122.954723,
            10.627292
          ],
          [
            122.954753,
            10.627343
          ],
          [
            122.954796,
            10.627396
          ],
          [
            122.954852,
            10.627462
          ],
          [
            122.954975,
            10.62758
          ],
          [
            122.955057,
            10.627674
          ],
          [
            122.955148,
            10.627793
          ],
          [
            122.955217,
            10.627908
          ],
          [
            122.955273,
            10.628047
          ],
          [
            122.955314,
            10.62816
          ],
          [
            122.955357,
            10.62828
          ],
          [
            122.955398,
            10.628402
          ],
          [
            122.955446,
            10.628571
          ],
          [
            122.95554,
            10.628854
          ],
          [
            122.955573,
            10.628994
          ],
          [
            122.955805,
            10.629694
          ],
          [
            122.955886,
            10.629943
          ],
          [
            122.955904,
            10.629999
          ],
          [
            122.956055,
            10.630452
          ],
          [
            122.956208,
            10.630909
          ],
          [
            122.956256,
            10.631055
          ],
          [
            122.95636,
            10.631375
          ],
          [
            122.956369,
            10.631405
          ],
          [
            122.956509,
            10.631812
          ],
          [
            122.956557,
            10.631933
          ],
          [
            122.956871,
            10.632692
          ],
          [
            122.957132,
            10.633325
          ],
          [
            122.957351,
            10.633886
          ],
          [
            122.957483,
            10.634236
          ],
          [
            122.957525,
            10.634335
          ],
          [
            122.957592,
            10.634501
          ],
          [
            122.957694,
            10.634778
          ],
          [
            122.957746,
            10.634909
          ],
          [
            122.957775,
            10.634983
          ],
          [
            122.957847,
            10.635169
          ],
          [
            122.957925,
            10.635365
          ],
          [
            122.958295,
            10.636279
          ],
          [
            122.958523,
            10.636837
          ],
          [
            122.95862,
            10.637074
          ],
          [
            122.958809,
            10.63754
          ],
          [
            122.958852,
            10.637648
          ],
          [
            122.958914,
            10.637792
          ],
          [
            122.959132,
            10.638318
          ],
          [
            122.959182,
            10.638433
          ],
          [
            122.959201,
            10.638503
          ],
          [
            122.959225,
            10.638556
          ],
          [
            122.959355,
            10.638877
          ],
          [
            122.95942,
            10.639033
          ],
          [
            122.959627,
            10.639528
          ],
          [
            122.959664,
            10.639616
          ],
          [
            122.959831,
            10.640009
          ],
          [
            122.959904,
            10.640193
          ],
          [
            122.959974,
            10.64037
          ],
          [
            122.960243,
            10.641035
          ],
          [
            122.960486,
            10.641621
          ],
          [
            122.96061,
            10.641917
          ],
          [
            122.960667,
            10.642061
          ],
          [
            122.960704,
            10.642164
          ],
          [
            122.960762,
            10.642247
          ],
          [
            122.960801,
            10.642314
          ],
          [
            122.960872,
            10.642408
          ],
          [
            122.960938,
            10.642497
          ],
          [
            122.961,
            10.64257
          ],
          [
            122.961095,
            10.642691
          ],
          [
            122.961235,
            10.642863
          ],
          [
            122.961359,
            10.643011
          ],
          [
            122.961587,
            10.643286
          ],
          [
            122.961622,
            10.643329
          ],
          [
            122.961747,
            10.643485
          ],
          [
            122.961897,
            10.643678
          ],
          [
            122.96203,
            10.643829
          ],
          [
            122.96215,
            10.643959
          ],
          [
            122.962301,
            10.644092
          ],
          [
            122.962603,
            10.644382
          ],
          [
            122.963197,
            10.644968
          ],
          [
            122.963574,
            10.645331
          ],
          [
            122.963796,
            10.645553
          ],
          [
            122.964125,
            10.645898
          ],
          [
            122.964291,
            10.646052
          ],
          [
            122.964396,
            10.646155
          ],
          [
            122.964671,
            10.646421
          ],
          [
            122.96487,
            10.646617
          ],
          [
            122.965039,
            10.646824
          ],
          [
            122.965159,
            10.64708
          ],
          [
            122.965206,
            10.647317
          ],
          [
            122.965215,
            10.647626
          ],
          [
            122.96515,
            10.647907
          ],
          [
            122.965099,
            10.64809
          ],
          [
            122.964886,
            10.648786
          ],
          [
            122.964821,
            10.649002
          ],
          [
            122.964727,
            10.649383
          ],
          [
            122.964714,
            10.649506
          ],
          [
            122.964731,
            10.6496
          ],
          [
            122.964771,
            10.64976
          ],
          [
            122.964972,
            10.650253
          ],
          [
            122.965195,
            10.650835
          ],
          [
            122.965332,
            10.651476
          ],
          [
            122.965391,
            10.6519
          ],
          [
            122.965451,
            10.652378
          ],
          [
            122.965461,
            10.652873
          ],
          [
            122.965436,
            10.653437
          ],
          [
            122.965426,
            10.653883
          ],
          [
            122.965412,
            10.654255
          ],
          [
            122.965384,
            10.655468
          ],
          [
            122.96536,
            10.656237
          ],
          [
            122.965337,
            10.657272
          ],
          [
            122.965327,
            10.657613
          ],
          [
            122.965306,
            10.658226
          ],
          [
            122.965299,
            10.65845
          ],
          [
            122.965286,
            10.658741
          ],
          [
            122.965306,
            10.65874
          ],
          [
            122.965343,
            10.658736
          ],
          [
            122.965383,
            10.658721
          ],
          [
            122.965422,
            10.658703
          ],
          [
            122.965771,
            10.658492
          ],
          [
            122.966535,
            10.658007
          ],
          [
            122.966741,
            10.658332
          ],
          [
            122.966758,
            10.658359
          ],
          [
            122.966821,
            10.658461
          ],
          [
            122.966877,
            10.658551
          ],
          [
            122.966924,
            10.658626
          ],
          [
            122.966983,
            10.65872
          ],
          [
            122.967022,
            10.658783
          ],
          [
            122.966749,
            10.658928
          ],
          [
            122.966734,
            10.658948
          ],
          [
            122.966734,
            10.658948
          ],
          [
            122.966737,
            10.658969
          ],
          [
            122.966799,
            10.659086
          ],
          [
            122.966818,
            10.659095
          ],
          [
            122.966841,
            10.659092
          ],
          [
            122.96711,
            10.658925
          ],
          [
            122.967186,
            10.659047
          ],
          [
            122.967235,
            10.659125
          ],
          [
            122.967035,
            10.659246
          ],
          [
            122.966778,
            10.659401
          ],
          [
            122.966465,
            10.659596
          ],
          [
            122.966107,
            10.659806
          ],
          [
            122.966022,
            10.659857
          ],
          [
            122.965502,
            10.660183
          ],
          [
            122.965428,
            10.660071
          ],
          [
            122.965366,
            10.659956
          ],
          [
            122.965336,
            10.659875
          ],
          [
            122.965312,
            10.659804
          ],
          [
            122.965289,
            10.659725
          ],
          [
            122.965277,
            10.659646
          ],
          [
            122.965265,
            10.659557
          ],
          [
            122.965263,
            10.659482
          ],
          [
            122.965286,
            10.658741
          ],
          [
            122.965299,
            10.65845
          ],
          [
            122.965306,
            10.658226
          ],
          [
            122.965327,
            10.657613
          ],
          [
            122.965337,
            10.657272
          ],
          [
            122.96536,
            10.656237
          ],
          [
            122.965384,
            10.655468
          ],
          [
            122.965412,
            10.654255
          ],
          [
            122.965426,
            10.653883
          ],
          [
            122.965436,
            10.653437
          ],
          [
            122.965461,
            10.652873
          ],
          [
            122.965451,
            10.652378
          ],
          [
            122.965391,
            10.6519
          ],
          [
            122.965332,
            10.651476
          ],
          [
            122.965195,
            10.650835
          ],
          [
            122.964972,
            10.650253
          ],
          [
            122.964771,
            10.64976
          ],
          [
            122.964731,
            10.6496
          ],
          [
            122.964714,
            10.649506
          ],
          [
            122.964727,
            10.649383
          ],
          [
            122.964821,
            10.649002
          ],
          [
            122.964886,
            10.648786
          ],
          [
            122.965099,
            10.64809
          ],
          [
            122.96515,
            10.647907
          ],
          [
            122.965215,
            10.647626
          ],
          [
            122.965206,
            10.647317
          ],
          [
            122.965159,
            10.64708
          ],
          [
            122.965039,
            10.646824
          ],
          [
            122.96487,
            10.646617
          ],
          [
            122.964671,
            10.646421
          ],
          [
            122.964396,
            10.646155
          ],
          [
            122.964291,
            10.646052
          ],
          [
            122.964125,
            10.645898
          ],
          [
            122.963796,
            10.645553
          ],
          [
            122.963574,
            10.645331
          ],
          [
            122.963197,
            10.644968
          ],
          [
            122.962603,
            10.644382
          ],
          [
            122.962301,
            10.644092
          ],
          [
            122.96215,
            10.643959
          ],
          [
            122.96203,
            10.643829
          ],
          [
            122.961897,
            10.643678
          ],
          [
            122.961747,
            10.643485
          ],
          [
            122.961622,
            10.643329
          ],
          [
            122.961587,
            10.643286
          ],
          [
            122.961359,
            10.643011
          ],
          [
            122.961235,
            10.642863
          ],
          [
            122.961095,
            10.642691
          ],
          [
            122.961,
            10.64257
          ],
          [
            122.960938,
            10.642497
          ],
          [
            122.960872,
            10.642408
          ],
          [
            122.960801,
            10.642314
          ],
          [
            122.960762,
            10.642247
          ],
          [
            122.960704,
            10.642164
          ],
          [
            122.960667,
            10.642061
          ],
          [
            122.96061,
            10.641917
          ],
          [
            122.960486,
            10.641621
          ],
          [
            122.960243,
            10.641035
          ],
          [
            122.959974,
            10.64037
          ],
          [
            122.959904,
            10.640193
          ],
          [
            122.959831,
            10.640009
          ],
          [
            122.959664,
            10.639616
          ],
          [
            122.959627,
            10.639528
          ],
          [
            122.95942,
            10.639033
          ],
          [
            122.959355,
            10.638877
          ],
          [
            122.959225,
            10.638556
          ],
          [
            122.959201,
            10.638503
          ],
          [
            122.959182,
            10.638433
          ],
          [
            122.959132,
            10.638318
          ],
          [
            122.958914,
            10.637792
          ],
          [
            122.958852,
            10.637648
          ],
          [
            122.958809,
            10.63754
          ],
          [
            122.95862,
            10.637074
          ],
          [
            122.958523,
            10.636837
          ],
          [
            122.958295,
            10.636279
          ],
          [
            122.957925,
            10.635365
          ],
          [
            122.957847,
            10.635169
          ],
          [
            122.957775,
            10.634983
          ],
          [
            122.957746,
            10.634909
          ],
          [
            122.957694,
            10.634778
          ],
          [
            122.957592,
            10.634501
          ],
          [
            122.957525,
            10.634335
          ],
          [
            122.957483,
            10.634236
          ],
          [
            122.957351,
            10.633886
          ],
          [
            122.957132,
            10.633325
          ],
          [
            122.956871,
            10.632692
          ],
          [
            122.956557,
            10.631933
          ],
          [
            122.956509,
            10.631812
          ],
          [
            122.956369,
            10.631405
          ],
          [
            122.95636,
            10.631375
          ],
          [
            122.956256,
            10.631055
          ],
          [
            122.956208,
            10.630909
          ],
          [
            122.956055,
            10.630452
          ],
          [
            122.955904,
            10.629999
          ],
          [
            122.955886,
            10.629943
          ],
          [
            122.955805,
            10.629694
          ],
          [
            122.955573,
            10.628994
          ],
          [
            122.95554,
            10.628854
          ],
          [
            122.955446,
            10.628571
          ],
          [
            122.955398,
            10.628402
          ],
          [
            122.955357,
            10.62828
          ],
          [
            122.955314,
            10.62816
          ],
          [
            122.955273,
            10.628047
          ],
          [
            122.955217,
            10.627908
          ],
          [
            122.955148,
            10.627793
          ],
          [
            122.955057,
            10.627674
          ],
          [
            122.954975,
            10.62758
          ],
          [
            122.954852,
            10.627462
          ],
          [
            122.954796,
            10.627396
          ],
          [
            122.954753,
            10.627343
          ],
          [
            122.954723,
            10.627292
          ],
          [
            122.954697,
            10.627225
          ],
          [
            122.954557,
            10.626751
          ],
          [
            122.954349,
            10.625863
          ],
          [
            122.954181,
            10.62529
          ],
          [
            122.953936,
            10.62434
          ],
          [
            122.95369,
            10.623385
          ],
          [
            122.953505,
            10.622646
          ],
          [
            122.953288,
            10.621837
          ],
          [
            122.953169,
            10.621383
          ],
          [
            122.953047,
            10.621019
          ],
          [
            122.95287,
            10.620527
          ],
          [
            122.952837,
            10.62044
          ],
          [
            122.952733,
            10.620214
          ],
          [
            122.95249,
            10.619619
          ],
          [
            122.95239,
            10.619374
          ],
          [
            122.952246,
            10.619049
          ],
          [
            122.952153,
            10.618828
          ],
          [
            122.951984,
            10.618406
          ],
          [
            122.951904,
            10.618175
          ],
          [
            122.951881,
            10.618014
          ],
          [
            122.951634,
            10.615768
          ],
          [
            122.951626,
            10.615697
          ],
          [
            122.951623,
            10.615664
          ],
          [
            122.951509,
            10.614531
          ],
          [
            122.951459,
            10.614121
          ],
          [
            122.951383,
            10.613533
          ],
          [
            122.951306,
            10.612928
          ],
          [
            122.951275,
            10.612711
          ],
          [
            122.951252,
            10.612586
          ],
          [
            122.951216,
            10.612458
          ],
          [
            122.951119,
            10.612134
          ],
          [
            122.951047,
            10.611909
          ],
          [
            122.950985,
            10.611708
          ],
          [
            122.950903,
            10.611437
          ],
          [
            122.950875,
            10.611345
          ],
          [
            122.950829,
            10.61119
          ],
          [
            122.95073,
            10.610862
          ],
          [
            122.950648,
            10.610589
          ],
          [
            122.950608,
            10.610453
          ],
          [
            122.950575,
            10.610318
          ],
          [
            122.950546,
            10.610175
          ],
          [
            122.950528,
            10.610051
          ],
          [
            122.950311,
            10.610088
          ],
          [
            122.950138,
            10.610117
          ],
          [
            122.949961,
            10.610146
          ],
          [
            122.949725,
            10.610181
          ],
          [
            122.949529,
            10.610203
          ],
          [
            122.949263,
            10.610221
          ],
          [
            122.949027,
            10.610236
          ],
          [
            122.948815,
            10.610249
          ],
          [
            122.948655,
            10.610262
          ],
          [
            122.948508,
            10.610276
          ],
          [
            122.948359,
            10.610297
          ],
          [
            122.948176,
            10.610333
          ],
          [
            122.947994,
            10.610377
          ],
          [
            122.947597,
            10.61047
          ],
          [
            122.947225,
            10.610557
          ],
          [
            122.947,
            10.610607
          ],
          [
            122.946768,
            10.610647
          ],
          [
            122.946532,
            10.610681
          ],
          [
            122.946263,
            10.610708
          ],
          [
            122.945917,
            10.610732
          ],
          [
            122.945187,
            10.610784
          ],
          [
            122.944797,
            10.610796
          ],
          [
            122.94426,
            10.610831
          ],
          [
            122.944021,
            10.610807
          ],
          [
            122.943872,
            10.610781
          ],
          [
            122.943078,
            10.610647
          ],
          [
            122.94281,
            10.610645
          ],
          [
            122.942615,
            10.610672
          ],
          [
            122.942457,
            10.610708
          ],
          [
            122.942441,
            10.610711
          ],
          [
            122.942171,
            10.610786
          ],
          [
            122.942118,
            10.6108
          ],
          [
            122.941927,
            10.61088
          ],
          [
            122.941293,
            10.611155
          ],
          [
            122.940418,
            10.611559
          ],
          [
            122.939375,
            10.61199
          ],
          [
            122.939046,
            10.612086
          ],
          [
            122.938816,
            10.612153
          ],
          [
            122.938572,
            10.612209
          ],
          [
            122.938277,
            10.612275
          ],
          [
            122.938156,
            10.612312
          ],
          [
            122.937579,
            10.612618
          ],
          [
            122.936902,
            10.612977
          ],
          [
            122.936737,
            10.613052
          ],
          [
            122.936642,
            10.613088
          ],
          [
            122.936567,
            10.613114
          ],
          [
            122.936152,
            10.613212
          ],
          [
            122.935697,
            10.613321
          ],
          [
            122.934937,
            10.613502
          ],
          [
            122.934558,
            10.61359
          ],
          [
            122.933988,
            10.613725
          ],
          [
            122.933415,
            10.613866
          ],
          [
            122.933084,
            10.613948
          ],
          [
            122.932994,
            10.613572
          ],
          [
            122.932913,
            10.613234
          ],
          [
            122.932834,
            10.612905
          ],
          [
            122.932712,
            10.612445
          ]
        ],
        "type": "LineString"
      }
    }
  ]
}